{
  "verses": [
    {
      "verseNumber": 0,
      "verseString": "بِسْمِ اللَّهِ الرَّحْمَٰنِ الرَّحِيمِ",
      "verseStringB": "In\u1d43 the name of Alla\u0304h,\u1d47 the Beneficent, the Merciful.\u1d9c"
    },
    {
      "verseNumber": 1,
      "verseString": "قُلْ يَا أَيُّهَا الْكَافِرُونَ",
      "verseStringB": "Say: O disbelievers,"
    },
    {
      "verseNumber": 2,
      "verseString": "لَا أَعْبُدُ مَا تَعْبُدُونَ",
      "verseStringB": "I serve not what you serve,"
    },
    {
      "verseNumber": 3,
      "verseString": "وَلَا أَنْتُمْ عَابِدُونَ مَا أَعْبُدُ",
      "verseStringB": "Nor do you serve Him Whom I serve,"
    },
    {
      "verseNumber": 4,
      "verseString": "وَلَا أَنَا عَابِدٌ مَا عَبَدْتُمْ",
      "verseStringB": "Nor shall I serve that which ye serve,"
    },
    {
      "verseNumber": 5,
      "verseString": "وَلَا أَنْتُمْ عَابِدُونَ مَا أَعْبُدُ",
      "verseStringB": " Nor do you serve Him Whom I serve."
    },
    {
      "verseNumber": 6,
      "verseString": "لَكُمْ دِينُكُمْ وَلِيَ دِينِ",
      "verseStringB": "For you is your recompense and for me my recompense.\u1d43”"
    }
  ],
  "nameEnglish": "The Disbelievers",
  "nameTrans": "al-Kafirun",
  "nameArabic": "الـكافرون",
  "chapterNumber": 109,
  "nVerses": 6,
   "footnotes": [
    { 
	  "note": "6a. Among the various significances of dßn is recompense or reward (LL), and thisis what is meant here. It is a prophecy that those who serve Allåh will have a goodlyreward from Him, while those who serve idols will not obtain any help from their falsegods. The next chapter refers to the reward of the truthful, Divine help and victory, andmen entering into Islåm in hosts, while the one following it shows that the recompenseof the idol-worshippers is that their wealth and all their efforts will be entirely unavailing. Those who think that these words indicate that the Holy Prophet had despaired ofthe disbelievers are mistaken. Not for a single moment did he cease to invite the disbelievers to accept Islåm and to forsake the worship of idols."
	} 
  ]
}