{
  "verses": [
    {
      "verseNumber": 0,
      "verseString": "بِسْمِ اللَّهِ الرَّحْمَٰنِ الرَّحِيمِ",
      "verseStringB": "In\u1d43 the name of Alla\u0304h,\u1d47 the Beneficent, the Merciful.\u1d9c"
    },
    {
      "verseNumber": 1,
      "verseString": "إِذَا جَاءَ نَصْرُ اللَّهِ وَالْفَتْحُ",
      "verseStringB": "When Alla\u0304h’s help and victory comes,\u1d43"
    },
    {
      "verseNumber": 2,
      "verseString": "وَرَأَيْتَ النَّاسَ يَدْخُلُونَ فِي دِينِ اللَّهِ أَفْوَاجًا",
      "verseStringB": "And thou seest men entering the religion of Alla\u0304h in companies,"
    },
    {
      "verseNumber": 3,
      "verseString": "فَسَبِّحْ بِحَمْدِ رَبِّكَ وَاسْتَغْفِرْهُ ۚ إِنَّهُ كَانَ تَوَّابًا",
      "verseStringB": "Celebrate the praise of thy Lord and ask His protection.\u1d43 Surely He is ever Returning (to mercy)."
    }
  ],
  "nameEnglish": "Victory",
  "nameTrans": "an-Nasr",
  "nameArabic": "الـنصر",
  "chapterNumber": 110,
  "nVerses": 3,
  "footnotes": [
    { 
	  "note": "1a. The great victory which had come was the triumph of the religion of Islåm in thewhole of Arabia. Deputation after deputation from all parts of Arabia came to Madßnahand accepted Islåm. History does not present another example of the wonderful transformation wrought by the Prophet within the short space of twenty years.\n\n3a. On witnessing the greatest triumph known to history, the Prophet is told to celebrate the praise of his Lord, and to ask protection. For whom was protection to be asked?If it was for himself, it was a protection against elation at an unprecedented victory,because elation ill befitted a Teacher of righteousness. But more likely, he was requiredto ask protection for the masses which were now accepting Islåm in companies. In fact hewas required to ask Divine forgiveness or protection for his erstwhile oppressors, forgiveness for his deadly enemies, who were guilty of the gravest crimes."
	} 
  ]
}