{
  "verses": [
    {
      "verseNumber": 0,
      "verseString": "بِسْمِ اللَّهِ الرَّحْمَٰنِ الرَّحِيمِ",
      "verseStringB": "In\u1d43 the name of Alla\u0304h,\u1d47 the Beneficent, the Merciful.\u1d9c"
    },
    {
      "verseNumber": 1,
      "verseString": "إِذَا السَّمَاءُ انْشَقَّتْ",
      "verseStringB": "When the heaven bursts asunder,\u1d43"
    },
    {
      "verseNumber": 2,
      "verseString": "وَأَذِنَتْ لِرَبِّهَا وَحُقَّتْ",
      "verseStringB": "And listens to its Lord and is made fit;\u1d43"
    },
    {
      "verseNumber": 3,
      "verseString": "وَإِذَا الْأَرْضُ مُدَّتْ",
      "verseStringB": "And when the earth is stretched,\u1d43"
    },
    {
      "verseNumber": 4,
      "verseString": "وَأَلْقَتْ مَا فِيهَا وَتَخَلَّتْ",
      "verseStringB": "And casts forth what is in it and becomes empty,"
    },
    {
      "verseNumber": 5,
      "verseString": "وَأَذِنَتْ لِرَبِّهَا وَحُقَّتْ",
      "verseStringB": "And listens to its Lord and is made fit."
    },
    {
      "verseNumber": 6,
      "verseString": "يَا أَيُّهَا الْإِنْسَانُ إِنَّكَ كَادِحٌ إِلَىٰ رَبِّكَ كَدْحًا فَمُلَاقِيهِ",
      "verseStringB": "O man, thou must strive a hard striving (to attain) to thy Lord, until thou meet Him.\u1d43"
    },
    {
      "verseNumber": 7,
      "verseString": "فَأَمَّا مَنْ أُوتِيَ كِتَابَهُ بِيَمِينِهِ",
      "verseStringB": "Then as to him who is given his book in his right hand,"
    },
    {
      "verseNumber": 8,
      "verseString": "فَسَوْفَ يُحَاسَبُ حِسَابًا يَسِيرًا",
      "verseStringB": "His account will be taken by an easy reckoning,"
    },
    {
      "verseNumber": 9,
      "verseString": "وَيَنْقَلِبُ إِلَىٰ أَهْلِهِ مَسْرُورًا",
      "verseStringB": "And he will go back to his people rejoicing."
    },
    {
      "verseNumber": 10,
      "verseString": "وَأَمَّا مَنْ أُوتِيَ كِتَابَهُ وَرَاءَ ظَهْرِهِ",
      "verseStringB": "And as to him who is given his book behind his back,"
    },
    {
      "verseNumber": 11,
      "verseString": "فَسَوْفَ يَدْعُو ثُبُورًا",
      "verseStringB": " He will call for perdition."
    },
    {
      "verseNumber": 12,
      "verseString": "وَيَصْلَىٰ سَعِيرًا",
      "verseStringB": "And enter into burning Fire."
    },
    {
      "verseNumber": 13,
      "verseString": "إِنَّهُ كَانَ فِي أَهْلِهِ مَسْرُورًا",
      "verseStringB": "Surely he was (erstwhile) joyful among his people."
    },
    {
      "verseNumber": 14,
      "verseString": "إِنَّهُ ظَنَّ أَنْ لَنْ يَحُورَ",
      "verseStringB": "Surely he thought that he would never return (to Alla\u0304h) â€”"
    },
    {
      "verseNumber": 15,
      "verseString": "بَلَىٰ إِنَّ رَبَّهُ كَانَ بِهِ بَصِيرًا",
      "verseStringB": " Yea, surely his Lord is ever Seer of him."
    },
    {
      "verseNumber": 16,
      "verseString": "فَلَا أُقْسِمُ بِالشَّفَقِ",
      "verseStringB": "But nay, I call to witness the sunset redness,"
    },
    {
      "verseNumber": 17,
      "verseString": "وَاللَّيْلِ وَمَا وَسَقَ",
      "verseStringB": "And the night and that which it drives on,"
    },
    {
      "verseNumber": 18,
      "verseString": "وَالْقَمَرِ إِذَا اتَّسَقَ",
      "verseStringB": "And the moon when it grows full,\u1d43"
    },
    {
      "verseNumber": 19,
      "verseString": "لَتَرْكَبُنَّ طَبَقًا عَنْ طَبَقٍ",
      "verseStringB": "That you shall certainly ascend to one state after another.\u1d43"
    },
    {
      "verseNumber": 20,
      "verseString": "فَمَا لَهُمْ لَا يُؤْمِنُونَ",
      "verseStringB": " But what is the matter with them that they believe not?"
    },
    {
      "verseNumber": 21,
      "verseString": "وَإِذَا قُرِئَ عَلَيْهِمُ الْقُرْآنُ لَا يَسْجُدُونَ ۩",
      "verseStringB": "And, when the Qurâ€™a\u0304n is recited to them, they adore (Him) not?\u1d43"
    },
    {
      "verseNumber": 22,
      "verseString": "بَلِ الَّذِينَ كَفَرُوا يُكَذِّبُونَ",
      "verseStringB": "Nay, those who disbelieve give the lie â€”"
    },
    {
      "verseNumber": 23,
      "verseString": "وَاللَّهُ أَعْلَمُ بِمَا يُوعُونَ",
      "verseStringB": "And Alla\u0304h knows best what they hide."
    },
    {
      "verseNumber": 24,
      "verseString": "فَبَشِّرْهُمْ بِعَذَابٍ أَلِيمٍ",
      "verseStringB": "So announce to them a painful chastisement,"
    },
    {
      "verseNumber": 25,
      "verseString": "إِلَّا الَّذِينَ آمَنُوا وَعَمِلُوا الصَّالِحَاتِ لَهُمْ أَجْرٌ غَيْرُ مَمْنُونٍ",
      "verseStringB": "Except those who believe and do good â€” for them is a reward that shall never be cut off."
    }
  ],
  "nameEnglish": "The Rupture",
  "nameTrans": "al-Inshiqaq",
  "nameArabic": "الانشقاق",
  "chapterNumber": 84,
  "nVerses": 25,
  "footnotes": [
    { 
      "note": "1a. The first five verses of this chapter speak of an ordinary phenomenon of nature,viz., the coming down of rain and the growth of vegetation, as a reference to the transformation which was to be brought about by the Divine revelation. The bursting asunderof heaven here stands for the coming down of rain; compare 25:25: “And on the daywhen the heaven bursts asunder with clouds”.\n\n2a. Adhina la-h∂ signifies he listened to him (LL). By the cloud or heaven listeningto its Lord here, and the earth listening to its Lord in v. 5, is meant their obedience toHis commandment. To both phrases is added the word √uqqat, signifying that they aremade suitable or fit for listening to and obeying the Divine commandments, i.e., it istheir very nature to be entirely submissive to the Divine commandments.\n\n3a. Madda-h∂ signifies he pulled it, strained it, extended it by drawing or pulling,stretched it, extended it (LL). The stretching of the earth signifies the same as its stirringand swelling in 22:5 and 41:39. “And of His signs is this, that thou seest the earth still,but when We send down water thereon, it stirs and swells” (41:39); see 41:39a, wherethe meaning is explained to be the producing of herbage, the expression here, as there,signifying metaphorically that Divine revelation gives spiritual life to man. The meaningof the earth being stretched is explained in the next verse: it casts forth what is in it andbecomes empty, i.e., the treasures of life latent within it are brought to light by the coming down of rain.\n\n6a. This is the conclusion to which a consideration of the first five verses leads. Manmust strive hard to attain to his Lord. Those who do this are ultimately joyful(v. 9), but those who give themselves up to the pleasures of this life (v. 13) shall afterwards be in a sad plight (v. 11).\n\n18a. Verses 16 –18 draw attention to another phenomenon of nature, thereby indicating the departure of the power of the opponents of Truth. The shafaq, or the sunsetredness, stands here for the disappearing sun of the power of the opponents, the night ofadversity, which was now to overtake them, driving before it what vestige of light hadremained. But they were not to remain submerged in darkness forever, for the moon (theHoly Prophet) had already made its appearance and would soon grow full, when theArab nation was to march forth to conquer the world, the moon being a symbol of thepower of the Arabs. For an alternative significance, see next note.\n\n19a. According to I‘Ab, this verse speaks of the advancement of the cause of theProphet (B. 65:84, 2). The people addressed here are thus the Muslims, who are told thatthey will go on making progress in the world, but it will be a gradual progress, and theremay be set-backs. But the ultimate state would be one of triumph. In this case the nightspoken of in the previous verse would mean the adversities which Islåm itself will haveto face, and the full moon would indicate its final triumph. The commentators alsoexplain this verse as being a prophecy of the ultimate triumph of Islåm (Rz).\n\n21a. An actual prostration follows the recital of this verse; see 7:206a."
	} 
  ]
}