{
  "verses": [
    {
      "verseNumber": 0,
      "verseString": "بِسْمِ اللَّهِ الرَّحْمَٰنِ الرَّحِيمِ",
      "verseStringB": "In\u1d43 the name of Alla\u0304h,\u1d47 the Beneficent, the Merciful.\u1d9c"
    },
    {
      "verseNumber": 1,
      "verseString": "وَاللَّيْلِ إِذَا يَغْشَىٰ",
      "verseStringB": "By the night when it draws a veil!"
    },
    {
      "verseNumber": 2,
      "verseString": "وَالنَّهَارِ إِذَا تَجَلَّىٰ",
      "verseStringB": "And the day when it shines!"
    },
    {
      "verseNumber": 3,
      "verseString": "وَمَا خَلَقَ الذَّكَرَ وَالْأُنْثَىٰ",
      "verseStringB": "And the creating of the male and the female! â€”"
    },
    {
      "verseNumber": 4,
      "verseString": "إِنَّ سَعْيَكُمْ لَشَتَّىٰ",
      "verseStringB": "Your striving is surely (for) diverse (ends).\u1d43"
    },
    {
      "verseNumber": 5,
      "verseString": "فَأَمَّا مَنْ أَعْطَىٰ وَاتَّقَىٰ",
      "verseStringB": "Then as for him who gives and keeps his duty,"
    },
    {
      "verseNumber": 6,
      "verseString": "وَصَدَّقَ بِالْحُسْنَىٰ",
      "verseStringB": "And accepts what is good â€”"
    },
    {
      "verseNumber": 7,
      "verseString": "فَسَنُيَسِّرُهُ لِلْيُسْرَىٰ",
      "verseStringB": "We facilitate for him (the way to) ease."
    },
    {
      "verseNumber": 8,
      "verseString": "وَأَمَّا مَنْ بَخِلَ وَاسْتَغْنَىٰ",
      "verseStringB": "And as for him who is niggardly and considers himself self-sufficient,"
    },
    {
      "verseNumber": 9,
      "verseString": "وَكَذَّبَ بِالْحُسْنَىٰ",
      "verseStringB": "And rejects what is good â€”"
    },
    {
      "verseNumber": 10,
      "verseString": "فَسَنُيَسِّرُهُ لِلْعُسْرَىٰ",
      "verseStringB": "We facilitate for him (the way to) distress."
    },
    {
      "verseNumber": 11,
      "verseString": "وَمَا يُغْنِي عَنْهُ مَالُهُ إِذَا تَرَدَّىٰ",
      "verseStringB": "And his wealth will not avail him when he perishes.\u1d43"
    },
    {
      "verseNumber": 12,
      "verseString": "إِنَّ عَلَيْنَا لَلْهُدَىٰ",
      "verseStringB": "Surely Ours is it to show the way,"
    },
    {
      "verseNumber": 13,
      "verseString": "وَإِنَّ لَنَا لَلْآخِرَةَ وَالْأُولَىٰ",
      "verseStringB": "And surely Ours is the Hereafter and the former.\u1d43"
    },
    {
      "verseNumber": 14,
      "verseString": "فَأَنْذَرْتُكُمْ نَارًا تَلَظَّىٰ",
      "verseStringB": "So I warn you of the Fire that flames."
    },
    {
      "verseNumber": 15,
      "verseString": "لَا يَصْلَاهَا إِلَّا الْأَشْقَى",
      "verseStringB": "None will enter it but the most unfortunate,"
    },
    {
      "verseNumber": 16,
      "verseString": "الَّذِي كَذَّبَ وَتَوَلَّىٰ",
      "verseStringB": "Who rejects (the truth) and turns (his) back."
    },
    {
      "verseNumber": 17,
      "verseString": "وَسَيُجَنَّبُهَا الْأَتْقَى",
      "verseStringB": "And away from it shall be kept the most faithful to duty,"
    },
    {
      "verseNumber": 18,
      "verseString": "الَّذِي يُؤْتِي مَالَهُ يَتَزَكَّىٰ",
      "verseStringB": "Who gives his wealth, purifying himself,"
    },
    {
      "verseNumber": 19,
      "verseString": "وَمَا لِأَحَدٍ عِنْدَهُ مِنْ نِعْمَةٍ تُجْزَىٰ",
      "verseStringB": "And none has with him any boon for a reward,"
    },
    {
      "verseNumber": 20,
      "verseString": "إِلَّا ابْتِغَاءَ وَجْهِ رَبِّهِ الْأَعْلَىٰ",
      "verseStringB": " Except the seeking of the pleasure of his Lord,\u1d43 the Most High."
    },
    {
      "verseNumber": 21,
      "verseString": "وَلَسَوْفَ يَرْضَىٰ",
      "verseStringB": "And he will soon be well-pleased."
    }
  ],
  "nameEnglish": "The Night",
  "nameTrans": "al-Layl",
  "nameArabic": "اللـيـل",
  "chapterNumber": 92,
  "nVerses": 21,
  
"footnotes": [
    { 
      "note": "4a. Evil is here compared with the darkness of the night and good with the light ofday. The creation of the male and the female, which stands for the creation of the wholeof animate nature, because all living beings are created either male or female, is also awitness to the same truth, for there we find everyone striving for an end, and everyonereaping according to the manner of his striving.\n\n11a. The two examples given in these verses represent those who accept and thosewho reject the Truth, respectively; the one goes on doing good deeds, finding his wayquite easy, until he finds himself in ease, and the other goes on doing evil, the doing ofwhich seems easy to him, until he finds himself in distress.\n\n13a. The wicked one is here told that he will find himself in distress not only in theHereafter but also in this life, as God has control of both. Or the åkhirah here is what iscoming later — what is promised — and the ∂lå the present state.\n\n20a. The pleasure of the Lord is the only boon for which a man should hope, andhence this is the goal of a Muslim’s life — his paradise in this as well as the next life.This is in accordance with what is said in 9:72, one of the latest revelations: “And greatest of all is Allåh’s goodly pleasure. That is the grand achievement”."
	} 
  ]
}