{
  "verses": [
    {
      "verseNumber": 0,
      "verseString": "بِسْمِ اللَّهِ الرَّحْمَٰنِ الرَّحِيمِ",
      "verseStringB": "In the name of Allah, the Compassionate, the Merciful."
    },
    {
      "verseNumber": 1,
      "verseString": "يَا أَيُّهَا الَّذِينَ آمَنُوا أَوْفُوا بِالْعُقُودِ ۚ أُحِلَّتْ لَكُمْ بَهِيمَةُ الْأَنْعَامِ إِلَّا مَا يُتْلَىٰ عَلَيْكُمْ غَيْرَ مُحِلِّي الصَّيْدِ وَأَنْتُمْ حُرُمٌ ۗ إِنَّ اللَّهَ يَحْكُمُ مَا يُرِيدُ",
      "verseStringB": "O you who believe! Fulfill your agreements. Livestock animals are permitted for you, except those specified to you; but not wild game while you are in pilgrim sanctity. Allah decrees whatever He wills."
    },
    {
      "verseNumber": 2,
      "verseString": "يَا أَيُّهَا الَّذِينَ آمَنُوا لَا تُحِلُّوا شَعَائِرَ اللَّهِ وَلَا الشَّهْرَ الْحَرَامَ وَلَا الْهَدْيَ وَلَا الْقَلَائِدَ وَلَا آمِّينَ الْبَيْتَ الْحَرَامَ يَبْتَغُونَ فَضْلًا مِنْ رَبِّهِمْ وَرِضْوَانًا ۚ وَإِذَا حَلَلْتُمْ فَاصْطَادُوا ۚ وَلَا يَجْرِمَنَّكُمْ شَنَآنُ قَوْمٍ أَنْ صَدُّوكُمْ عَنِ الْمَسْجِدِ الْحَرَامِ أَنْ تَعْتَدُوا ۘ وَتَعَاوَنُوا عَلَى الْبِرِّ وَالتَّقْوَىٰ ۖ وَلَا تَعَاوَنُوا عَلَى الْإِثْمِ وَالْعُدْوَانِ ۚ وَاتَّقُوا اللَّهَ ۖ إِنَّ اللَّهَ شَدِيدُ الْعِقَابِ",
      "verseStringB": "O you who believe! Do not violate Allah’s sacraments, nor the Sacred Month, nor the offerings, nor the garlanded, nor those heading for the Sacred House seeking blessings from their Lord, and approval. When you have left pilgrim sanctity, you may hunt. And let not the hatred of a people who once barred you from the Sacred Mosque lead you to aggression. And cooperate with one another in virtuous conduct and reverence, and do not cooperate with one another in sin and hostility. And revere Allah. Allah is severe in retribution."
    },
    {
      "verseNumber": 3,
      "verseString": "حُرِّمَتْ عَلَيْكُمُ الْمَيْتَةُ وَالدَّمُ وَلَحْمُ الْخِنْزِيرِ وَمَا أُهِلَّ لِغَيْرِ اللَّهِ بِهِ وَالْمُنْخَنِقَةُ وَالْمَوْقُوذَةُ وَالْمُتَرَدِّيَةُ وَالنَّطِيحَةُ وَمَا أَكَلَ السَّبُعُ إِلَّا مَا ذَكَّيْتُمْ وَمَا ذُبِحَ عَلَى النُّصُبِ وَأَنْ تَسْتَقْسِمُوا بِالْأَزْلَامِ ۚ ذَٰلِكُمْ فِسْقٌ ۗ الْيَوْمَ يَئِسَ الَّذِينَ كَفَرُوا مِنْ دِينِكُمْ فَلَا تَخْشَوْهُمْ وَاخْشَوْنِ ۚ الْيَوْمَ أَكْمَلْتُ لَكُمْ دِينَكُمْ وَأَتْمَمْتُ عَلَيْكُمْ نِعْمَتِي وَرَضِيتُ لَكُمُ الْإِسْلَامَ دِينًا ۚ فَمَنِ اضْطُرَّ فِي مَخْمَصَةٍ غَيْرَ مُتَجَانِفٍ لِإِثْمٍ ۙ فَإِنَّ اللَّهَ غَفُورٌ رَحِيمٌ",
      "verseStringB": "Prohibited for you are carrion, and blood, and the flesh of swine, and animals over which any name other than Allah's was pronounced; also the flesh of strangled animals, or killed violently, or killed by a fall, or gored to death, or mangled by wild animals—unless you purify—and animals sacrificed on altars, and the practice of drawing lots. For it is immoral. This day, those who disbelieve have despaired of your religion, so do not fear them, but fear Me. This day, I have perfected your religion for you, and have completed My favor upon you, and have approved for you as a religion, Submission. But whoever is compelled by hunger, with no intent of wrongdoing, then surely Allah is Forgiving and Merciful."
    },
    {
      "verseNumber": 4,
      "verseString": "يَسْأَلُونَكَ مَاذَا أُحِلَّ لَهُمْ ۖ قُلْ أُحِلَّ لَكُمُ الطَّيِّبَاتُ ۙ وَمَا عَلَّمْتُمْ مِنَ الْجَوَارِحِ مُكَلِّبِينَ تُعَلِّمُونَهُنَّ مِمَّا عَلَّمَكُمُ اللَّهُ ۖ فَكُلُوا مِمَّا أَمْسَكْنَ عَلَيْكُمْ وَاذْكُرُوا اسْمَ اللَّهِ عَلَيْهِ ۖ وَاتَّقُوا اللَّهَ ۚ إِنَّ اللَّهَ سَرِيعُ الْحِسَابِ",
      "verseStringB": "They ask you what is permissible for them. Say, “Permissible for you are all good things, including what trained dogs and falcons catch for you.” You train them according to what Allah has taught you. So eat from what they catch for you, and pronounce Allah’s name over it. And be cautious of Allah. Allah is Swift in reckoning."
    },
    {
      "verseNumber": 5,
      "verseString": "الْيَوْمَ أُحِلَّ لَكُمُ الطَّيِّبَاتُ ۖ وَطَعَامُ الَّذِينَ أُوتُوا الْكِتَابَ حِلٌّ لَكُمْ وَطَعَامُكُمْ حِلٌّ لَهُمْ ۖ وَالْمُحْصَنَاتُ مِنَ الْمُؤْمِنَاتِ وَالْمُحْصَنَاتُ مِنَ الَّذِينَ أُوتُوا الْكِتَابَ مِنْ قَبْلِكُمْ إِذَا آتَيْتُمُوهُنَّ أُجُورَهُنَّ مُحْصِنِينَ غَيْرَ مُسَافِحِينَ وَلَا مُتَّخِذِي أَخْدَانٍ ۗ وَمَنْ يَكْفُرْ بِالْإِيمَانِ فَقَدْ حَبِطَ عَمَلُهُ وَهُوَ فِي الْآخِرَةِ مِنَ الْخَاسِرِينَ",
      "verseStringB": "This day, all good things are made lawful for you. And the food of those given the Scripture is lawful for you, and your food is lawful for them. So are virtuous believing women, and virtuous women from the people who were given the Scripture before you, provided you give them their compensations, and you take them in marriage, not in adultery, nor as mistresses. But whoever rejects faith, his works will be in vain, and in the Hereafter, he will be among the losers."
    },
    {
      "verseNumber": 6,
      "verseString": "يَا أَيُّهَا الَّذِينَ آمَنُوا إِذَا قُمْتُمْ إِلَى الصَّلَاةِ فَاغْسِلُوا وُجُوهَكُمْ وَأَيْدِيَكُمْ إِلَى الْمَرَافِقِ وَامْسَحُوا بِرُءُوسِكُمْ وَأَرْجُلَكُمْ إِلَى الْكَعْبَيْنِ ۚ وَإِنْ كُنْتُمْ جُنُبًا فَاطَّهَّرُوا ۚ وَإِنْ كُنْتُمْ مَرْضَىٰ أَوْ عَلَىٰ سَفَرٍ أَوْ جَاءَ أَحَدٌ مِنْكُمْ مِنَ الْغَائِطِ أَوْ لَامَسْتُمُ النِّسَاءَ فَلَمْ تَجِدُوا مَاءً فَتَيَمَّمُوا صَعِيدًا طَيِّبًا فَامْسَحُوا بِوُجُوهِكُمْ وَأَيْدِيكُمْ مِنْهُ ۚ مَا يُرِيدُ اللَّهُ لِيَجْعَلَ عَلَيْكُمْ مِنْ حَرَجٍ وَلَٰكِنْ يُرِيدُ لِيُطَهِّرَكُمْ وَلِيُتِمَّ نِعْمَتَهُ عَلَيْكُمْ لَعَلَّكُمْ تَشْكُرُونَ",
      "verseStringB": "O you who believe! When you rise to perform the prayer, wash your faces, and your hands, and your arms to the elbows, and wipe your heads, and your feet to the ankles. If you had intercourse, purify yourselves. If you are ill, or on a journey, or one of you returns from the toilet, or you had contact with women, and cannot find water, then purify yourselves with clean sand by wiping your faces and hands with it. Allah does not intend to burden you, but He intends to purify you, and to complete His favor upon you, so you may be thankful."
    },
    {
      "verseNumber": 7,
      "verseString": "وَاذْكُرُوا نِعْمَةَ اللَّهِ عَلَيْكُمْ وَمِيثَاقَهُ الَّذِي وَاثَقَكُمْ بِهِ إِذْ قُلْتُمْ سَمِعْنَا وَأَطَعْنَا ۖ وَاتَّقُوا اللَّهَ ۚ إِنَّ اللَّهَ عَلِيمٌ بِذَاتِ الصُّدُورِ",
      "verseStringB": "And Remember Allah’s favor upon you, and His covenant which He covenanted with you, when you said, “We hear and we obey.” And remain conscious of Allah; surely Allah knows what the hearts contain."
    },
    {
      "verseNumber": 8,
      "verseString": "يَا أَيُّهَا الَّذِينَ آمَنُوا كُونُوا قَوَّامِينَ لِلَّهِ شُهَدَاءَ بِالْقِسْطِ ۖ وَلَا يَجْرِمَنَّكُمْ شَنَآنُ قَوْمٍ عَلَىٰ أَلَّا تَعْدِلُوا ۚ اعْدِلُوا هُوَ أَقْرَبُ لِلتَّقْوَىٰ ۖ وَاتَّقُوا اللَّهَ ۚ إِنَّ اللَّهَ خَبِيرٌ بِمَا تَعْمَلُونَ",
      "verseStringB": "O you who believe! Be upright to Allah, witnessing with justice. And let not hatred of any people prevent you from acting justly. Adhere to justice, for that is nearer to piety. And remember Allah. Allah is informed of what you do."
    },
    {
      "verseNumber": 9,
      "verseString": "وَعَدَ اللَّهُ الَّذِينَ آمَنُوا وَعَمِلُوا الصَّالِحَاتِ ۙ لَهُمْ مَغْفِرَةٌ وَأَجْرٌ عَظِيمٌ",
      "verseStringB": "To those who believe and perform righteous deeds, Allah has promised forgiveness and a great reward."
    },
    {
      "verseNumber": 10,
      "verseString": "وَالَّذِينَ كَفَرُوا وَكَذَّبُوا بِآيَاتِنَا أُولَٰئِكَ أَصْحَابُ الْجَحِيمِ",
      "verseStringB": "As for those who disbelieve and reject Our revelations—these are the inmates of the Blaze."
    },
    {
      "verseNumber": 11,
      "verseString": "يَا أَيُّهَا الَّذِينَ آمَنُوا اذْكُرُوا نِعْمَتَ اللَّهِ عَلَيْكُمْ إِذْ هَمَّ قَوْمٌ أَنْ يَبْسُطُوا إِلَيْكُمْ أَيْدِيَهُمْ فَكَفَّ أَيْدِيَهُمْ عَنْكُمْ ۖ وَاتَّقُوا اللَّهَ ۚ وَعَلَى اللَّهِ فَلْيَتَوَكَّلِ الْمُؤْمِنُونَ",
      "verseStringB": "O you who believe! Remember Allah's favor upon you; when certain people intended to extend their hands against you, and He restrained their hands from you. So reverence Allah, and in Allah let the believers trust."
    },
    {
      "verseNumber": 12,
      "verseString": "وَلَقَدْ أَخَذَ اللَّهُ مِيثَاقَ بَنِي إِسْرَائِيلَ وَبَعَثْنَا مِنْهُمُ اثْنَيْ عَشَرَ نَقِيبًا ۖ وَقَالَ اللَّهُ إِنِّي مَعَكُمْ ۖ لَئِنْ أَقَمْتُمُ الصَّلَاةَ وَآتَيْتُمُ الزَّكَاةَ وَآمَنْتُمْ بِرُسُلِي وَعَزَّرْتُمُوهُمْ وَأَقْرَضْتُمُ اللَّهَ قَرْضًا حَسَنًا لَأُكَفِّرَنَّ عَنْكُمْ سَيِّئَاتِكُمْ وَلَأُدْخِلَنَّكُمْ جَنَّاتٍ تَجْرِي مِنْ تَحْتِهَا الْأَنْهَارُ ۚ فَمَنْ كَفَرَ بَعْدَ ذَٰلِكَ مِنْكُمْ فَقَدْ ضَلَّ سَوَاءَ السَّبِيلِ",
      "verseStringB": "Allah received a pledge from the Children of Israel. And We raised among them twelve leaders. And Allah said, “I am with you; if you perform the prayer, and pay the purifying alms, and believe in My messengers and support them, and lend Allah a loan of righteousness; I will remit your sins, and will admit you into Gardens beneath which rivers flow. But whoever among you disbelieves afterward, has strayed from the right way.”"
    },
    {
      "verseNumber": 13,
      "verseString": "فَبِمَا نَقْضِهِمْ مِيثَاقَهُمْ لَعَنَّاهُمْ وَجَعَلْنَا قُلُوبَهُمْ قَاسِيَةً ۖ يُحَرِّفُونَ الْكَلِمَ عَنْ مَوَاضِعِهِ ۙ وَنَسُوا حَظًّا مِمَّا ذُكِّرُوا بِهِ ۚ وَلَا تَزَالُ تَطَّلِعُ عَلَىٰ خَائِنَةٍ مِنْهُمْ إِلَّا قَلِيلًا مِنْهُمْ ۖ فَاعْفُ عَنْهُمْ وَاصْفَحْ ۚ إِنَّ اللَّهَ يُحِبُّ الْمُحْسِنِينَ",
      "verseStringB": "Because of their breaking their pledge, We cursed them, and We hardened their hearts. They distort the meaning of the Word, and they disregarded some of what they were reminded of. You will always witness deceit from them, except for a few of them. But pardon them, and overlook. Allah loves the doers of good."
    },
    {
      "verseNumber": 14,
      "verseString": "وَمِنَ الَّذِينَ قَالُوا إِنَّا نَصَارَىٰ أَخَذْنَا مِيثَاقَهُمْ فَنَسُوا حَظًّا مِمَّا ذُكِّرُوا بِهِ فَأَغْرَيْنَا بَيْنَهُمُ الْعَدَاوَةَ وَالْبَغْضَاءَ إِلَىٰ يَوْمِ الْقِيَامَةِ ۚ وَسَوْفَ يُنَبِّئُهُمُ اللَّهُ بِمَا كَانُوا يَصْنَعُونَ",
      "verseStringB": "And from those who say, “We are Christians,” We received their pledge, but they neglected some of what they were reminded of. So We provoked enmity and hatred among them, until the Day of Resurrection. And Allah will inform them of what they used to craft."
    },
    {
      "verseNumber": 15,
      "verseString": "يَا أَهْلَ الْكِتَابِ قَدْ جَاءَكُمْ رَسُولُنَا يُبَيِّنُ لَكُمْ كَثِيرًا مِمَّا كُنْتُمْ تُخْفُونَ مِنَ الْكِتَابِ وَيَعْفُو عَنْ كَثِيرٍ ۚ قَدْ جَاءَكُمْ مِنَ اللَّهِ نُورٌ وَكِتَابٌ مُبِينٌ",
      "verseStringB": "O People of the Scripture! Our Messenger has come to you, clarifying for you much of what you kept hidden of the Scripture, and overlooking much. There has come to you, from Allah, a light and a clear Book."
    },
    {
      "verseNumber": 16,
      "verseString": "يَهْدِي بِهِ اللَّهُ مَنِ اتَّبَعَ رِضْوَانَهُ سُبُلَ السَّلَامِ وَيُخْرِجُهُمْ مِنَ الظُّلُمَاتِ إِلَى النُّورِ بِإِذْنِهِ وَيَهْدِيهِمْ إِلَىٰ صِرَاطٍ مُسْتَقِيمٍ",
      "verseStringB": "Allah guides with it whoever follows His approval to the ways of peace, and He brings them out of darkness into light, by His will, and He guides them in a straight path."
    },
    {
      "verseNumber": 17,
      "verseString": "لَقَدْ كَفَرَ الَّذِينَ قَالُوا إِنَّ اللَّهَ هُوَ الْمَسِيحُ ابْنُ مَرْيَمَ ۚ قُلْ فَمَنْ يَمْلِكُ مِنَ اللَّهِ شَيْئًا إِنْ أَرَادَ أَنْ يُهْلِكَ الْمَسِيحَ ابْنَ مَرْيَمَ وَأُمَّهُ وَمَنْ فِي الْأَرْضِ جَمِيعًا ۗ وَلِلَّهِ مُلْكُ السَّمَاوَاتِ وَالْأَرْضِ وَمَا بَيْنَهُمَا ۚ يَخْلُقُ مَا يَشَاءُ ۚ وَاللَّهُ عَلَىٰ كُلِّ شَيْءٍ قَدِيرٌ",
      "verseStringB": "They disbelieve those who say, “Allah is the Christ, the son of Mary.” Say, “Who can prevent Allah, if He willed, from annihilating the Christ Son of Mary, and his mother, and everyone on earth?” To Allah belongs the sovereignty of the heavens and the earth and everything between them. He creates whatever He wills, and Allah is Capable of everything."
    },
    {
      "verseNumber": 18,
      "verseString": "وَقَالَتِ الْيَهُودُ وَالنَّصَارَىٰ نَحْنُ أَبْنَاءُ اللَّهِ وَأَحِبَّاؤُهُ ۚ قُلْ فَلِمَ يُعَذِّبُكُمْ بِذُنُوبِكُمْ ۖ بَلْ أَنْتُمْ بَشَرٌ مِمَّنْ خَلَقَ ۚ يَغْفِرُ لِمَنْ يَشَاءُ وَيُعَذِّبُ مَنْ يَشَاءُ ۚ وَلِلَّهِ مُلْكُ السَّمَاوَاتِ وَالْأَرْضِ وَمَا بَيْنَهُمَا ۖ وَإِلَيْهِ الْمَصِيرُ",
      "verseStringB": "The Jews and the Christians say, “We are the children of Allah and His beloved.” Say, “Then why does He punish you for your sins?” In fact, you are humans, from among those He created. He forgives whom He wills, and He punishes whom He wills. To Allah belongs the dominion of the heavens and the earth and everything between them, and to Him is the journey’s end."
    },
    {
      "verseNumber": 19,
      "verseString": "يَا أَهْلَ الْكِتَابِ قَدْ جَاءَكُمْ رَسُولُنَا يُبَيِّنُ لَكُمْ عَلَىٰ فَتْرَةٍ مِنَ الرُّسُلِ أَنْ تَقُولُوا مَا جَاءَنَا مِنْ بَشِيرٍ وَلَا نَذِيرٍ ۖ فَقَدْ جَاءَكُمْ بَشِيرٌ وَنَذِيرٌ ۗ وَاللَّهُ عَلَىٰ كُلِّ شَيْءٍ قَدِيرٌ",
      "verseStringB": "O People of the Scripture! Our Messenger has come to you, making things clear to you—after cessation of messengers—so that you cannot say, “No deliverer of good news has come to us, and no warner.” In fact, a deliverer of good news has come to you, and a warner. Allah is capable of everything."
    },
    {
      "verseNumber": 20,
      "verseString": "وَإِذْ قَالَ مُوسَىٰ لِقَوْمِهِ يَا قَوْمِ اذْكُرُوا نِعْمَةَ اللَّهِ عَلَيْكُمْ إِذْ جَعَلَ فِيكُمْ أَنْبِيَاءَ وَجَعَلَكُمْ مُلُوكًا وَآتَاكُمْ مَا لَمْ يُؤْتِ أَحَدًا مِنَ الْعَالَمِينَ",
      "verseStringB": "When Moses said to his people, “O my people, remember Allah’s blessings upon you, when He raised up prophets among you, and made you sovereign, and gave you what He never gave anyone in the world.”"
    },
    {
      "verseNumber": 21,
      "verseString": "يَا قَوْمِ ادْخُلُوا الْأَرْضَ الْمُقَدَّسَةَ الَّتِي كَتَبَ اللَّهُ لَكُمْ وَلَا تَرْتَدُّوا عَلَىٰ أَدْبَارِكُمْ فَتَنْقَلِبُوا خَاسِرِينَ",
      "verseStringB": "“O my people, enter the Holy Land, which Allah has destined for you, and do not turn back, lest you become losers.”"
    },
    {
      "verseNumber": 22,
      "verseString": "قَالُوا يَا مُوسَىٰ إِنَّ فِيهَا قَوْمًا جَبَّارِينَ وَإِنَّا لَنْ نَدْخُلَهَا حَتَّىٰ يَخْرُجُوا مِنْهَا فَإِنْ يَخْرُجُوا مِنْهَا فَإِنَّا دَاخِلُونَ",
      "verseStringB": "They said, “O Moses, there are brutal people in it. We will not enter it unless they leave it. If they leave it, then we will enter.”"
    },
    {
      "verseNumber": 23,
      "verseString": "قَالَ رَجُلَانِ مِنَ الَّذِينَ يَخَافُونَ أَنْعَمَ اللَّهُ عَلَيْهِمَا ادْخُلُوا عَلَيْهِمُ الْبَابَ فَإِذَا دَخَلْتُمُوهُ فَإِنَّكُمْ غَالِبُونَ ۚ وَعَلَى اللَّهِ فَتَوَكَّلُوا إِنْ كُنْتُمْ مُؤْمِنِينَ",
      "verseStringB": "Two men whom Allah had blessed among those who feared, said, “Go at them through the gate. And when you have entered it, you will be victorious. And put your trust in Allah, if you are believers.”"
    },
    {
      "verseNumber": 24,
      "verseString": "قَالُوا يَا مُوسَىٰ إِنَّا لَنْ نَدْخُلَهَا أَبَدًا مَا دَامُوا فِيهَا ۖ فَاذْهَبْ أَنْتَ وَرَبُّكَ فَقَاتِلَا إِنَّا هَاهُنَا قَاعِدُونَ",
      "verseStringB": "They said, “O Moses, we will not enter it, ever, as long as they are in it. So go—you and your Lord—and fight. We are staying right here.”"
    },
    {
      "verseNumber": 25,
      "verseString": "قَالَ رَبِّ إِنِّي لَا أَمْلِكُ إِلَّا نَفْسِي وَأَخِي ۖ فَافْرُقْ بَيْنَنَا وَبَيْنَ الْقَوْمِ الْفَاسِقِينَ",
      "verseStringB": "He said, “My Lord, I have control only over myself and my brother, so separate between us and between the disobedient people.”"
    },
    {
      "verseNumber": 26,
      "verseString": "قَالَ فَإِنَّهَا مُحَرَّمَةٌ عَلَيْهِمْ ۛ أَرْبَعِينَ سَنَةً ۛ يَتِيهُونَ فِي الْأَرْضِ ۚ فَلَا تَأْسَ عَلَى الْقَوْمِ الْفَاسِقِينَ",
      "verseStringB": "He said, “It is forbidden for them for forty years. They will wander aimlessly through the land. So do not grieve over the defiant people.”"
    },
    {
      "verseNumber": 27,
      "verseString": "وَاتْلُ عَلَيْهِمْ نَبَأَ ابْنَيْ آدَمَ بِالْحَقِّ إِذْ قَرَّبَا قُرْبَانًا فَتُقُبِّلَ مِنْ أَحَدِهِمَا وَلَمْ يُتَقَبَّلْ مِنَ الْآخَرِ قَالَ لَأَقْتُلَنَّكَ ۖ قَالَ إِنَّمَا يَتَقَبَّلُ اللَّهُ مِنَ الْمُتَّقِينَ",
      "verseStringB": "And relate to them the true story of Adam's two sons: when they offered an offering, and it was accepted from one of them, but it was not accepted from the other. He Said, “I will kill you.” He Said, “Allah accepts only from the righteous.”"
    },
    {
      "verseNumber": 28,
      "verseString": "لَئِنْ بَسَطْتَ إِلَيَّ يَدَكَ لِتَقْتُلَنِي مَا أَنَا بِبَاسِطٍ يَدِيَ إِلَيْكَ لِأَقْتُلَكَ ۖ إِنِّي أَخَافُ اللَّهَ رَبَّ الْعَالَمِينَ",
      "verseStringB": "“If you extend your hand to kill me, I will not extend my hand to kill you; I fear Allah, Lord of the Worlds.”"
    },
    {
      "verseNumber": 29,
      "verseString": "إِنِّي أُرِيدُ أَنْ تَبُوءَ بِإِثْمِي وَإِثْمِكَ فَتَكُونَ مِنْ أَصْحَابِ النَّارِ ۚ وَذَٰلِكَ جَزَاءُ الظَّالِمِينَ",
      "verseStringB": "“I would rather you bear my sin and your sin, and you become among the inmates of the Fire. That is the recompense of the wrongdoers.”"
    },
    {
      "verseNumber": 30,
      "verseString": "فَطَوَّعَتْ لَهُ نَفْسُهُ قَتْلَ أَخِيهِ فَقَتَلَهُ فَأَصْبَحَ مِنَ الْخَاسِرِينَ",
      "verseStringB": "Then His soul prompted him to kill his brother, and he killed him—and he became of the losers."
    },
    {
      "verseNumber": 31,
      "verseString": "فَبَعَثَ اللَّهُ غُرَابًا يَبْحَثُ فِي الْأَرْضِ لِيُرِيَهُ كَيْفَ يُوَارِي سَوْءَةَ أَخِيهِ ۚ قَالَ يَا وَيْلَتَا أَعَجَزْتُ أَنْ أَكُونَ مِثْلَ هَٰذَا الْغُرَابِ فَأُوَارِيَ سَوْءَةَ أَخِي ۖ فَأَصْبَحَ مِنَ النَّادِمِينَ",
      "verseStringB": "Then Allah sent a raven, scratching the ground, to show him how to cover his brother's corpse. He said, “Woe to me! I was unable to be like this raven and cover my brother's corpse.” So he became regretful."
    },
    {
      "verseNumber": 32,
      "verseString": "مِنْ أَجْلِ ذَٰلِكَ كَتَبْنَا عَلَىٰ بَنِي إِسْرَائِيلَ أَنَّهُ مَنْ قَتَلَ نَفْسًا بِغَيْرِ نَفْسٍ أَوْ فَسَادٍ فِي الْأَرْضِ فَكَأَنَّمَا قَتَلَ النَّاسَ جَمِيعًا وَمَنْ أَحْيَاهَا فَكَأَنَّمَا أَحْيَا النَّاسَ جَمِيعًا ۚ وَلَقَدْ جَاءَتْهُمْ رُسُلُنَا بِالْبَيِّنَاتِ ثُمَّ إِنَّ كَثِيرًا مِنْهُمْ بَعْدَ ذَٰلِكَ فِي الْأَرْضِ لَمُسْرِفُونَ",
      "verseStringB": "Because of this, We ordained for the Children of Israel: that whoever kills a person—unless it is for murder or corruption on earth—it is as though he killed the whole of humankind; and whoever saves it, it is as though he saved the whole of humankind. Our messengers came to them with clarifications, but even after that, many of them continue to commit excesses in the land."
    },
    {
      "verseNumber": 33,
      "verseString": "إِنَّمَا جَزَاءُ الَّذِينَ يُحَارِبُونَ اللَّهَ وَرَسُولَهُ وَيَسْعَوْنَ فِي الْأَرْضِ فَسَادًا أَنْ يُقَتَّلُوا أَوْ يُصَلَّبُوا أَوْ تُقَطَّعَ أَيْدِيهِمْ وَأَرْجُلُهُمْ مِنْ خِلَافٍ أَوْ يُنْفَوْا مِنَ الْأَرْضِ ۚ ذَٰلِكَ لَهُمْ خِزْيٌ فِي الدُّنْيَا ۖ وَلَهُمْ فِي الْآخِرَةِ عَذَابٌ عَظِيمٌ",
      "verseStringB": "The punishment for those who fight Allah and His Messenger, and strive to work corruption on earth, is that they be killed, or crucified, or have their hands and feet cut off on opposite sides, or be banished from the land. That is to disgrace them in this life. And in the Hereafter, they will have a terrible punishment."
    },
    {
      "verseNumber": 34,
      "verseString": "إِلَّا الَّذِينَ تَابُوا مِنْ قَبْلِ أَنْ تَقْدِرُوا عَلَيْهِمْ ۖ فَاعْلَمُوا أَنَّ اللَّهَ غَفُورٌ رَحِيمٌ",
      "verseStringB": "Except for those who repent before you apprehend them. So know that Allah is Forgiving and Merciful."
    },
    {
      "verseNumber": 35,
      "verseString": "يَا أَيُّهَا الَّذِينَ آمَنُوا اتَّقُوا اللَّهَ وَابْتَغُوا إِلَيْهِ الْوَسِيلَةَ وَجَاهِدُوا فِي سَبِيلِهِ لَعَلَّكُمْ تُفْلِحُونَ",
      "verseStringB": "O you who believe! Be conscious of Allah, and seek the means of approach to Him, and strive in His way, so you may succeed."
    },
    {
      "verseNumber": 36,
      "verseString": "إِنَّ الَّذِينَ كَفَرُوا لَوْ أَنَّ لَهُمْ مَا فِي الْأَرْضِ جَمِيعًا وَمِثْلَهُ مَعَهُ لِيَفْتَدُوا بِهِ مِنْ عَذَابِ يَوْمِ الْقِيَامَةِ مَا تُقُبِّلَ مِنْهُمْ ۖ وَلَهُمْ عَذَابٌ أَلِيمٌ",
      "verseStringB": "As for those who disbelieve: even if they owned everything on earth, and the like of it with it, and they offered it to ransom themselves from the suffering of the Day of Resurrection, it would not be accepted from them. And they will have a painful punishment."
    },
    {
      "verseNumber": 37,
      "verseString": "يُرِيدُونَ أَنْ يَخْرُجُوا مِنَ النَّارِ وَمَا هُمْ بِخَارِجِينَ مِنْهَا ۖ وَلَهُمْ عَذَابٌ مُقِيمٌ",
      "verseStringB": "They will want to come out of the Fire, but they will not come out of it. And they will have a lasting punishment."
    },
    {
      "verseNumber": 38,
      "verseString": "وَالسَّارِقُ وَالسَّارِقَةُ فَاقْطَعُوا أَيْدِيَهُمَا جَزَاءً بِمَا كَسَبَا نَكَالًا مِنَ اللَّهِ ۗ وَاللَّهُ عَزِيزٌ حَكِيمٌ",
      "verseStringB": "As for the male thief and the female thief, cut their hands as a penalty for what they have reaped—a deterrent from Allah. Allah is Mighty and Wise."
    },
    {
      "verseNumber": 39,
      "verseString": "فَمَنْ تَابَ مِنْ بَعْدِ ظُلْمِهِ وَأَصْلَحَ فَإِنَّ اللَّهَ يَتُوبُ عَلَيْهِ ۗ إِنَّ اللَّهَ غَفُورٌ رَحِيمٌ",
      "verseStringB": "But whoever repents after his crime, and reforms, Allah will accept his repentance. Allah is Forgiving and Merciful."
    },
    {
      "verseNumber": 40,
      "verseString": "أَلَمْ تَعْلَمْ أَنَّ اللَّهَ لَهُ مُلْكُ السَّمَاوَاتِ وَالْأَرْضِ يُعَذِّبُ مَنْ يَشَاءُ وَيَغْفِرُ لِمَنْ يَشَاءُ ۗ وَاللَّهُ عَلَىٰ كُلِّ شَيْءٍ قَدِيرٌ",
      "verseStringB": "Do you not know that to Allah belongs the sovereignty of the heavens and the earth? He punishes whom He wills, and He forgives whom He wills. And Allah is Capable of everything."
    },
    {
      "verseNumber": 41,
      "verseString": "يَا أَيُّهَا الرَّسُولُ لَا يَحْزُنْكَ الَّذِينَ يُسَارِعُونَ فِي الْكُفْرِ مِنَ الَّذِينَ قَالُوا آمَنَّا بِأَفْوَاهِهِمْ وَلَمْ تُؤْمِنْ قُلُوبُهُمْ ۛ وَمِنَ الَّذِينَ هَادُوا ۛ سَمَّاعُونَ لِلْكَذِبِ سَمَّاعُونَ لِقَوْمٍ آخَرِينَ لَمْ يَأْتُوكَ ۖ يُحَرِّفُونَ الْكَلِمَ مِنْ بَعْدِ مَوَاضِعِهِ ۖ يَقُولُونَ إِنْ أُوتِيتُمْ هَٰذَا فَخُذُوهُ وَإِنْ لَمْ تُؤْتَوْهُ فَاحْذَرُوا ۚ وَمَنْ يُرِدِ اللَّهُ فِتْنَتَهُ فَلَنْ تَمْلِكَ لَهُ مِنَ اللَّهِ شَيْئًا ۚ أُولَٰئِكَ الَّذِينَ لَمْ يُرِدِ اللَّهُ أَنْ يُطَهِّرَ قُلُوبَهُمْ ۚ لَهُمْ فِي الدُّنْيَا خِزْيٌ ۖ وَلَهُمْ فِي الْآخِرَةِ عَذَابٌ عَظِيمٌ",
      "verseStringB": "O, Messenger! do not be saddened by those who hurry to disbelief—from among those who say with their lips, “We believe,” but their hearts have not believed; and from among the Jews—listeners to lies, listeners to people who never met you. They distort words from their places, and they say, “If you are given this, accept it, but if you are not given it, then beware.” Whomever Allah wills to divert, you have nothing for him from Allah. Those are they whose hearts Allah does not intend to purify. For them is a disgrace in this world. And in the Hereafter, they will have a tremendous punishment."
    },
    {
      "verseNumber": 42,
      "verseString": "سَمَّاعُونَ لِلْكَذِبِ أَكَّالُونَ لِلسُّحْتِ ۚ فَإِنْ جَاءُوكَ فَاحْكُمْ بَيْنَهُمْ أَوْ أَعْرِضْ عَنْهُمْ ۖ وَإِنْ تُعْرِضْ عَنْهُمْ فَلَنْ يَضُرُّوكَ شَيْئًا ۖ وَإِنْ حَكَمْتَ فَاحْكُمْ بَيْنَهُمْ بِالْقِسْطِ ۚ إِنَّ اللَّهَ يُحِبُّ الْمُقْسِطِينَ",
      "verseStringB": "Listeners to lies, consumers of illicit earnings. If they come to you, judge between them, or stay away from them. If you stay away from them, they will not harm you whatsoever. But if you judge, judge between them equitably. Allah loves the equitable."
    },
    {
      "verseNumber": 43,
      "verseString": "وَكَيْفَ يُحَكِّمُونَكَ وَعِنْدَهُمُ التَّوْرَاةُ فِيهَا حُكْمُ اللَّهِ ثُمَّ يَتَوَلَّوْنَ مِنْ بَعْدِ ذَٰلِكَ ۚ وَمَا أُولَٰئِكَ بِالْمُؤْمِنِينَ",
      "verseStringB": "But why do they come to you for judgment, when they have the Torah, in which is Allah’s Law? Yet they turn away after that. These are not believers."
    },
    {
      "verseNumber": 44,
      "verseString": "إِنَّا أَنْزَلْنَا التَّوْرَاةَ فِيهَا هُدًى وَنُورٌ ۚ يَحْكُمُ بِهَا النَّبِيُّونَ الَّذِينَ أَسْلَمُوا لِلَّذِينَ هَادُوا وَالرَّبَّانِيُّونَ وَالْأَحْبَارُ بِمَا اسْتُحْفِظُوا مِنْ كِتَابِ اللَّهِ وَكَانُوا عَلَيْهِ شُهَدَاءَ ۚ فَلَا تَخْشَوُا النَّاسَ وَاخْشَوْنِ وَلَا تَشْتَرُوا بِآيَاتِي ثَمَنًا قَلِيلًا ۚ وَمَنْ لَمْ يَحْكُمْ بِمَا أَنْزَلَ اللَّهُ فَأُولَٰئِكَ هُمُ الْكَافِرُونَ",
      "verseStringB": "We have revealed the Torah, containing guidance and light. The submissive prophets ruled the Jews according to it, so did the rabbis and the scholars, as they were required to protect Allah’s Book, and were witnesses to it. So do not fear people, but fear Me. And do not sell My revelations for a cheap price. Those who do not rule according to what Allah revealed are the unbelievers."
    },
    {
      "verseNumber": 45,
      "verseString": "وَكَتَبْنَا عَلَيْهِمْ فِيهَا أَنَّ النَّفْسَ بِالنَّفْسِ وَالْعَيْنَ بِالْعَيْنِ وَالْأَنْفَ بِالْأَنْفِ وَالْأُذُنَ بِالْأُذُنِ وَالسِّنَّ بِالسِّنِّ وَالْجُرُوحَ قِصَاصٌ ۚ فَمَنْ تَصَدَّقَ بِهِ فَهُوَ كَفَّارَةٌ لَهُ ۚ وَمَنْ لَمْ يَحْكُمْ بِمَا أَنْزَلَ اللَّهُ فَأُولَٰئِكَ هُمُ الظَّالِمُونَ",
      "verseStringB": "And We wrote for them in it: a life for a life, an eye for an eye, a nose for a nose, an ear for an ear, a tooth for a tooth, and for wounds equal retaliation. But whoever forgoes it charitably, it will be an atonement for him. Those who do not judge according to what Allah revealed are the unjust."
    },
    {
      "verseNumber": 46,
      "verseString": "وَقَفَّيْنَا عَلَىٰ آثَارِهِمْ بِعِيسَى ابْنِ مَرْيَمَ مُصَدِّقًا لِمَا بَيْنَ يَدَيْهِ مِنَ التَّوْرَاةِ ۖ وَآتَيْنَاهُ الْإِنْجِيلَ فِيهِ هُدًى وَنُورٌ وَمُصَدِّقًا لِمَا بَيْنَ يَدَيْهِ مِنَ التَّوْرَاةِ وَهُدًى وَمَوْعِظَةً لِلْمُتَّقِينَ",
      "verseStringB": "In their footsteps, We sent Jesus son of Mary, fulfilling the Torah that preceded him. And We gave him the Gospel, containing guidance and light, and confirming the Torah that preceded him, and guidance and counsel for the righteous."
    },
    {
      "verseNumber": 47,
      "verseString": "وَلْيَحْكُمْ أَهْلُ الْإِنْجِيلِ بِمَا أَنْزَلَ اللَّهُ فِيهِ ۚ وَمَنْ لَمْ يَحْكُمْ بِمَا أَنْزَلَ اللَّهُ فَأُولَٰئِكَ هُمُ الْفَاسِقُونَ",
      "verseStringB": "So let the people of the Gospel rule according to what Allah revealed in it. Those who do not rule according to what Allah revealed are the sinners."
    },
    {
      "verseNumber": 48,
      "verseString": "وَأَنْزَلْنَا إِلَيْكَ الْكِتَابَ بِالْحَقِّ مُصَدِّقًا لِمَا بَيْنَ يَدَيْهِ مِنَ الْكِتَابِ وَمُهَيْمِنًا عَلَيْهِ ۖ فَاحْكُمْ بَيْنَهُمْ بِمَا أَنْزَلَ اللَّهُ ۖ وَلَا تَتَّبِعْ أَهْوَاءَهُمْ عَمَّا جَاءَكَ مِنَ الْحَقِّ ۚ لِكُلٍّ جَعَلْنَا مِنْكُمْ شِرْعَةً وَمِنْهَاجًا ۚ وَلَوْ شَاءَ اللَّهُ لَجَعَلَكُمْ أُمَّةً وَاحِدَةً وَلَٰكِنْ لِيَبْلُوَكُمْ فِي مَا آتَاكُمْ ۖ فَاسْتَبِقُوا الْخَيْرَاتِ ۚ إِلَى اللَّهِ مَرْجِعُكُمْ جَمِيعًا فَيُنَبِّئُكُمْ بِمَا كُنْتُمْ فِيهِ تَخْتَلِفُونَ",
      "verseStringB": "And We revealed to you the Book, with the truth, confirming the Book that preceded it and superseding it. So judge between them according to what Allah revealed. And do not follow their desires over the truth that has come to you. For each of you, We have assigned a law and a method. Had Allah willed, He would have made you a single community, but He tests you through what He has given you. So compete in righteousness. To Allah is your return, all of you—then He will inform you regarding your differences."
    },
    {
      "verseNumber": 49,
      "verseString": "وَأَنِ احْكُمْ بَيْنَهُمْ بِمَا أَنْزَلَ اللَّهُ وَلَا تَتَّبِعْ أَهْوَاءَهُمْ وَاحْذَرْهُمْ أَنْ يَفْتِنُوكَ عَنْ بَعْضِ مَا أَنْزَلَ اللَّهُ إِلَيْكَ ۖ فَإِنْ تَوَلَّوْا فَاعْلَمْ أَنَّمَا يُرِيدُ اللَّهُ أَنْ يُصِيبَهُمْ بِبَعْضِ ذُنُوبِهِمْ ۗ وَإِنَّ كَثِيرًا مِنَ النَّاسِ لَفَاسِقُونَ",
      "verseStringB": "And judge between them according to what Allah revealed. And do not follow their desires. And beware of them, lest they lure you away from some of what Allah has revealed to you. And if they turn away, know that Allah intends to strike them with some of their sins. In fact, a great many people are corrupt."
    },
    {
      "verseNumber": 50,
      "verseString": "أَفَحُكْمَ الْجَاهِلِيَّةِ يَبْغُونَ ۚ وَمَنْ أَحْسَنُ مِنَ اللَّهِ حُكْمًا لِقَوْمٍ يُوقِنُونَ",
      "verseStringB": "Is it the laws of the Age of Ignorance that they seek? And who is fairer in judgment than Allah, for a people who are certain?"
    },
    {
      "verseNumber": 51,
      "verseString": "يَا أَيُّهَا الَّذِينَ آمَنُوا لَا تَتَّخِذُوا الْيَهُودَ وَالنَّصَارَىٰ أَوْلِيَاءَ ۘ بَعْضُهُمْ أَوْلِيَاءُ بَعْضٍ ۚ وَمَنْ يَتَوَلَّهُمْ مِنْكُمْ فَإِنَّهُ مِنْهُمْ ۗ إِنَّ اللَّهَ لَا يَهْدِي الْقَوْمَ الظَّالِمِينَ",
      "verseStringB": "O you who believe! Do not take the Jews and the Christians as allies—some of them are allies of one another. Whoever of you allies himself with them is one of them. Allah does not guide the wrongdoing people."
    },
    {
      "verseNumber": 52,
      "verseString": "فَتَرَى الَّذِينَ فِي قُلُوبِهِمْ مَرَضٌ يُسَارِعُونَ فِيهِمْ يَقُولُونَ نَخْشَىٰ أَنْ تُصِيبَنَا دَائِرَةٌ ۚ فَعَسَى اللَّهُ أَنْ يَأْتِيَ بِالْفَتْحِ أَوْ أَمْرٍ مِنْ عِنْدِهِ فَيُصْبِحُوا عَلَىٰ مَا أَسَرُّوا فِي أَنْفُسِهِمْ نَادِمِينَ",
      "verseStringB": "You will see those with sickness in their hearts racing towards them, saying, “We fear a turn of fortune will strike us.” But perhaps Allah will bring about victory, or some event of His making, and they will be regretful for what they hid within themselves."
    },
    {
      "verseNumber": 53,
      "verseString": "وَيَقُولُ الَّذِينَ آمَنُوا أَهَٰؤُلَاءِ الَّذِينَ أَقْسَمُوا بِاللَّهِ جَهْدَ أَيْمَانِهِمْ ۙ إِنَّهُمْ لَمَعَكُمْ ۚ حَبِطَتْ أَعْمَالُهُمْ فَأَصْبَحُوا خَاسِرِينَ",
      "verseStringB": "Those who believe will say, “Are these the ones who swore by Allah with their most solemn oaths that they are with you?” Their works have failed, so they became losers."
    },
    {
      "verseNumber": 54,
      "verseString": "يَا أَيُّهَا الَّذِينَ آمَنُوا مَنْ يَرْتَدَّ مِنْكُمْ عَنْ دِينِهِ فَسَوْفَ يَأْتِي اللَّهُ بِقَوْمٍ يُحِبُّهُمْ وَيُحِبُّونَهُ أَذِلَّةٍ عَلَى الْمُؤْمِنِينَ أَعِزَّةٍ عَلَى الْكَافِرِينَ يُجَاهِدُونَ فِي سَبِيلِ اللَّهِ وَلَا يَخَافُونَ لَوْمَةَ لَائِمٍ ۚ ذَٰلِكَ فَضْلُ اللَّهِ يُؤْتِيهِ مَنْ يَشَاءُ ۚ وَاللَّهُ وَاسِعٌ عَلِيمٌ",
      "verseStringB": "O you who believe! Whoever among you goes back on his faith—Allah will bring a people whom He loves and who love Him—kind towards the believers, stern towards the unbelievers. They strive in Allah’s way, and they do not fear the blame of the critic. That is the grace of Allah—He gives it to whom He wills. Allah is All-Encompassing, All-Knowing."
    },
    {
      "verseNumber": 55,
      "verseString": "إِنَّمَا وَلِيُّكُمُ اللَّهُ وَرَسُولُهُ وَالَّذِينَ آمَنُوا الَّذِينَ يُقِيمُونَ الصَّلَاةَ وَيُؤْتُونَ الزَّكَاةَ وَهُمْ رَاكِعُونَ",
      "verseStringB": "Your allies are Allah, and His Messenger, and those who believe—those who pray regularly, and give regular charity, and bow down."
    },
    {
      "verseNumber": 56,
      "verseString": "وَمَنْ يَتَوَلَّ اللَّهَ وَرَسُولَهُ وَالَّذِينَ آمَنُوا فَإِنَّ حِزْبَ اللَّهِ هُمُ الْغَالِبُونَ",
      "verseStringB": "Whoever allies himself with Allah, and His Messenger, and those who believe—surely, the Party of Allah is the victorious."
    },
    {
      "verseNumber": 57,
      "verseString": "يَا أَيُّهَا الَّذِينَ آمَنُوا لَا تَتَّخِذُوا الَّذِينَ اتَّخَذُوا دِينَكُمْ هُزُوًا وَلَعِبًا مِنَ الَّذِينَ أُوتُوا الْكِتَابَ مِنْ قَبْلِكُمْ وَالْكُفَّارَ أَوْلِيَاءَ ۚ وَاتَّقُوا اللَّهَ إِنْ كُنْتُمْ مُؤْمِنِينَ",
      "verseStringB": "O you who believe! Do not befriend those who take your religion in mockery and game—be they from among those who were given the Scripture before you, or from among the unbelievers. And reverence Allah, if you are believers."
    },
    {
      "verseNumber": 58,
      "verseString": "وَإِذَا نَادَيْتُمْ إِلَى الصَّلَاةِ اتَّخَذُوهَا هُزُوًا وَلَعِبًا ۚ ذَٰلِكَ بِأَنَّهُمْ قَوْمٌ لَا يَعْقِلُونَ",
      "verseStringB": "When you make a call to prayer, they take it as a joke and a game. That is because they are people who do not reason."
    },
    {
      "verseNumber": 59,
      "verseString": "قُلْ يَا أَهْلَ الْكِتَابِ هَلْ تَنْقِمُونَ مِنَّا إِلَّا أَنْ آمَنَّا بِاللَّهِ وَمَا أُنْزِلَ إِلَيْنَا وَمَا أُنْزِلَ مِنْ قَبْلُ وَأَنَّ أَكْثَرَكُمْ فَاسِقُونَ",
      "verseStringB": "Say, “O People of the Scripture! Are you vengeful towards us only because we believe in Allah, and in what was revealed to us, and in what was revealed previously, and because most of you are sinful?”"
    },
    {
      "verseNumber": 60,
      "verseString": "قُلْ هَلْ أُنَبِّئُكُمْ بِشَرٍّ مِنْ ذَٰلِكَ مَثُوبَةً عِنْدَ اللَّهِ ۚ مَنْ لَعَنَهُ اللَّهُ وَغَضِبَ عَلَيْهِ وَجَعَلَ مِنْهُمُ الْقِرَدَةَ وَالْخَنَازِيرَ وَعَبَدَ الطَّاغُوتَ ۚ أُولَٰئِكَ شَرٌّ مَكَانًا وَأَضَلُّ عَنْ سَوَاءِ السَّبِيلِ",
      "verseStringB": "Say, “Shall I inform you of something worse than that by way of penalty from Allah? Whomsoever Allah has cursed and is angry at him, and He turned some of them into apes, and swine, and worshipers of false deities. These are in a worse situation, and further astray from the right way.”"
    },
    {
      "verseNumber": 61,
      "verseString": "وَإِذَا جَاءُوكُمْ قَالُوا آمَنَّا وَقَدْ دَخَلُوا بِالْكُفْرِ وَهُمْ قَدْ خَرَجُوا بِهِ ۚ وَاللَّهُ أَعْلَمُ بِمَا كَانُوا يَكْتُمُونَ",
      "verseStringB": "And when they come to you, they say, “We have believed.” Although they have entered with disbelief, and they have departed with it. But Allah is fully aware of what they hide."
    },
    {
      "verseNumber": 62,
      "verseString": "وَتَرَىٰ كَثِيرًا مِنْهُمْ يُسَارِعُونَ فِي الْإِثْمِ وَالْعُدْوَانِ وَأَكْلِهِمُ السُّحْتَ ۚ لَبِئْسَ مَا كَانُوا يَعْمَلُونَ",
      "verseStringB": "You see many of them competing in sin and hostility, and in the consumption of illicit earnings. Evil is what they do."
    },
    {
      "verseNumber": 63,
      "verseString": "لَوْلَا يَنْهَاهُمُ الرَّبَّانِيُّونَ وَالْأَحْبَارُ عَنْ قَوْلِهِمُ الْإِثْمَ وَأَكْلِهِمُ السُّحْتَ ۚ لَبِئْسَ مَا كَانُوا يَصْنَعُونَ",
      "verseStringB": "Why do the rabbis and the scholars not prevent them from speaking sinfully and from consuming forbidden wealth? Evil is what they have been doing."
    },
    {
      "verseNumber": 64,
      "verseString": "وَقَالَتِ الْيَهُودُ يَدُ اللَّهِ مَغْلُولَةٌ ۚ غُلَّتْ أَيْدِيهِمْ وَلُعِنُوا بِمَا قَالُوا ۘ بَلْ يَدَاهُ مَبْسُوطَتَانِ يُنْفِقُ كَيْفَ يَشَاءُ ۚ وَلَيَزِيدَنَّ كَثِيرًا مِنْهُمْ مَا أُنْزِلَ إِلَيْكَ مِنْ رَبِّكَ طُغْيَانًا وَكُفْرًا ۚ وَأَلْقَيْنَا بَيْنَهُمُ الْعَدَاوَةَ وَالْبَغْضَاءَ إِلَىٰ يَوْمِ الْقِيَامَةِ ۚ كُلَّمَا أَوْقَدُوا نَارًا لِلْحَرْبِ أَطْفَأَهَا اللَّهُ ۚ وَيَسْعَوْنَ فِي الْأَرْضِ فَسَادًا ۚ وَاللَّهُ لَا يُحِبُّ الْمُفْسِدِينَ",
      "verseStringB": "The Jews say, “Allah’s Hand is shackled.” Shackled are their hands, and they are cursed for what they say. In fact, His hands are outstretched; He gives as He wills. Certainly, what was revealed to you from your Lord will increase many of them in defiance and disbelief. And We stirred among them enmity and hatred, until the Day of Resurrection. Whenever they ignite the flame of war, Allah extinguishes it. And they endeavor to work corruption on earth. Allah does not like the workers of corruption."
    },
    {
      "verseNumber": 65,
      "verseString": "وَلَوْ أَنَّ أَهْلَ الْكِتَابِ آمَنُوا وَاتَّقَوْا لَكَفَّرْنَا عَنْهُمْ سَيِّئَاتِهِمْ وَلَأَدْخَلْنَاهُمْ جَنَّاتِ النَّعِيمِ",
      "verseStringB": "Had the People of the Scripture believed and been righteous, We would have remitted their sins, and admitted them into the Gardens of Delight."
    },
    {
      "verseNumber": 66,
      "verseString": "وَلَوْ أَنَّهُمْ أَقَامُوا التَّوْرَاةَ وَالْإِنْجِيلَ وَمَا أُنْزِلَ إِلَيْهِمْ مِنْ رَبِّهِمْ لَأَكَلُوا مِنْ فَوْقِهِمْ وَمِنْ تَحْتِ أَرْجُلِهِمْ ۚ مِنْهُمْ أُمَّةٌ مُقْتَصِدَةٌ ۖ وَكَثِيرٌ مِنْهُمْ سَاءَ مَا يَعْمَلُونَ",
      "verseStringB": "Had they observed the Torah, the Gospel, and what was revealed to them from their Lord, they would have consumed amply from above them, and from beneath their feet. Among them is a conservative community, but evil is what many of them do."
    },
    {
      "verseNumber": 67,
      "verseString": "يَا أَيُّهَا الرَّسُولُ بَلِّغْ مَا أُنْزِلَ إِلَيْكَ مِنْ رَبِّكَ ۖ وَإِنْ لَمْ تَفْعَلْ فَمَا بَلَّغْتَ رِسَالَتَهُ ۚ وَاللَّهُ يَعْصِمُكَ مِنَ النَّاسِ ۗ إِنَّ اللَّهَ لَا يَهْدِي الْقَوْمَ الْكَافِرِينَ",
      "verseStringB": "O, Messenger! Convey what was revealed to you from your Lord. But if you do not, then you would not have delivered His message. And Allah will protect you from the people. Allah does not guide the unbelieving people."
    },
    {
      "verseNumber": 68,
      "verseString": "قُلْ يَا أَهْلَ الْكِتَابِ لَسْتُمْ عَلَىٰ شَيْءٍ حَتَّىٰ تُقِيمُوا التَّوْرَاةَ وَالْإِنْجِيلَ وَمَا أُنْزِلَ إِلَيْكُمْ مِنْ رَبِّكُمْ ۗ وَلَيَزِيدَنَّ كَثِيرًا مِنْهُمْ مَا أُنْزِلَ إِلَيْكَ مِنْ رَبِّكَ طُغْيَانًا وَكُفْرًا ۖ فَلَا تَأْسَ عَلَى الْقَوْمِ الْكَافِرِينَ",
      "verseStringB": "Say, “O People of the Scripture! You have no basis unless you uphold the Torah, the Gospel, and what is revealed to you from your Lord.” But what is revealed to you from your Lord will increase many of them in rebellion and unbelief. So do not sorrow over the disbelieving people."
    },
    {
      "verseNumber": 69,
      "verseString": "إِنَّ الَّذِينَ آمَنُوا وَالَّذِينَ هَادُوا وَالصَّابِئُونَ وَالنَّصَارَىٰ مَنْ آمَنَ بِاللَّهِ وَالْيَوْمِ الْآخِرِ وَعَمِلَ صَالِحًا فَلَا خَوْفٌ عَلَيْهِمْ وَلَا هُمْ يَحْزَنُونَ",
      "verseStringB": "Those who believe, and the Jews, and the Sabians, and the Christians—whoever believes in Allah and the Last Day, and works righteousness—they have nothing to fear, nor shall they grieve."
    },
    {
      "verseNumber": 70,
      "verseString": "لَقَدْ أَخَذْنَا مِيثَاقَ بَنِي إِسْرَائِيلَ وَأَرْسَلْنَا إِلَيْهِمْ رُسُلًا ۖ كُلَّمَا جَاءَهُمْ رَسُولٌ بِمَا لَا تَهْوَىٰ أَنْفُسُهُمْ فَرِيقًا كَذَّبُوا وَفَرِيقًا يَقْتُلُونَ",
      "verseStringB": "We made a covenant with the Children of Israel, and We sent messengers to them. But whenever a messenger came to them with what their souls did not desire, some of them they accused of lying, and others they put to death."
    },
    {
      "verseNumber": 71,
      "verseString": "وَحَسِبُوا أَلَّا تَكُونَ فِتْنَةٌ فَعَمُوا وَصَمُّوا ثُمَّ تَابَ اللَّهُ عَلَيْهِمْ ثُمَّ عَمُوا وَصَمُّوا كَثِيرٌ مِنْهُمْ ۚ وَاللَّهُ بَصِيرٌ بِمَا يَعْمَلُونَ",
      "verseStringB": "They assumed there would be no consequences, so they turned blind and deaf. Then Allah relented towards them, but then again many of them turned blind and deaf. But Allah is Seeing of what they do."
    },
    {
      "verseNumber": 72,
      "verseString": "لَقَدْ كَفَرَ الَّذِينَ قَالُوا إِنَّ اللَّهَ هُوَ الْمَسِيحُ ابْنُ مَرْيَمَ ۖ وَقَالَ الْمَسِيحُ يَا بَنِي إِسْرَائِيلَ اعْبُدُوا اللَّهَ رَبِّي وَرَبَّكُمْ ۖ إِنَّهُ مَنْ يُشْرِكْ بِاللَّهِ فَقَدْ حَرَّمَ اللَّهُ عَلَيْهِ الْجَنَّةَ وَمَأْوَاهُ النَّارُ ۖ وَمَا لِلظَّالِمِينَ مِنْ أَنْصَارٍ",
      "verseStringB": "They disbelieve those who say, “Allah is the Messiah, the son of Mary.” But the Messiah himself said, “O Children of Israel, worship Allah—my Lord and your Lord. Whoever ascribes partners to Allah, Allah has forbidden him Paradise, and his dwelling is the Fire. There are no saviors for the wrongdoers.”"
    },
    {
      "verseNumber": 73,
      "verseString": "لَقَدْ كَفَرَ الَّذِينَ قَالُوا إِنَّ اللَّهَ ثَالِثُ ثَلَاثَةٍ ۘ وَمَا مِنْ إِلَٰهٍ إِلَّا إِلَٰهٌ وَاحِدٌ ۚ وَإِنْ لَمْ يَنْتَهُوا عَمَّا يَقُولُونَ لَيَمَسَّنَّ الَّذِينَ كَفَرُوا مِنْهُمْ عَذَابٌ أَلِيمٌ",
      "verseStringB": "They disbelieve those who say, “Allah is the third in a Trinity.” But there is no god, except One God. If they do not refrain from what they say, a painful punishment will befall those among them who disbelieve."
    },
    {
      "verseNumber": 74,
      "verseString": "أَفَلَا يَتُوبُونَ إِلَى اللَّهِ وَيَسْتَغْفِرُونَهُ ۚ وَاللَّهُ غَفُورٌ رَحِيمٌ",
      "verseStringB": "Will they not repent to Allah, and seek His forgiveness? Allah is Forgiving and Merciful."
    },
    {
      "verseNumber": 75,
      "verseString": "مَا الْمَسِيحُ ابْنُ مَرْيَمَ إِلَّا رَسُولٌ قَدْ خَلَتْ مِنْ قَبْلِهِ الرُّسُلُ وَأُمُّهُ صِدِّيقَةٌ ۖ كَانَا يَأْكُلَانِ الطَّعَامَ ۗ انْظُرْ كَيْفَ نُبَيِّنُ لَهُمُ الْآيَاتِ ثُمَّ انْظُرْ أَنَّىٰ يُؤْفَكُونَ",
      "verseStringB": "The Christ son of Mary was no more than a messenger, before whom other Messengers had passed away, and his mother was a woman of truth. They both used to eat food. Note how We make clear the communications to them; then note how deluded they are."
    },
    {
      "verseNumber": 76,
      "verseString": "قُلْ أَتَعْبُدُونَ مِنْ دُونِ اللَّهِ مَا لَا يَمْلِكُ لَكُمْ ضَرًّا وَلَا نَفْعًا ۚ وَاللَّهُ هُوَ السَّمِيعُ الْعَلِيمُ",
      "verseStringB": "Say, “Do you worship, apart from Allah, what can neither harm you nor benefit you?” But Allah: He is the Hearer, the Knower."
    },
    {
      "verseNumber": 77,
      "verseString": "قُلْ يَا أَهْلَ الْكِتَابِ لَا تَغْلُوا فِي دِينِكُمْ غَيْرَ الْحَقِّ وَلَا تَتَّبِعُوا أَهْوَاءَ قَوْمٍ قَدْ ضَلُّوا مِنْ قَبْلُ وَأَضَلُّوا كَثِيرًا وَضَلُّوا عَنْ سَوَاءِ السَّبِيلِ",
      "verseStringB": "Say, “O People of the Scripture! Do not exaggerate in your religion beyond the truth, and do not follow the opinions of people who went astray before, and misled many, and themselves strayed off the balanced way.”"
    },
    {
      "verseNumber": 78,
      "verseString": "لُعِنَ الَّذِينَ كَفَرُوا مِنْ بَنِي إِسْرَائِيلَ عَلَىٰ لِسَانِ دَاوُودَ وَعِيسَى ابْنِ مَرْيَمَ ۚ ذَٰلِكَ بِمَا عَصَوْا وَكَانُوا يَعْتَدُونَ",
      "verseStringB": "Cursed were those who disbelieved among the Children of Israel by the tongue of David and Jesus son of Mary. That is because they rebelled and used to transgress."
    },
    {
      "verseNumber": 79,
      "verseString": "كَانُوا لَا يَتَنَاهَوْنَ عَنْ مُنْكَرٍ فَعَلُوهُ ۚ لَبِئْسَ مَا كَانُوا يَفْعَلُونَ",
      "verseStringB": "They would not prevent one another from the wrongs they committed. Evil is what they used to do."
    },
    {
      "verseNumber": 80,
      "verseString": "تَرَىٰ كَثِيرًا مِنْهُمْ يَتَوَلَّوْنَ الَّذِينَ كَفَرُوا ۚ لَبِئْسَ مَا قَدَّمَتْ لَهُمْ أَنْفُسُهُمْ أَنْ سَخِطَ اللَّهُ عَلَيْهِمْ وَفِي الْعَذَابِ هُمْ خَالِدُونَ",
      "verseStringB": "You will see many of them allying themselves with the unbelievers. Terrible is what their souls prompts them to do. The wrath of Allah fell upon them. And in suffering, they will remain."
    },
    {
      "verseNumber": 81,
      "verseString": "وَلَوْ كَانُوا يُؤْمِنُونَ بِاللَّهِ وَالنَّبِيِّ وَمَا أُنْزِلَ إِلَيْهِ مَا اتَّخَذُوهُمْ أَوْلِيَاءَ وَلَٰكِنَّ كَثِيرًا مِنْهُمْ فَاسِقُونَ",
      "verseStringB": "Had they believed in Allah and the Prophet, and in what was revealed to him, they would not have befriended them. But many of them are immoral."
    },
    {
      "verseNumber": 82,
      "verseString": "لَتَجِدَنَّ أَشَدَّ النَّاسِ عَدَاوَةً لِلَّذِينَ آمَنُوا الْيَهُودَ وَالَّذِينَ أَشْرَكُوا ۖ وَلَتَجِدَنَّ أَقْرَبَهُمْ مَوَدَّةً لِلَّذِينَ آمَنُوا الَّذِينَ قَالُوا إِنَّا نَصَارَىٰ ۚ ذَٰلِكَ بِأَنَّ مِنْهُمْ قِسِّيسِينَ وَرُهْبَانًا وَأَنَّهُمْ لَا يَسْتَكْبِرُونَ",
      "verseStringB": "You will find the most hostile towards the believers to be the Jews and those who associate. And you will find the nearest in affection towards the believers to be those who say, “We are Christians.” That is because among them are priests and pastors, and they are not arrogant."
    },
    {
      "verseNumber": 83,
      "verseString": "وَإِذَا سَمِعُوا مَا أُنْزِلَ إِلَى الرَّسُولِ تَرَىٰ أَعْيُنَهُمْ تَفِيضُ مِنَ الدَّمْعِ مِمَّا عَرَفُوا مِنَ الْحَقِّ ۖ يَقُولُونَ رَبَّنَا آمَنَّا فَاكْتُبْنَا مَعَ الشَّاهِدِينَ",
      "verseStringB": "And when they hear what was revealed to the Messenger, you see their eyes overflowing with tears, because of the truth they recognize. They say, “Our Lord, we have believed, so count us among the witnesses.”"
    },
    {
      "verseNumber": 84,
      "verseString": "وَمَا لَنَا لَا نُؤْمِنُ بِاللَّهِ وَمَا جَاءَنَا مِنَ الْحَقِّ وَنَطْمَعُ أَنْ يُدْخِلَنَا رَبُّنَا مَعَ الْقَوْمِ الصَّالِحِينَ",
      "verseStringB": "“And why should we not believe in Allah, and in the truth that has come to us, and long for our Lord to include us in the company of the righteous people?”"
    },
    {
      "verseNumber": 85,
      "verseString": "فَأَثَابَهُمُ اللَّهُ بِمَا قَالُوا جَنَّاتٍ تَجْرِي مِنْ تَحْتِهَا الْأَنْهَارُ خَالِدِينَ فِيهَا ۚ وَذَٰلِكَ جَزَاءُ الْمُحْسِنِينَ",
      "verseStringB": "So Allah will reward them for what they say: Gardens beneath which rivers flow, where they will stay forever. Such is the reward of the virtuous."
    },
    {
      "verseNumber": 86,
      "verseString": "وَالَّذِينَ كَفَرُوا وَكَذَّبُوا بِآيَاتِنَا أُولَٰئِكَ أَصْحَابُ الْجَحِيمِ",
      "verseStringB": "But as for those who disbelieve and deny Our messages: these are the inmates of the Inferno."
    },
    {
      "verseNumber": 87,
      "verseString": "يَا أَيُّهَا الَّذِينَ آمَنُوا لَا تُحَرِّمُوا طَيِّبَاتِ مَا أَحَلَّ اللَّهُ لَكُمْ وَلَا تَعْتَدُوا ۚ إِنَّ اللَّهَ لَا يُحِبُّ الْمُعْتَدِينَ",
      "verseStringB": "O you who believe! Do not prohibit the good things Allah has permitted for you, and do not commit aggression. Allah does not love the aggressors."
    },
    {
      "verseNumber": 88,
      "verseString": "وَكُلُوا مِمَّا رَزَقَكُمُ اللَّهُ حَلَالًا طَيِّبًا ۚ وَاتَّقُوا اللَّهَ الَّذِي أَنْتُمْ بِهِ مُؤْمِنُونَ",
      "verseStringB": "And eat of the lawful good things Allah has provided for you. And remain conscious of Allah, in Whom you are believers."
    },
    {
      "verseNumber": 89,
      "verseString": "لَا يُؤَاخِذُكُمُ اللَّهُ بِاللَّغْوِ فِي أَيْمَانِكُمْ وَلَٰكِنْ يُؤَاخِذُكُمْ بِمَا عَقَّدْتُمُ الْأَيْمَانَ ۖ فَكَفَّارَتُهُ إِطْعَامُ عَشَرَةِ مَسَاكِينَ مِنْ أَوْسَطِ مَا تُطْعِمُونَ أَهْلِيكُمْ أَوْ كِسْوَتُهُمْ أَوْ تَحْرِيرُ رَقَبَةٍ ۖ فَمَنْ لَمْ يَجِدْ فَصِيَامُ ثَلَاثَةِ أَيَّامٍ ۚ ذَٰلِكَ كَفَّارَةُ أَيْمَانِكُمْ إِذَا حَلَفْتُمْ ۚ وَاحْفَظُوا أَيْمَانَكُمْ ۚ كَذَٰلِكَ يُبَيِّنُ اللَّهُ لَكُمْ آيَاتِهِ لَعَلَّكُمْ تَشْكُرُونَ",
      "verseStringB": "Allah does not hold you accountable for your unintended oaths, but He holds you accountable for your deliberate oaths. The atonement for it is by feeding ten needy people from the average of what you feed your families, or by clothing them, or by freeing a slave. Anyone who lacks the means shall fast for three days. This is the atonement for breaking your oaths when you have sworn them. So keep your oaths. Thus Allah makes clear His revelations to you, so you may give thanks."
    },
    {
      "verseNumber": 90,
      "verseString": "يَا أَيُّهَا الَّذِينَ آمَنُوا إِنَّمَا الْخَمْرُ وَالْمَيْسِرُ وَالْأَنْصَابُ وَالْأَزْلَامُ رِجْسٌ مِنْ عَمَلِ الشَّيْطَانِ فَاجْتَنِبُوهُ لَعَلَّكُمْ تُفْلِحُونَ",
      "verseStringB": "O you who believe! Intoxicants, gambling, idolatry, and fortune-telling are abominations of Satan’s doing. So avoid them, so you may succeed."
    },
    {
      "verseNumber": 91,
      "verseString": "إِنَّمَا يُرِيدُ الشَّيْطَانُ أَنْ يُوقِعَ بَيْنَكُمُ الْعَدَاوَةَ وَالْبَغْضَاءَ فِي الْخَمْرِ وَالْمَيْسِرِ وَيَصُدَّكُمْ عَنْ ذِكْرِ اللَّهِ وَعَنِ الصَّلَاةِ ۖ فَهَلْ أَنْتُمْ مُنْتَهُونَ",
      "verseStringB": "Satan only desires to provoke enmity and hatred among you through intoxicants and gambling, and to deter you from the remembrance of Allah, and from prayer. Will you not give them up?"
    },
    {
      "verseNumber": 92,
      "verseString": "وَأَطِيعُوا اللَّهَ وَأَطِيعُوا الرَّسُولَ وَاحْذَرُوا ۚ فَإِنْ تَوَلَّيْتُمْ فَاعْلَمُوا أَنَّمَا عَلَىٰ رَسُولِنَا الْبَلَاغُ الْمُبِينُ",
      "verseStringB": "Obey Allah, and obey the Messenger, and be careful. If you turn away: know that Our Messenger’s duty is clear communication."
    },
    {
      "verseNumber": 93,
      "verseString": "لَيْسَ عَلَى الَّذِينَ آمَنُوا وَعَمِلُوا الصَّالِحَاتِ جُنَاحٌ فِيمَا طَعِمُوا إِذَا مَا اتَّقَوْا وَآمَنُوا وَعَمِلُوا الصَّالِحَاتِ ثُمَّ اتَّقَوْا وَآمَنُوا ثُمَّ اتَّقَوْا وَأَحْسَنُوا ۗ وَاللَّهُ يُحِبُّ الْمُحْسِنِينَ",
      "verseStringB": "There is no blame on those who believe and perform righteous deeds for what they may have eaten, provided they are careful, and believe, and perform righteous deeds, then maintain piety and faith, then remain righteous and charitable. Allah loves the charitable."
    },
    {
      "verseNumber": 94,
      "verseString": "يَا أَيُّهَا الَّذِينَ آمَنُوا لَيَبْلُوَنَّكُمُ اللَّهُ بِشَيْءٍ مِنَ الصَّيْدِ تَنَالُهُ أَيْدِيكُمْ وَرِمَاحُكُمْ لِيَعْلَمَ اللَّهُ مَنْ يَخَافُهُ بِالْغَيْبِ ۚ فَمَنِ اعْتَدَىٰ بَعْدَ ذَٰلِكَ فَلَهُ عَذَابٌ أَلِيمٌ",
      "verseStringB": "O you who believe! Allah will test you with something of the game your hands and your spears obtain, so that Allah may know who fears Him at heart. Whoever commits aggression after that will have a painful punishment."
    },
    {
      "verseNumber": 95,
      "verseString": "يَا أَيُّهَا الَّذِينَ آمَنُوا لَا تَقْتُلُوا الصَّيْدَ وَأَنْتُمْ حُرُمٌ ۚ وَمَنْ قَتَلَهُ مِنْكُمْ مُتَعَمِّدًا فَجَزَاءٌ مِثْلُ مَا قَتَلَ مِنَ النَّعَمِ يَحْكُمُ بِهِ ذَوَا عَدْلٍ مِنْكُمْ هَدْيًا بَالِغَ الْكَعْبَةِ أَوْ كَفَّارَةٌ طَعَامُ مَسَاكِينَ أَوْ عَدْلُ ذَٰلِكَ صِيَامًا لِيَذُوقَ وَبَالَ أَمْرِهِ ۗ عَفَا اللَّهُ عَمَّا سَلَفَ ۚ وَمَنْ عَادَ فَيَنْتَقِمُ اللَّهُ مِنْهُ ۗ وَاللَّهُ عَزِيزٌ ذُو انْتِقَامٍ",
      "verseStringB": "O you who believe! Do not kill game while you are in a state of pilgrim sanctity. Whoever kills it intentionally must compensate by offering its equivalence of livestock—as judged by two just men among you—as an offering brought to the Kaabah. Or he may atone by feeding the needy, or its equivalent in fasting, so that he may taste the consequences of his violation. Allah has forgiven what is past. But whoever relapses, Allah will take revenge on him. Allah is Almighty, Avenger."
    },
    {
      "verseNumber": 96,
      "verseString": "أُحِلَّ لَكُمْ صَيْدُ الْبَحْرِ وَطَعَامُهُ مَتَاعًا لَكُمْ وَلِلسَّيَّارَةِ ۖ وَحُرِّمَ عَلَيْكُمْ صَيْدُ الْبَرِّ مَا دُمْتُمْ حُرُمًا ۗ وَاتَّقُوا اللَّهَ الَّذِي إِلَيْهِ تُحْشَرُونَ",
      "verseStringB": "Permitted for you is the catch of the sea, and its food—as sustenance for you and for travelers. But forbidden for you is hunting on land, while you are in a state of pilgrim sanctity. And be mindful of Allah, to Whom you will be gathered."
    },
    {
      "verseNumber": 97,
      "verseString": "جَعَلَ اللَّهُ الْكَعْبَةَ الْبَيْتَ الْحَرَامَ قِيَامًا لِلنَّاسِ وَالشَّهْرَ الْحَرَامَ وَالْهَدْيَ وَالْقَلَائِدَ ۚ ذَٰلِكَ لِتَعْلَمُوا أَنَّ اللَّهَ يَعْلَمُ مَا فِي السَّمَاوَاتِ وَمَا فِي الْأَرْضِ وَأَنَّ اللَّهَ بِكُلِّ شَيْءٍ عَلِيمٌ",
      "verseStringB": "Allah has made the Kaabah, the Sacred House, a sanctuary for the people, and the Sacred Month, and the offerings, and the garlanded. So that you may know that Allah knows everything in the heavens and the earth, and that Allah is Cognizant of all things."
    },
    {
      "verseNumber": 98,
      "verseString": "اعْلَمُوا أَنَّ اللَّهَ شَدِيدُ الْعِقَابِ وَأَنَّ اللَّهَ غَفُورٌ رَحِيمٌ",
      "verseStringB": "Know that Allah is severe in retribution, and that Allah is Forgiving and Merciful."
    },
    {
      "verseNumber": 99,
      "verseString": "مَا عَلَى الرَّسُولِ إِلَّا الْبَلَاغُ ۗ وَاللَّهُ يَعْلَمُ مَا تُبْدُونَ وَمَا تَكْتُمُونَ",
      "verseStringB": "The Messenger’s only duty is to convey. And Allah knows what you disclose and what you conceal."
    },
    {
      "verseNumber": 100,
      "verseString": "قُلْ لَا يَسْتَوِي الْخَبِيثُ وَالطَّيِّبُ وَلَوْ أَعْجَبَكَ كَثْرَةُ الْخَبِيثِ ۚ فَاتَّقُوا اللَّهَ يَا أُولِي الْأَلْبَابِ لَعَلَّكُمْ تُفْلِحُونَ",
      "verseStringB": "Say: “Good and wicked are not equal, even though the abundance of wicked may impress you. So reverence Allah, O possessors of understanding, so that you may succeed.”"
    },
    {
      "verseNumber": 101,
      "verseString": "يَا أَيُّهَا الَّذِينَ آمَنُوا لَا تَسْأَلُوا عَنْ أَشْيَاءَ إِنْ تُبْدَ لَكُمْ تَسُؤْكُمْ وَإِنْ تَسْأَلُوا عَنْهَا حِينَ يُنَزَّلُ الْقُرْآنُ تُبْدَ لَكُمْ عَفَا اللَّهُ عَنْهَا ۗ وَاللَّهُ غَفُورٌ حَلِيمٌ",
      "verseStringB": "O you who believe! Do not ask about things, if disclosed to you, would trouble you. And if you inquire about them while the Quran is being revealed, they would become clear to you. Allah has pardoned this. Allah is Forgiving, Clement."
    },
    {
      "verseNumber": 102,
      "verseString": "قَدْ سَأَلَهَا قَوْمٌ مِنْ قَبْلِكُمْ ثُمَّ أَصْبَحُوا بِهَا كَافِرِينَ",
      "verseStringB": "Some people before you asked about them, but then came to reject them."
    },
    {
      "verseNumber": 103,
      "verseString": "مَا جَعَلَ اللَّهُ مِنْ بَحِيرَةٍ وَلَا سَائِبَةٍ وَلَا وَصِيلَةٍ وَلَا حَامٍ ۙ وَلَٰكِنَّ الَّذِينَ كَفَرُوا يَفْتَرُونَ عَلَى اللَّهِ الْكَذِبَ ۖ وَأَكْثَرُهُمْ لَا يَعْقِلُونَ",
      "verseStringB": "Allah did not institute the superstitions of Bahirah, Saibah, Wasilah, or of Hami. But those who disbelieve fabricate lies against Allah, and most of them do not understand."
    },
    {
      "verseNumber": 104,
      "verseString": "وَإِذَا قِيلَ لَهُمْ تَعَالَوْا إِلَىٰ مَا أَنْزَلَ اللَّهُ وَإِلَى الرَّسُولِ قَالُوا حَسْبُنَا مَا وَجَدْنَا عَلَيْهِ آبَاءَنَا ۚ أَوَلَوْ كَانَ آبَاؤُهُمْ لَا يَعْلَمُونَ شَيْئًا وَلَا يَهْتَدُونَ",
      "verseStringB": "And when it is said to them, “Come to what Allah has revealed, and to the Messenger,” they say, “Sufficient for us is what we found our forefathers upon.” Even if their forefathers knew nothing, and were not guided?"
    },
    {
      "verseNumber": 105,
      "verseString": "يَا أَيُّهَا الَّذِينَ آمَنُوا عَلَيْكُمْ أَنْفُسَكُمْ ۖ لَا يَضُرُّكُمْ مَنْ ضَلَّ إِذَا اهْتَدَيْتُمْ ۚ إِلَى اللَّهِ مَرْجِعُكُمْ جَمِيعًا فَيُنَبِّئُكُمْ بِمَا كُنْتُمْ تَعْمَلُونَ",
      "verseStringB": "O you who believe! You are responsible for your own souls. He who strays cannot harm you if you are guided. To Allah is your return, all of you, and He will inform you of what you used to do."
    },
    {
      "verseNumber": 106,
      "verseString": "يَا أَيُّهَا الَّذِينَ آمَنُوا شَهَادَةُ بَيْنِكُمْ إِذَا حَضَرَ أَحَدَكُمُ الْمَوْتُ حِينَ الْوَصِيَّةِ اثْنَانِ ذَوَا عَدْلٍ مِنْكُمْ أَوْ آخَرَانِ مِنْ غَيْرِكُمْ إِنْ أَنْتُمْ ضَرَبْتُمْ فِي الْأَرْضِ فَأَصَابَتْكُمْ مُصِيبَةُ الْمَوْتِ ۚ تَحْبِسُونَهُمَا مِنْ بَعْدِ الصَّلَاةِ فَيُقْسِمَانِ بِاللَّهِ إِنِ ارْتَبْتُمْ لَا نَشْتَرِي بِهِ ثَمَنًا وَلَوْ كَانَ ذَا قُرْبَىٰ ۙ وَلَا نَكْتُمُ شَهَادَةَ اللَّهِ إِنَّا إِذًا لَمِنَ الْآثِمِينَ",
      "verseStringB": "O you who believe! When death approaches one of you, let two just persons from among you act as witnesses to the making of a will, or two persons from another people if you are traveling in the land and the tragedy of death approaches you. Engage them after the prayer. If you have doubts, let them swear by Allah: “We will not sell our testimony for any price, even if he is a near relative, and we will not conceal Allah’s testimony, for then we would be sinful.”"
    },
    {
      "verseNumber": 107,
      "verseString": "فَإِنْ عُثِرَ عَلَىٰ أَنَّهُمَا اسْتَحَقَّا إِثْمًا فَآخَرَانِ يَقُومَانِ مَقَامَهُمَا مِنَ الَّذِينَ اسْتَحَقَّ عَلَيْهِمُ الْأَوْلَيَانِ فَيُقْسِمَانِ بِاللَّهِ لَشَهَادَتُنَا أَحَقُّ مِنْ شَهَادَتِهِمَا وَمَا اعْتَدَيْنَا إِنَّا إِذًا لَمِنَ الظَّالِمِينَ",
      "verseStringB": "But if it is discovered that they are guilty of perjury, then two others shall stand in their place, from among those responsible for the claim. And have them swear by Allah, “Our testimony is more truthful than their testimony, and we will not be biased, otherwise we would be unjust.”"
    },
    {
      "verseNumber": 108,
      "verseString": "ذَٰلِكَ أَدْنَىٰ أَنْ يَأْتُوا بِالشَّهَادَةِ عَلَىٰ وَجْهِهَا أَوْ يَخَافُوا أَنْ تُرَدَّ أَيْمَانٌ بَعْدَ أَيْمَانِهِمْ ۗ وَاتَّقُوا اللَّهَ وَاسْمَعُوا ۗ وَاللَّهُ لَا يَهْدِي الْقَوْمَ الْفَاسِقِينَ",
      "verseStringB": "This makes it more likely that they will give true testimony, fearing that their oaths may be refuted by subsequent oaths. So reverence Allah, and listen. Allah does not guide the disobedient people."
    },
    {
      "verseNumber": 109,
      "verseString": "يَوْمَ يَجْمَعُ اللَّهُ الرُّسُلَ فَيَقُولُ مَاذَا أُجِبْتُمْ ۖ قَالُوا لَا عِلْمَ لَنَا ۖ إِنَّكَ أَنْتَ عَلَّامُ الْغُيُوبِ",
      "verseStringB": "On the Day when Allah will gather the messengers, and say, “What response did you receive?” They will say, “We have no knowledge; it is You Who are the Knower of the unseen.”"
    },
    {
      "verseNumber": 110,
      "verseString": "إِذْ قَالَ اللَّهُ يَا عِيسَى ابْنَ مَرْيَمَ اذْكُرْ نِعْمَتِي عَلَيْكَ وَعَلَىٰ وَالِدَتِكَ إِذْ أَيَّدْتُكَ بِرُوحِ الْقُدُسِ تُكَلِّمُ النَّاسَ فِي الْمَهْدِ وَكَهْلًا ۖ وَإِذْ عَلَّمْتُكَ الْكِتَابَ وَالْحِكْمَةَ وَالتَّوْرَاةَ وَالْإِنْجِيلَ ۖ وَإِذْ تَخْلُقُ مِنَ الطِّينِ كَهَيْئَةِ الطَّيْرِ بِإِذْنِي فَتَنْفُخُ فِيهَا فَتَكُونُ طَيْرًا بِإِذْنِي ۖ وَتُبْرِئُ الْأَكْمَهَ وَالْأَبْرَصَ بِإِذْنِي ۖ وَإِذْ تُخْرِجُ الْمَوْتَىٰ بِإِذْنِي ۖ وَإِذْ كَفَفْتُ بَنِي إِسْرَائِيلَ عَنْكَ إِذْ جِئْتَهُمْ بِالْبَيِّنَاتِ فَقَالَ الَّذِينَ كَفَرُوا مِنْهُمْ إِنْ هَٰذَا إِلَّا سِحْرٌ مُبِينٌ",
      "verseStringB": "Then Allah will say, “O Jesus, son of Mary! Remember My favor upon you, and upon your mother, how I supported you with the Holy Spirit. You spoke to the people from the crib, and in maturity. How I taught you the Scripture and Wisdom, and the Torah and the Gospel. And how you would mold from clay the shape of a bird, by My leave, and you would breathe into it, and it would become a bird, by My leave. And how you would heal the blind and the leprous, by My leave; and how you would revive the dead, by My leave. And remember that I restrained the Children of Israel from you when you came to them with the clear miracles, and those who disbelieved among them said, `This is nothing but obvious sorcery.'”"
    },
    {
      "verseNumber": 111,
      "verseString": "وَإِذْ أَوْحَيْتُ إِلَى الْحَوَارِيِّينَ أَنْ آمِنُوا بِي وَبِرَسُولِي قَالُوا آمَنَّا وَاشْهَدْ بِأَنَّنَا مُسْلِمُونَ",
      "verseStringB": "“And when I inspired the disciples: `Believe in Me and in My Messenger.' They said, `We have believed, so bear witness that We are submitters.'”"
    },
    {
      "verseNumber": 112,
      "verseString": "إِذْ قَالَ الْحَوَارِيُّونَ يَا عِيسَى ابْنَ مَرْيَمَ هَلْ يَسْتَطِيعُ رَبُّكَ أَنْ يُنَزِّلَ عَلَيْنَا مَائِدَةً مِنَ السَّمَاءِ ۖ قَالَ اتَّقُوا اللَّهَ إِنْ كُنْتُمْ مُؤْمِنِينَ",
      "verseStringB": "“And when the disciples said, 'O Jesus, son of Mary. Is your Lord able to send down a feast for us from heaven?' He said, 'Fear Allah—if you are believers.'”"
    },
    {
      "verseNumber": 113,
      "verseString": "قَالُوا نُرِيدُ أَنْ نَأْكُلَ مِنْهَا وَتَطْمَئِنَّ قُلُوبُنَا وَنَعْلَمَ أَنْ قَدْ صَدَقْتَنَا وَنَكُونَ عَلَيْهَا مِنَ الشَّاهِدِينَ",
      "verseStringB": "They said, “We wish to eat from it, and to reassure our hearts, and to know that you have told us the truth, and to be among its witnesses.”"
    },
    {
      "verseNumber": 114,
      "verseString": "قَالَ عِيسَى ابْنُ مَرْيَمَ اللَّهُمَّ رَبَّنَا أَنْزِلْ عَلَيْنَا مَائِدَةً مِنَ السَّمَاءِ تَكُونُ لَنَا عِيدًا لِأَوَّلِنَا وَآخِرِنَا وَآيَةً مِنْكَ ۖ وَارْزُقْنَا وَأَنْتَ خَيْرُ الرَّازِقِينَ",
      "verseStringB": "Jesus son of Mary said, “O Allah, our Lord! Send down to us a table from heaven, to be a celebration for us, for the first of us, and the last of us, and a sign from You, and provide for us, you are the Best of providers.”"
    },
    {
      "verseNumber": 115,
      "verseString": "قَالَ اللَّهُ إِنِّي مُنَزِّلُهَا عَلَيْكُمْ ۖ فَمَنْ يَكْفُرْ بَعْدُ مِنْكُمْ فَإِنِّي أُعَذِّبُهُ عَذَابًا لَا أُعَذِّبُهُ أَحَدًا مِنَ الْعَالَمِينَ",
      "verseStringB": "Allah said, “I am sending it down to you. But whoever among you disbelieves thereafter, I will punish him with a punishment the like of which I punish no other being.”"
    },
    {
      "verseNumber": 116,
      "verseString": "وَإِذْ قَالَ اللَّهُ يَا عِيسَى ابْنَ مَرْيَمَ أَأَنْتَ قُلْتَ لِلنَّاسِ اتَّخِذُونِي وَأُمِّيَ إِلَٰهَيْنِ مِنْ دُونِ اللَّهِ ۖ قَالَ سُبْحَانَكَ مَا يَكُونُ لِي أَنْ أَقُولَ مَا لَيْسَ لِي بِحَقٍّ ۚ إِنْ كُنْتُ قُلْتُهُ فَقَدْ عَلِمْتَهُ ۚ تَعْلَمُ مَا فِي نَفْسِي وَلَا أَعْلَمُ مَا فِي نَفْسِكَ ۚ إِنَّكَ أَنْتَ عَلَّامُ الْغُيُوبِ",
      "verseStringB": "And Allah will say, “O Jesus, son of Mary! Did you say to the people, ‘Take me and my mother as gods apart from Allah?’” He will say, “Glory be to You! It is not for me to say what I have no right to. Had I said it, You would have known it. You know what is within me, and I do not know what is within You. It is you who are the Knower of the hidden."
    },
    {
      "verseNumber": 117,
      "verseString": "مَا قُلْتُ لَهُمْ إِلَّا مَا أَمَرْتَنِي بِهِ أَنِ اعْبُدُوا اللَّهَ رَبِّي وَرَبَّكُمْ ۚ وَكُنْتُ عَلَيْهِمْ شَهِيدًا مَا دُمْتُ فِيهِمْ ۖ فَلَمَّا تَوَفَّيْتَنِي كُنْتَ أَنْتَ الرَّقِيبَ عَلَيْهِمْ ۚ وَأَنْتَ عَلَىٰ كُلِّ شَيْءٍ شَهِيدٌ",
      "verseStringB": "I only told them what You commanded me: ‘Worship Allah—my Lord and your Lord.’ And I was a witness over them, as long as I was among them. But when You took me back, You were the Watcher over them—You are Witness over all things."
    },
    {
      "verseNumber": 118,
      "verseString": "إِنْ تُعَذِّبْهُمْ فَإِنَّهُمْ عِبَادُكَ ۖ وَإِنْ تَغْفِرْ لَهُمْ فَإِنَّكَ أَنْتَ الْعَزِيزُ الْحَكِيمُ",
      "verseStringB": "If You punish them, they are Your servants; but if You forgive them: it is you who are the Mighty and Wise.”"
    },
    {
      "verseNumber": 119,
      "verseString": "قَالَ اللَّهُ هَٰذَا يَوْمُ يَنْفَعُ الصَّادِقِينَ صِدْقُهُمْ ۚ لَهُمْ جَنَّاتٌ تَجْرِي مِنْ تَحْتِهَا الْأَنْهَارُ خَالِدِينَ فِيهَا أَبَدًا ۚ رَضِيَ اللَّهُ عَنْهُمْ وَرَضُوا عَنْهُ ۚ ذَٰلِكَ الْفَوْزُ الْعَظِيمُ",
      "verseStringB": "Allah will say, “This is a Day when the truthful will benefit from their truthfulness.” For them are Gardens under which rivers flow, where they will remain forever. Allah is pleased with them, and they are pleased with Him. That is the supreme attainment."
    },
    {
      "verseNumber": 120,
      "verseString": "لِلَّهِ مُلْكُ السَّمَاوَاتِ وَالْأَرْضِ وَمَا فِيهِنَّ ۚ وَهُوَ عَلَىٰ كُلِّ شَيْءٍ قَدِيرٌ",
      "verseStringB": "To Allah belongs the sovereignty of the heavens and the earth and everything in them, and He is capable of everything."
    }
  ],
  "nameEnglish": "The Table",
  "nameTrans": "al-Ma'idah",
  "nameArabic": "المائدة",
  "chapterNumber": 5,
  "nVerses": 120
}