{
  "verses": [
    {
      "verseNumber": 0,
      "verseString": "بِسْمِ اللَّهِ الرَّحْمَٰنِ الرَّحِيمِ",
      "verseStringB": "In the name of Allah, the Compassionate, the Merciful."
    },
    {
      "verseNumber": 1,
      "verseString": "الر ۚ تِلْكَ آيَاتُ الْكِتَابِ الْمُبِينِ",
      "verseStringB": "Alif. Lam. Ra. These are the Verses of the Clarifying Book."
    },
    {
      "verseNumber": 2,
      "verseString": "إِنَّا أَنْزَلْنَاهُ قُرْآنًا عَرَبِيًّا لَعَلَّكُمْ تَعْقِلُونَ",
      "verseStringB": "We have revealed it an Arabic Quran, so that you may understand."
    },
    {
      "verseNumber": 3,
      "verseString": "نَحْنُ نَقُصُّ عَلَيْكَ أَحْسَنَ الْقَصَصِ بِمَا أَوْحَيْنَا إِلَيْكَ هَٰذَا الْقُرْآنَ وَإِنْ كُنْتَ مِنْ قَبْلِهِ لَمِنَ الْغَافِلِينَ",
      "verseStringB": "We relate to you the most accurate history, by revealing to you this Quran. Although, prior to it, you were of the unaware."
    },
    {
      "verseNumber": 4,
      "verseString": "إِذْ قَالَ يُوسُفُ لِأَبِيهِ يَا أَبَتِ إِنِّي رَأَيْتُ أَحَدَ عَشَرَ كَوْكَبًا وَالشَّمْسَ وَالْقَمَرَ رَأَيْتُهُمْ لِي سَاجِدِينَ",
      "verseStringB": "When Joseph said to his father, “O my father, I saw eleven planets, and the sun, and the moon. I saw them prostrating to me.”"
    },
    {
      "verseNumber": 5,
      "verseString": "قَالَ يَا بُنَيَّ لَا تَقْصُصْ رُؤْيَاكَ عَلَىٰ إِخْوَتِكَ فَيَكِيدُوا لَكَ كَيْدًا ۖ إِنَّ الشَّيْطَانَ لِلْإِنْسَانِ عَدُوٌّ مُبِينٌ",
      "verseStringB": "He said, “O my son, do not relate your vision to your brothers, lest they plot and scheme against you. Satan is man's sworn enemy."
    },
    {
      "verseNumber": 6,
      "verseString": "وَكَذَٰلِكَ يَجْتَبِيكَ رَبُّكَ وَيُعَلِّمُكَ مِنْ تَأْوِيلِ الْأَحَادِيثِ وَيُتِمُّ نِعْمَتَهُ عَلَيْكَ وَعَلَىٰ آلِ يَعْقُوبَ كَمَا أَتَمَّهَا عَلَىٰ أَبَوَيْكَ مِنْ قَبْلُ إِبْرَاهِيمَ وَإِسْحَاقَ ۚ إِنَّ رَبَّكَ عَلِيمٌ حَكِيمٌ",
      "verseStringB": "And so your Lord will choose you, and will teach you the interpretation of events, and will complete His favor upon you and upon the House of Jacob, just as He completed it before upon your forefathers Abraham and Isaac. Your Lord is Knowing and Wise."
    },
    {
      "verseNumber": 7,
      "verseString": "لَقَدْ كَانَ فِي يُوسُفَ وَإِخْوَتِهِ آيَاتٌ لِلسَّائِلِينَ",
      "verseStringB": "In Joseph and his brothers are lessons for the seekers."
    },
    {
      "verseNumber": 8,
      "verseString": "إِذْ قَالُوا لَيُوسُفُ وَأَخُوهُ أَحَبُّ إِلَىٰ أَبِينَا مِنَّا وَنَحْنُ عُصْبَةٌ إِنَّ أَبَانَا لَفِي ضَلَالٍ مُبِينٍ",
      "verseStringB": "When they said, “Joseph and his brother are dearer to our father than we are, although we are a bunch. Our father is clearly in the wrong.”"
    },
    {
      "verseNumber": 9,
      "verseString": "اقْتُلُوا يُوسُفَ أَوِ اطْرَحُوهُ أَرْضًا يَخْلُ لَكُمْ وَجْهُ أَبِيكُمْ وَتَكُونُوا مِنْ بَعْدِهِ قَوْمًا صَالِحِينَ",
      "verseStringB": "“Kill Joseph, or throw him somewhere in the land, and your father‘s attention will be all yours. Afterward, you will be decent people.”"
    },
    {
      "verseNumber": 10,
      "verseString": "قَالَ قَائِلٌ مِنْهُمْ لَا تَقْتُلُوا يُوسُفَ وَأَلْقُوهُ فِي غَيَابَتِ الْجُبِّ يَلْتَقِطْهُ بَعْضُ السَّيَّارَةِ إِنْ كُنْتُمْ فَاعِلِينَ",
      "verseStringB": "One of them said, “Do not kill Joseph, but throw him into the bottom of the well; some caravan may pick him up—if you must do something.”"
    },
    {
      "verseNumber": 11,
      "verseString": "قَالُوا يَا أَبَانَا مَا لَكَ لَا تَأْمَنَّا عَلَىٰ يُوسُفَ وَإِنَّا لَهُ لَنَاصِحُونَ",
      "verseStringB": "They said, “Father, why don't you trust us with Joseph, although we care for him?”"
    },
    {
      "verseNumber": 12,
      "verseString": "أَرْسِلْهُ مَعَنَا غَدًا يَرْتَعْ وَيَلْعَبْ وَإِنَّا لَهُ لَحَافِظُونَ",
      "verseStringB": "“Let him go with us tomorrow, to enjoy himself and play; we will take good care of him.”"
    },
    {
      "verseNumber": 13,
      "verseString": "قَالَ إِنِّي لَيَحْزُنُنِي أَنْ تَذْهَبُوا بِهِ وَأَخَافُ أَنْ يَأْكُلَهُ الذِّئْبُ وَأَنْتُمْ عَنْهُ غَافِلُونَ",
      "verseStringB": "He said, “It worries me that you would take him away. And I fear that the wolf may eat him, while you are careless of him.”"
    },
    {
      "verseNumber": 14,
      "verseString": "قَالُوا لَئِنْ أَكَلَهُ الذِّئْبُ وَنَحْنُ عُصْبَةٌ إِنَّا إِذًا لَخَاسِرُونَ",
      "verseStringB": "They said, “If the wolf were to eat him, and we are so many, we would be worthless.”"
    },
    {
      "verseNumber": 15,
      "verseString": "فَلَمَّا ذَهَبُوا بِهِ وَأَجْمَعُوا أَنْ يَجْعَلُوهُ فِي غَيَابَتِ الْجُبِّ ۚ وَأَوْحَيْنَا إِلَيْهِ لَتُنَبِّئَنَّهُمْ بِأَمْرِهِمْ هَٰذَا وَهُمْ لَا يَشْعُرُونَ",
      "verseStringB": "So they went away with him, and they agreed to put him in the well's bottom. And We inspired him, “You will inform them of this deed of theirs when they are unaware.”"
    },
    {
      "verseNumber": 16,
      "verseString": "وَجَاءُوا أَبَاهُمْ عِشَاءً يَبْكُونَ",
      "verseStringB": "And they returned to their father in the evening, weeping."
    },
    {
      "verseNumber": 17,
      "verseString": "قَالُوا يَا أَبَانَا إِنَّا ذَهَبْنَا نَسْتَبِقُ وَتَرَكْنَا يُوسُفَ عِنْدَ مَتَاعِنَا فَأَكَلَهُ الذِّئْبُ ۖ وَمَا أَنْتَ بِمُؤْمِنٍ لَنَا وَلَوْ كُنَّا صَادِقِينَ",
      "verseStringB": "They said, “O father, we went racing with one another, and we left Joseph by our belongings, and the wolf ate him. But you will not believe us, even if we were truthful.”"
    },
    {
      "verseNumber": 18,
      "verseString": "وَجَاءُوا عَلَىٰ قَمِيصِهِ بِدَمٍ كَذِبٍ ۚ قَالَ بَلْ سَوَّلَتْ لَكُمْ أَنْفُسُكُمْ أَمْرًا ۖ فَصَبْرٌ جَمِيلٌ ۖ وَاللَّهُ الْمُسْتَعَانُ عَلَىٰ مَا تَصِفُونَ",
      "verseStringB": "And they brought his shirt, with fake blood on it. He said, “Your souls enticed you to something. Beautiful Patience! And Allah is the One Whose help is sought against what you claim.”"
    },
    {
      "verseNumber": 19,
      "verseString": "وَجَاءَتْ سَيَّارَةٌ فَأَرْسَلُوا وَارِدَهُمْ فَأَدْلَىٰ دَلْوَهُ ۖ قَالَ يَا بُشْرَىٰ هَٰذَا غُلَامٌ ۚ وَأَسَرُّوهُ بِضَاعَةً ۚ وَاللَّهُ عَلِيمٌ بِمَا يَعْمَلُونَ",
      "verseStringB": "And a caravan passed by, and they sent their water-carrier. He lowered his bucket, and said, “Good news. There is a boy.” And they hid him as merchandise. But Allah knew what they did."
    },
    {
      "verseNumber": 20,
      "verseString": "وَشَرَوْهُ بِثَمَنٍ بَخْسٍ دَرَاهِمَ مَعْدُودَةٍ وَكَانُوا فِيهِ مِنَ الزَّاهِدِينَ",
      "verseStringB": "And they sold him for a low price—a few coins—they considered him to be of little value."
    },
    {
      "verseNumber": 21,
      "verseString": "وَقَالَ الَّذِي اشْتَرَاهُ مِنْ مِصْرَ لِامْرَأَتِهِ أَكْرِمِي مَثْوَاهُ عَسَىٰ أَنْ يَنْفَعَنَا أَوْ نَتَّخِذَهُ وَلَدًا ۚ وَكَذَٰلِكَ مَكَّنَّا لِيُوسُفَ فِي الْأَرْضِ وَلِنُعَلِّمَهُ مِنْ تَأْوِيلِ الْأَحَادِيثِ ۚ وَاللَّهُ غَالِبٌ عَلَىٰ أَمْرِهِ وَلَٰكِنَّ أَكْثَرَ النَّاسِ لَا يَعْلَمُونَ",
      "verseStringB": "The man from Egypt who bought him said to his wife, “Take good care of him; he may be useful to us, or we may adopt him as a son.” We thus established Joseph in the land, to teach him the interpretation of events. Allah prevails over His affairs, but most people do not know."
    },
    {
      "verseNumber": 22,
      "verseString": "وَلَمَّا بَلَغَ أَشُدَّهُ آتَيْنَاهُ حُكْمًا وَعِلْمًا ۚ وَكَذَٰلِكَ نَجْزِي الْمُحْسِنِينَ",
      "verseStringB": "And when he reached his maturity, We gave him wisdom and knowledge. Thus We reward the righteous."
    },
    {
      "verseNumber": 23,
      "verseString": "وَرَاوَدَتْهُ الَّتِي هُوَ فِي بَيْتِهَا عَنْ نَفْسِهِ وَغَلَّقَتِ الْأَبْوَابَ وَقَالَتْ هَيْتَ لَكَ ۚ قَالَ مَعَاذَ اللَّهِ ۖ إِنَّهُ رَبِّي أَحْسَنَ مَثْوَايَ ۖ إِنَّهُ لَا يُفْلِحُ الظَّالِمُونَ",
      "verseStringB": "She in whose house he was living tried to seduce him. She shut the doors, and said, “Come to me!” He said, “Allah is my refuge! He is my Lord. He has given me a good home. Sinners never succeed.”"
    },
    {
      "verseNumber": 24,
      "verseString": "وَلَقَدْ هَمَّتْ بِهِ ۖ وَهَمَّ بِهَا لَوْلَا أَنْ رَأَىٰ بُرْهَانَ رَبِّهِ ۚ كَذَٰلِكَ لِنَصْرِفَ عَنْهُ السُّوءَ وَالْفَحْشَاءَ ۚ إِنَّهُ مِنْ عِبَادِنَا الْمُخْلَصِينَ",
      "verseStringB": "She desired him, and he desired her, had he not seen the evidence of his Lord. It was thus that We diverted evil and indecency from him. He is one of Our chosen servants."
    },
    {
      "verseNumber": 25,
      "verseString": "وَاسْتَبَقَا الْبَابَ وَقَدَّتْ قَمِيصَهُ مِنْ دُبُرٍ وَأَلْفَيَا سَيِّدَهَا لَدَى الْبَابِ ۚ قَالَتْ مَا جَزَاءُ مَنْ أَرَادَ بِأَهْلِكَ سُوءًا إِلَّا أَنْ يُسْجَنَ أَوْ عَذَابٌ أَلِيمٌ",
      "verseStringB": "And they raced towards the door, and she tore his shirt from behind. At the door, they ran into her master. She said, “What is the punishment for anyone who tried to violate your wife, except imprisonment or a painful punishment?”"
    },
    {
      "verseNumber": 26,
      "verseString": "قَالَ هِيَ رَاوَدَتْنِي عَنْ نَفْسِي ۚ وَشَهِدَ شَاهِدٌ مِنْ أَهْلِهَا إِنْ كَانَ قَمِيصُهُ قُدَّ مِنْ قُبُلٍ فَصَدَقَتْ وَهُوَ مِنَ الْكَاذِبِينَ",
      "verseStringB": "He said, “It was she who tried to seduce me.” And a witness from her household suggested: “If his shirt is torn from the front: then she has told the truth, and he is the liar."
    },
    {
      "verseNumber": 27,
      "verseString": "وَإِنْ كَانَ قَمِيصُهُ قُدَّ مِنْ دُبُرٍ فَكَذَبَتْ وَهُوَ مِنَ الصَّادِقِينَ",
      "verseStringB": "But if his shirt is torn from behind: then she has lied, and he is the truthful.”"
    },
    {
      "verseNumber": 28,
      "verseString": "فَلَمَّا رَأَىٰ قَمِيصَهُ قُدَّ مِنْ دُبُرٍ قَالَ إِنَّهُ مِنْ كَيْدِكُنَّ ۖ إِنَّ كَيْدَكُنَّ عَظِيمٌ",
      "verseStringB": "And when he saw that his shirt is torn from behind, he said, “This is among the schemes of you women—your scheming is serious indeed.”"
    },
    {
      "verseNumber": 29,
      "verseString": "يُوسُفُ أَعْرِضْ عَنْ هَٰذَا ۚ وَاسْتَغْفِرِي لِذَنْبِكِ ۖ إِنَّكِ كُنْتِ مِنَ الْخَاطِئِينَ",
      "verseStringB": "“Joseph! Turn away from this. And you, woman, ask forgiveness for your sin; you are indeed in the wrong.”"
    },
    {
      "verseNumber": 30,
      "verseString": "وَقَالَ نِسْوَةٌ فِي الْمَدِينَةِ امْرَأَتُ الْعَزِيزِ تُرَاوِدُ فَتَاهَا عَنْ نَفْسِهِ ۖ قَدْ شَغَفَهَا حُبًّا ۖ إِنَّا لَنَرَاهَا فِي ضَلَالٍ مُبِينٍ",
      "verseStringB": "Some women in the city said, “The governor's wife is trying to seduce her servant. She is deeply in love with him. We see that she is clearly lost.”"
    },
    {
      "verseNumber": 31,
      "verseString": "فَلَمَّا سَمِعَتْ بِمَكْرِهِنَّ أَرْسَلَتْ إِلَيْهِنَّ وَأَعْتَدَتْ لَهُنَّ مُتَّكَأً وَآتَتْ كُلَّ وَاحِدَةٍ مِنْهُنَّ سِكِّينًا وَقَالَتِ اخْرُجْ عَلَيْهِنَّ ۖ فَلَمَّا رَأَيْنَهُ أَكْبَرْنَهُ وَقَطَّعْنَ أَيْدِيَهُنَّ وَقُلْنَ حَاشَ لِلَّهِ مَا هَٰذَا بَشَرًا إِنْ هَٰذَا إِلَّا مَلَكٌ كَرِيمٌ",
      "verseStringB": "And when she heard of their gossip, she invited them, and prepared a banquet for them, and gave each of them a knife. And she said, “Come out before them.” And when they saw him, they marveled at him, and they cut their hands, and said, “Good God, this is not a human, this must be a precious angel.”"
    },
    {
      "verseNumber": 32,
      "verseString": "قَالَتْ فَذَٰلِكُنَّ الَّذِي لُمْتُنَّنِي فِيهِ ۖ وَلَقَدْ رَاوَدْتُهُ عَنْ نَفْسِهِ فَاسْتَعْصَمَ ۖ وَلَئِنْ لَمْ يَفْعَلْ مَا آمُرُهُ لَيُسْجَنَنَّ وَلَيَكُونًا مِنَ الصَّاغِرِينَ",
      "verseStringB": "She said, “Here is the one you blamed me for. I did try to seduce him, but he resisted. And if he does not do what I command him, he will be imprisoned, and he will be one of the despised.”"
    },
    {
      "verseNumber": 33,
      "verseString": "قَالَ رَبِّ السِّجْنُ أَحَبُّ إِلَيَّ مِمَّا يَدْعُونَنِي إِلَيْهِ ۖ وَإِلَّا تَصْرِفْ عَنِّي كَيْدَهُنَّ أَصْبُ إِلَيْهِنَّ وَأَكُنْ مِنَ الْجَاهِلِينَ",
      "verseStringB": "He said, “My Lord, prison is more desirable to me than what they call me to. Unless You turn their scheming away from me, I may yield to them, and become one of the ignorant.”"
    },
    {
      "verseNumber": 34,
      "verseString": "فَاسْتَجَابَ لَهُ رَبُّهُ فَصَرَفَ عَنْهُ كَيْدَهُنَّ ۚ إِنَّهُ هُوَ السَّمِيعُ الْعَلِيمُ",
      "verseStringB": "So his Lord answered him, and turned their cunning away from him. He is the Hearer, the Knower."
    },
    {
      "verseNumber": 35,
      "verseString": "ثُمَّ بَدَا لَهُمْ مِنْ بَعْدِ مَا رَأَوُا الْآيَاتِ لَيَسْجُنُنَّهُ حَتَّىٰ حِينٍ",
      "verseStringB": "Then it occurred to them—after they had seen the proofs—to imprison him for a time."
    },
    {
      "verseNumber": 36,
      "verseString": "وَدَخَلَ مَعَهُ السِّجْنَ فَتَيَانِ ۖ قَالَ أَحَدُهُمَا إِنِّي أَرَانِي أَعْصِرُ خَمْرًا ۖ وَقَالَ الْآخَرُ إِنِّي أَرَانِي أَحْمِلُ فَوْقَ رَأْسِي خُبْزًا تَأْكُلُ الطَّيْرُ مِنْهُ ۖ نَبِّئْنَا بِتَأْوِيلِهِ ۖ إِنَّا نَرَاكَ مِنَ الْمُحْسِنِينَ",
      "verseStringB": "Two young men entered the prison with him. One of them said, “I see myself pressing wine.” The other said, “I see myself carrying bread on my head, from which the birds eat. Inform us of its interpretation—we see that you are one of the righteous.”"
    },
    {
      "verseNumber": 37,
      "verseString": "قَالَ لَا يَأْتِيكُمَا طَعَامٌ تُرْزَقَانِهِ إِلَّا نَبَّأْتُكُمَا بِتَأْوِيلِهِ قَبْلَ أَنْ يَأْتِيَكُمَا ۚ ذَٰلِكُمَا مِمَّا عَلَّمَنِي رَبِّي ۚ إِنِّي تَرَكْتُ مِلَّةَ قَوْمٍ لَا يُؤْمِنُونَ بِاللَّهِ وَهُمْ بِالْآخِرَةِ هُمْ كَافِرُونَ",
      "verseStringB": "He said, “No food is served to you, but I informed you about it before you received it. This is some of what my Lord has taught me. I have forsaken the tradition of people who do not believe in Allah; and regarding the Hereafter, they are deniers.”"
    },
    {
      "verseNumber": 38,
      "verseString": "وَاتَّبَعْتُ مِلَّةَ آبَائِي إِبْرَاهِيمَ وَإِسْحَاقَ وَيَعْقُوبَ ۚ مَا كَانَ لَنَا أَنْ نُشْرِكَ بِاللَّهِ مِنْ شَيْءٍ ۚ ذَٰلِكَ مِنْ فَضْلِ اللَّهِ عَلَيْنَا وَعَلَى النَّاسِ وَلَٰكِنَّ أَكْثَرَ النَّاسِ لَا يَشْكُرُونَ",
      "verseStringB": "“And I have followed the faith of my forefathers: Abraham, Isaac, and Jacob. It is not for us to ascribe any partners to Allah. This is by virtue of Allah’s grace upon us and upon the people, but most people do not give thanks.”"
    },
    {
      "verseNumber": 39,
      "verseString": "يَا صَاحِبَيِ السِّجْنِ أَأَرْبَابٌ مُتَفَرِّقُونَ خَيْرٌ أَمِ اللَّهُ الْوَاحِدُ الْقَهَّارُ",
      "verseStringB": "“O my fellow inmates: are diverse lords better, or Allah, the One, the Supreme?”"
    },
    {
      "verseNumber": 40,
      "verseString": "مَا تَعْبُدُونَ مِنْ دُونِهِ إِلَّا أَسْمَاءً سَمَّيْتُمُوهَا أَنْتُمْ وَآبَاؤُكُمْ مَا أَنْزَلَ اللَّهُ بِهَا مِنْ سُلْطَانٍ ۚ إِنِ الْحُكْمُ إِلَّا لِلَّهِ ۚ أَمَرَ أَلَّا تَعْبُدُوا إِلَّا إِيَّاهُ ۚ ذَٰلِكَ الدِّينُ الْقَيِّمُ وَلَٰكِنَّ أَكْثَرَ النَّاسِ لَا يَعْلَمُونَ",
      "verseStringB": "“You worship apart from him nothing but names, that you have named—you and your ancestors—a practice Allah never authorized. Judgment rests with none but Allah. He has commanded that you worship none but Him. This is the upright religion, but most people do not know."
    },
    {
      "verseNumber": 41,
      "verseString": "يَا صَاحِبَيِ السِّجْنِ أَمَّا أَحَدُكُمَا فَيَسْقِي رَبَّهُ خَمْرًا ۖ وَأَمَّا الْآخَرُ فَيُصْلَبُ فَتَأْكُلُ الطَّيْرُ مِنْ رَأْسِهِ ۚ قُضِيَ الْأَمْرُ الَّذِي فِيهِ تَسْتَفْتِيَانِ",
      "verseStringB": "“O, my fellow inmates! One of you will serve his master wine. As for the other, he will be crucified, and birds will eat from his head. Thus the matter you are inquiring about is settled.”"
    },
    {
      "verseNumber": 42,
      "verseString": "وَقَالَ لِلَّذِي ظَنَّ أَنَّهُ نَاجٍ مِنْهُمَا اذْكُرْنِي عِنْدَ رَبِّكَ فَأَنْسَاهُ الشَّيْطَانُ ذِكْرَ رَبِّهِ فَلَبِثَ فِي السِّجْنِ بِضْعَ سِنِينَ",
      "verseStringB": "And he said to the one he knew would be released, “Mention me to your master.” But Satan caused him to forget to make mention to his master, so he remained in prison for several years."
    },
    {
      "verseNumber": 43,
      "verseString": "وَقَالَ الْمَلِكُ إِنِّي أَرَىٰ سَبْعَ بَقَرَاتٍ سِمَانٍ يَأْكُلُهُنَّ سَبْعٌ عِجَافٌ وَسَبْعَ سُنْبُلَاتٍ خُضْرٍ وَأُخَرَ يَابِسَاتٍ ۖ يَا أَيُّهَا الْمَلَأُ أَفْتُونِي فِي رُؤْيَايَ إِنْ كُنْتُمْ لِلرُّؤْيَا تَعْبُرُونَ",
      "verseStringB": "And the king said, “I see seven fat cows being eaten by seven lean ones, and seven green spikes and others dried up. O elders: explain my vision to me, if you can interpret visions.”"
    },
    {
      "verseNumber": 44,
      "verseString": "قَالُوا أَضْغَاثُ أَحْلَامٍ ۖ وَمَا نَحْنُ بِتَأْوِيلِ الْأَحْلَامِ بِعَالِمِينَ",
      "verseStringB": "They said, “Jumbles of dreams, and we know nothing of the interpretation of dreams.”"
    },
    {
      "verseNumber": 45,
      "verseString": "وَقَالَ الَّذِي نَجَا مِنْهُمَا وَادَّكَرَ بَعْدَ أُمَّةٍ أَنَا أُنَبِّئُكُمْ بِتَأْوِيلِهِ فَأَرْسِلُونِ",
      "verseStringB": "The one who was released said, having remembered after a time, “I will inform you of its interpretation, so send me out.”"
    },
    {
      "verseNumber": 46,
      "verseString": "يُوسُفُ أَيُّهَا الصِّدِّيقُ أَفْتِنَا فِي سَبْعِ بَقَرَاتٍ سِمَانٍ يَأْكُلُهُنَّ سَبْعٌ عِجَافٌ وَسَبْعِ سُنْبُلَاتٍ خُضْرٍ وَأُخَرَ يَابِسَاتٍ لَعَلِّي أَرْجِعُ إِلَى النَّاسِ لَعَلَّهُمْ يَعْلَمُونَ",
      "verseStringB": "“Joseph, O man of truth! Inform us about seven fat cows being eaten by seven lean ones, and seven green spikes and others dried up, so that I may return to the people, so that they may know.”"
    },
    {
      "verseNumber": 47,
      "verseString": "قَالَ تَزْرَعُونَ سَبْعَ سِنِينَ دَأَبًا فَمَا حَصَدْتُمْ فَذَرُوهُ فِي سُنْبُلِهِ إِلَّا قَلِيلًا مِمَّا تَأْكُلُونَ",
      "verseStringB": "He said, “You will cultivate diligently for seven years. But whatever you harvest, leave it in its spikes, except for the little that you eat.”"
    },
    {
      "verseNumber": 48,
      "verseString": "ثُمَّ يَأْتِي مِنْ بَعْدِ ذَٰلِكَ سَبْعٌ شِدَادٌ يَأْكُلْنَ مَا قَدَّمْتُمْ لَهُنَّ إِلَّا قَلِيلًا مِمَّا تُحْصِنُونَ",
      "verseStringB": "Then after that will come seven difficult ones, which will consume what you have stored for them, except for the little that you have stored."
    },
    {
      "verseNumber": 49,
      "verseString": "ثُمَّ يَأْتِي مِنْ بَعْدِ ذَٰلِكَ عَامٌ فِيهِ يُغَاثُ النَّاسُ وَفِيهِ يَعْصِرُونَ",
      "verseStringB": "Then after that will come a year that brings relief to the people, and during which they will press."
    },
    {
      "verseNumber": 50,
      "verseString": "وَقَالَ الْمَلِكُ ائْتُونِي بِهِ ۖ فَلَمَّا جَاءَهُ الرَّسُولُ قَالَ ارْجِعْ إِلَىٰ رَبِّكَ فَاسْأَلْهُ مَا بَالُ النِّسْوَةِ اللَّاتِي قَطَّعْنَ أَيْدِيَهُنَّ ۚ إِنَّ رَبِّي بِكَيْدِهِنَّ عَلِيمٌ",
      "verseStringB": "The king said, “Bring him to me!” And when the envoy came to him, he said, “Go back to your master, and ask him about the intentions of the women who cut their hands—my Lord is well aware of their schemes.”"
    },
    {
      "verseNumber": 51,
      "verseString": "قَالَ مَا خَطْبُكُنَّ إِذْ رَاوَدْتُنَّ يُوسُفَ عَنْ نَفْسِهِ ۚ قُلْنَ حَاشَ لِلَّهِ مَا عَلِمْنَا عَلَيْهِ مِنْ سُوءٍ ۚ قَالَتِ امْرَأَتُ الْعَزِيزِ الْآنَ حَصْحَصَ الْحَقُّ أَنَا رَاوَدْتُهُ عَنْ نَفْسِهِ وَإِنَّهُ لَمِنَ الصَّادِقِينَ",
      "verseStringB": "He said, “What was the matter with you—women—when you tried to seduce Joseph?” They said, “Allah forbid! We know nothing indecent about him.” Then the governor’s wife said, “Now the truth is out. It was I who tried to seduce him, and he is telling the truth.”"
    },
    {
      "verseNumber": 52,
      "verseString": "ذَٰلِكَ لِيَعْلَمَ أَنِّي لَمْ أَخُنْهُ بِالْغَيْبِ وَأَنَّ اللَّهَ لَا يَهْدِي كَيْدَ الْخَائِنِينَ",
      "verseStringB": "“This is so, that he may know that I did not betray him in his absence—and that Allah does not guide the scheming of the betrayers.”"
    },
    {
      "verseNumber": 53,
      "verseString": "وَمَا أُبَرِّئُ نَفْسِي ۚ إِنَّ النَّفْسَ لَأَمَّارَةٌ بِالسُّوءِ إِلَّا مَا رَحِمَ رَبِّي ۚ إِنَّ رَبِّي غَفُورٌ رَحِيمٌ",
      "verseStringB": "“And I do not claim to be innocent. The soul commands to evil, except those on whom my Lord has mercy. My Lord is Forgiving and Merciful.”"
    },
    {
      "verseNumber": 54,
      "verseString": "وَقَالَ الْمَلِكُ ائْتُونِي بِهِ أَسْتَخْلِصْهُ لِنَفْسِي ۖ فَلَمَّا كَلَّمَهُ قَالَ إِنَّكَ الْيَوْمَ لَدَيْنَا مَكِينٌ أَمِينٌ",
      "verseStringB": "And the king said, “Bring him to me, and I will keep him for myself.” Then, when he spoke to him, he said, “As of today, you are with us established and secure.”"
    },
    {
      "verseNumber": 55,
      "verseString": "قَالَ اجْعَلْنِي عَلَىٰ خَزَائِنِ الْأَرْضِ ۖ إِنِّي حَفِيظٌ عَلِيمٌ",
      "verseStringB": "He said, “Put me in charge of the storehouses of the land; I am honest and knowledgeable.”"
    },
    {
      "verseNumber": 56,
      "verseString": "وَكَذَٰلِكَ مَكَّنَّا لِيُوسُفَ فِي الْأَرْضِ يَتَبَوَّأُ مِنْهَا حَيْثُ يَشَاءُ ۚ نُصِيبُ بِرَحْمَتِنَا مَنْ نَشَاءُ ۖ وَلَا نُضِيعُ أَجْرَ الْمُحْسِنِينَ",
      "verseStringB": "And thus We established Joseph in the land, so that he may settle wherever he pleased. We touch with Our mercy whomever We will, and We never waste the reward of the good-doers."
    },
    {
      "verseNumber": 57,
      "verseString": "وَلَأَجْرُ الْآخِرَةِ خَيْرٌ لِلَّذِينَ آمَنُوا وَكَانُوا يَتَّقُونَ",
      "verseStringB": "But the reward of the Hereafter is better for those who believe and observe piety."
    },
    {
      "verseNumber": 58,
      "verseString": "وَجَاءَ إِخْوَةُ يُوسُفَ فَدَخَلُوا عَلَيْهِ فَعَرَفَهُمْ وَهُمْ لَهُ مُنْكِرُونَ",
      "verseStringB": "And Joseph's brothers came, and they entered his presence. He recognized them, but they did not recognize him."
    },
    {
      "verseNumber": 59,
      "verseString": "وَلَمَّا جَهَّزَهُمْ بِجَهَازِهِمْ قَالَ ائْتُونِي بِأَخٍ لَكُمْ مِنْ أَبِيكُمْ ۚ أَلَا تَرَوْنَ أَنِّي أُوفِي الْكَيْلَ وَأَنَا خَيْرُ الْمُنْزِلِينَ",
      "verseStringB": "And when he provided them with their supplies, he said, “Bring me a brother of yours from your father. Do you not see that I give full measure, and I am the best of hosts?”"
    },
    {
      "verseNumber": 60,
      "verseString": "فَإِنْ لَمْ تَأْتُونِي بِهِ فَلَا كَيْلَ لَكُمْ عِنْدِي وَلَا تَقْرَبُونِ",
      "verseStringB": "“But if you do not bring him to me, you will receive no measure from me, nor will you come near me.”"
    },
    {
      "verseNumber": 61,
      "verseString": "قَالُوا سَنُرَاوِدُ عَنْهُ أَبَاهُ وَإِنَّا لَفَاعِلُونَ",
      "verseStringB": "They said, “We will solicit him from his father. We will surely do.”"
    },
    {
      "verseNumber": 62,
      "verseString": "وَقَالَ لِفِتْيَانِهِ اجْعَلُوا بِضَاعَتَهُمْ فِي رِحَالِهِمْ لَعَلَّهُمْ يَعْرِفُونَهَا إِذَا انْقَلَبُوا إِلَىٰ أَهْلِهِمْ لَعَلَّهُمْ يَرْجِعُونَ",
      "verseStringB": "And he said to his servants, “Put their goods in their saddlebags; perhaps they will recognize them when they return to their families, and perhaps they will come back.”"
    },
    {
      "verseNumber": 63,
      "verseString": "فَلَمَّا رَجَعُوا إِلَىٰ أَبِيهِمْ قَالُوا يَا أَبَانَا مُنِعَ مِنَّا الْكَيْلُ فَأَرْسِلْ مَعَنَا أَخَانَا نَكْتَلْ وَإِنَّا لَهُ لَحَافِظُونَ",
      "verseStringB": "When they returned to their father, they said, “O father, we were denied measure, but send our brother with us, and we will obtain measure. We will take good care of him.”"
    },
    {
      "verseNumber": 64,
      "verseString": "قَالَ هَلْ آمَنُكُمْ عَلَيْهِ إِلَّا كَمَا أَمِنْتُكُمْ عَلَىٰ أَخِيهِ مِنْ قَبْلُ ۖ فَاللَّهُ خَيْرٌ حَافِظًا ۖ وَهُوَ أَرْحَمُ الرَّاحِمِينَ",
      "verseStringB": "He said, “Shall I trust you with him, as I trusted you with his brother before? Allah is the Best Protector, and He is the Most Merciful of the merciful.”"
    },
    {
      "verseNumber": 65,
      "verseString": "وَلَمَّا فَتَحُوا مَتَاعَهُمْ وَجَدُوا بِضَاعَتَهُمْ رُدَّتْ إِلَيْهِمْ ۖ قَالُوا يَا أَبَانَا مَا نَبْغِي ۖ هَٰذِهِ بِضَاعَتُنَا رُدَّتْ إِلَيْنَا ۖ وَنَمِيرُ أَهْلَنَا وَنَحْفَظُ أَخَانَا وَنَزْدَادُ كَيْلَ بَعِيرٍ ۖ ذَٰلِكَ كَيْلٌ يَسِيرٌ",
      "verseStringB": "And when they opened their baggage, they found their goods returned to them. They said, “Father, what more can we ask for? Here is our merchandise, fully returned to us. Now we can provide for our family, and protect our brother, and obtain an additional camel-load. That load can be easily secured.”"
    },
    {
      "verseNumber": 66,
      "verseString": "قَالَ لَنْ أُرْسِلَهُ مَعَكُمْ حَتَّىٰ تُؤْتُونِ مَوْثِقًا مِنَ اللَّهِ لَتَأْتُنَّنِي بِهِ إِلَّا أَنْ يُحَاطَ بِكُمْ ۖ فَلَمَّا آتَوْهُ مَوْثِقَهُمْ قَالَ اللَّهُ عَلَىٰ مَا نَقُولُ وَكِيلٌ",
      "verseStringB": "He said, “I will not send him with you, unless you give me a pledge before Allah, that you will bring him back to me—unless you get trapped.” And when they gave him their pledge, he said, “Allah is Guardian over everything we say.”"
    },
    {
      "verseNumber": 67,
      "verseString": "وَقَالَ يَا بَنِيَّ لَا تَدْخُلُوا مِنْ بَابٍ وَاحِدٍ وَادْخُلُوا مِنْ أَبْوَابٍ مُتَفَرِّقَةٍ ۖ وَمَا أُغْنِي عَنْكُمْ مِنَ اللَّهِ مِنْ شَيْءٍ ۖ إِنِ الْحُكْمُ إِلَّا لِلَّهِ ۖ عَلَيْهِ تَوَكَّلْتُ ۖ وَعَلَيْهِ فَلْيَتَوَكَّلِ الْمُتَوَكِّلُونَ",
      "verseStringB": "And he said, “O my sons, do not enter through one gate, but enter through different gates. I cannot avail you anything against Allah. The decision rests only with Allah. Upon Him, I rely. And upon Him, let the reliant rely upon.”"
    },
    {
      "verseNumber": 68,
      "verseString": "وَلَمَّا دَخَلُوا مِنْ حَيْثُ أَمَرَهُمْ أَبُوهُمْ مَا كَانَ يُغْنِي عَنْهُمْ مِنَ اللَّهِ مِنْ شَيْءٍ إِلَّا حَاجَةً فِي نَفْسِ يَعْقُوبَ قَضَاهَا ۚ وَإِنَّهُ لَذُو عِلْمٍ لِمَا عَلَّمْنَاهُ وَلَٰكِنَّ أَكْثَرَ النَّاسِ لَا يَعْلَمُونَ",
      "verseStringB": "And when they entered as their father had instructed them, it did not avail them anything against Allah, but it fulfilled a need in Jacob’s soul. He was a person of knowledge inasmuch as We taught him, but most people do not know."
    },
    {
      "verseNumber": 69,
      "verseString": "وَلَمَّا دَخَلُوا عَلَىٰ يُوسُفَ آوَىٰ إِلَيْهِ أَخَاهُ ۖ قَالَ إِنِّي أَنَا أَخُوكَ فَلَا تَبْتَئِسْ بِمَا كَانُوا يَعْمَلُونَ",
      "verseStringB": "And when they entered the presence of Joseph, he drew his brother close to him, and said, “I am your brother; so do not be distressed by what they used to do.”"
    },
    {
      "verseNumber": 70,
      "verseString": "فَلَمَّا جَهَّزَهُمْ بِجَهَازِهِمْ جَعَلَ السِّقَايَةَ فِي رَحْلِ أَخِيهِ ثُمَّ أَذَّنَ مُؤَذِّنٌ أَيَّتُهَا الْعِيرُ إِنَّكُمْ لَسَارِقُونَ",
      "verseStringB": "Then, when he provided them with their supplies, he placed the drinking-cup in his brother’s saddlebag. Then a caller announced, “O people of the caravan, you are thieves.”"
    },
    {
      "verseNumber": 71,
      "verseString": "قَالُوا وَأَقْبَلُوا عَلَيْهِمْ مَاذَا تَفْقِدُونَ",
      "verseStringB": "They said, as they came towards them, “What are you missing?”"
    },
    {
      "verseNumber": 72,
      "verseString": "قَالُوا نَفْقِدُ صُوَاعَ الْمَلِكِ وَلِمَنْ جَاءَ بِهِ حِمْلُ بَعِيرٍ وَأَنَا بِهِ زَعِيمٌ",
      "verseStringB": "They said, “We are missing the king’s cup. Whoever produces it will receive a camel-load, and I personally guarantee it.”"
    },
    {
      "verseNumber": 73,
      "verseString": "قَالُوا تَاللَّهِ لَقَدْ عَلِمْتُمْ مَا جِئْنَا لِنُفْسِدَ فِي الْأَرْضِ وَمَا كُنَّا سَارِقِينَ",
      "verseStringB": "They said, “By Allah, you know that we didn’t come to cause trouble in the land, and we are not thieves.”"
    },
    {
      "verseNumber": 74,
      "verseString": "قَالُوا فَمَا جَزَاؤُهُ إِنْ كُنْتُمْ كَاذِبِينَ",
      "verseStringB": "They said, “What shall be his punishment—if you are lying?”"
    },
    {
      "verseNumber": 75,
      "verseString": "قَالُوا جَزَاؤُهُ مَنْ وُجِدَ فِي رَحْلِهِ فَهُوَ جَزَاؤُهُ ۚ كَذَٰلِكَ نَجْزِي الظَّالِمِينَ",
      "verseStringB": "They said, “His punishment—if it is found in his bag—he will belong to you. Thus we penalize the guilty.”"
    },
    {
      "verseNumber": 76,
      "verseString": "فَبَدَأَ بِأَوْعِيَتِهِمْ قَبْلَ وِعَاءِ أَخِيهِ ثُمَّ اسْتَخْرَجَهَا مِنْ وِعَاءِ أَخِيهِ ۚ كَذَٰلِكَ كِدْنَا لِيُوسُفَ ۖ مَا كَانَ لِيَأْخُذَ أَخَاهُ فِي دِينِ الْمَلِكِ إِلَّا أَنْ يَشَاءَ اللَّهُ ۚ نَرْفَعُ دَرَجَاتٍ مَنْ نَشَاءُ ۗ وَفَوْقَ كُلِّ ذِي عِلْمٍ عَلِيمٌ",
      "verseStringB": "So he began with their bags, before his brother's bag. Then he pulled it from his brother’s bag. Thus We devised a plan for Joseph. He could not have detained his brother under the king’s law—unless Allah so willed. We elevate in rank whomever We will; and above every possessor of knowledge, there is a Knower."
    },
    {
      "verseNumber": 77,
      "verseString": "قَالُوا إِنْ يَسْرِقْ فَقَدْ سَرَقَ أَخٌ لَهُ مِنْ قَبْلُ ۚ فَأَسَرَّهَا يُوسُفُ فِي نَفْسِهِ وَلَمْ يُبْدِهَا لَهُمْ ۚ قَالَ أَنْتُمْ شَرٌّ مَكَانًا ۖ وَاللَّهُ أَعْلَمُ بِمَا تَصِفُونَ",
      "verseStringB": "They said, “If he has stolen, a brother of his has stolen before.” But Joseph kept it to himself, and did not disclose it to them. He said, “You are in a bad situation, and Allah is Aware of what you claim.”"
    },
    {
      "verseNumber": 78,
      "verseString": "قَالُوا يَا أَيُّهَا الْعَزِيزُ إِنَّ لَهُ أَبًا شَيْخًا كَبِيرًا فَخُذْ أَحَدَنَا مَكَانَهُ ۖ إِنَّا نَرَاكَ مِنَ الْمُحْسِنِينَ",
      "verseStringB": "They said, “O noble prince, he has a father, a very old man, so take one of us in his place. We see that you are of the good-doers.”"
    },
    {
      "verseNumber": 79,
      "verseString": "قَالَ مَعَاذَ اللَّهِ أَنْ نَأْخُذَ إِلَّا مَنْ وَجَدْنَا مَتَاعَنَا عِنْدَهُ إِنَّا إِذًا لَظَالِمُونَ",
      "verseStringB": "He said, “Allah forbid, that we should detain anyone except whom we found our property with him. For then, we would be unjust.”"
    },
    {
      "verseNumber": 80,
      "verseString": "فَلَمَّا اسْتَيْأَسُوا مِنْهُ خَلَصُوا نَجِيًّا ۖ قَالَ كَبِيرُهُمْ أَلَمْ تَعْلَمُوا أَنَّ أَبَاكُمْ قَدْ أَخَذَ عَلَيْكُمْ مَوْثِقًا مِنَ اللَّهِ وَمِنْ قَبْلُ مَا فَرَّطْتُمْ فِي يُوسُفَ ۖ فَلَنْ أَبْرَحَ الْأَرْضَ حَتَّىٰ يَأْذَنَ لِي أَبِي أَوْ يَحْكُمَ اللَّهُ لِي ۖ وَهُوَ خَيْرُ الْحَاكِمِينَ",
      "verseStringB": "And when they despaired of him, they had a private conversation. Their eldest said, “Don’t you know that your father received a pledge from you before Allah; and in the past, you neglected Joseph? I will not leave this land until my father permits me, or Allah decides for me; for He is the Best of deciders.”"
    },
    {
      "verseNumber": 81,
      "verseString": "ارْجِعُوا إِلَىٰ أَبِيكُمْ فَقُولُوا يَا أَبَانَا إِنَّ ابْنَكَ سَرَقَ وَمَا شَهِدْنَا إِلَّا بِمَا عَلِمْنَا وَمَا كُنَّا لِلْغَيْبِ حَافِظِينَ",
      "verseStringB": "“Go back to your father, and say, ‘Father, your son has committed theft. And we testify only to what we know, and we could not guard against the unforeseen.’”"
    },
    {
      "verseNumber": 82,
      "verseString": "وَاسْأَلِ الْقَرْيَةَ الَّتِي كُنَّا فِيهَا وَالْعِيرَ الَّتِي أَقْبَلْنَا فِيهَا ۖ وَإِنَّا لَصَادِقُونَ",
      "verseStringB": "“And ask the town where we were, and the caravan in which we came. We are being truthful.”"
    },
    {
      "verseNumber": 83,
      "verseString": "قَالَ بَلْ سَوَّلَتْ لَكُمْ أَنْفُسُكُمْ أَمْرًا ۖ فَصَبْرٌ جَمِيلٌ ۖ عَسَى اللَّهُ أَنْ يَأْتِيَنِي بِهِمْ جَمِيعًا ۚ إِنَّهُ هُوَ الْعَلِيمُ الْحَكِيمُ",
      "verseStringB": "He said, “No! Your souls tempted you into something. Patience is a virtue. Perhaps Allah will bring them all back to me. He is the Knowing, the Wise.”"
    },
    {
      "verseNumber": 84,
      "verseString": "وَتَوَلَّىٰ عَنْهُمْ وَقَالَ يَا أَسَفَىٰ عَلَىٰ يُوسُفَ وَابْيَضَّتْ عَيْنَاهُ مِنَ الْحُزْنِ فَهُوَ كَظِيمٌ",
      "verseStringB": "Then he turned away from them, and said, “O my bitterness for Joseph.” And his eyes turned white with grief, and he became depressed."
    },
    {
      "verseNumber": 85,
      "verseString": "قَالُوا تَاللَّهِ تَفْتَأُ تَذْكُرُ يُوسُفَ حَتَّىٰ تَكُونَ حَرَضًا أَوْ تَكُونَ مِنَ الْهَالِكِينَ",
      "verseStringB": "They said, “By Allah, you will not stop remembering Joseph, until you have ruined your health, or you have passed away.”"
    },
    {
      "verseNumber": 86,
      "verseString": "قَالَ إِنَّمَا أَشْكُو بَثِّي وَحُزْنِي إِلَى اللَّهِ وَأَعْلَمُ مِنَ اللَّهِ مَا لَا تَعْلَمُونَ",
      "verseStringB": "He said, “I complain of my sorrow and grief to Allah alone, and I know from Allah what you do not know.”"
    },
    {
      "verseNumber": 87,
      "verseString": "يَا بَنِيَّ اذْهَبُوا فَتَحَسَّسُوا مِنْ يُوسُفَ وَأَخِيهِ وَلَا تَيْأَسُوا مِنْ رَوْحِ اللَّهِ ۖ إِنَّهُ لَا يَيْأَسُ مِنْ رَوْحِ اللَّهِ إِلَّا الْقَوْمُ الْكَافِرُونَ",
      "verseStringB": "“O my sons, go inquire about Joseph and his brother, and do not despair of Allah's comfort. None despairs of Allah's comfort except the disbelieving people.”"
    },
    {
      "verseNumber": 88,
      "verseString": "فَلَمَّا دَخَلُوا عَلَيْهِ قَالُوا يَا أَيُّهَا الْعَزِيزُ مَسَّنَا وَأَهْلَنَا الضُّرُّ وَجِئْنَا بِبِضَاعَةٍ مُزْجَاةٍ فَأَوْفِ لَنَا الْكَيْلَ وَتَصَدَّقْ عَلَيْنَا ۖ إِنَّ اللَّهَ يَجْزِي الْمُتَصَدِّقِينَ",
      "verseStringB": "Then, when they entered his presence, they said, “Mighty governor, adversity has afflicted us and our family. And we have brought scant merchandise. But give us full measure and be charitable towards us—Allah rewards the charitable.”"
    },
    {
      "verseNumber": 89,
      "verseString": "قَالَ هَلْ عَلِمْتُمْ مَا فَعَلْتُمْ بِيُوسُفَ وَأَخِيهِ إِذْ أَنْتُمْ جَاهِلُونَ",
      "verseStringB": "He said, “Do you realize what you did with Joseph and his brother, in your ignorance?”"
    },
    {
      "verseNumber": 90,
      "verseString": "قَالُوا أَإِنَّكَ لَأَنْتَ يُوسُفُ ۖ قَالَ أَنَا يُوسُفُ وَهَٰذَا أَخِي ۖ قَدْ مَنَّ اللَّهُ عَلَيْنَا ۖ إِنَّهُ مَنْ يَتَّقِ وَيَصْبِرْ فَإِنَّ اللَّهَ لَا يُضِيعُ أَجْرَ الْمُحْسِنِينَ",
      "verseStringB": "They said, “Is that you, Joseph?” He said, “I am Joseph, and this is my brother. Allah has been gracious to us. He who protects himself and perseveres—Allah never fails the reward of the virtuous.”"
    },
    {
      "verseNumber": 91,
      "verseString": "قَالُوا تَاللَّهِ لَقَدْ آثَرَكَ اللَّهُ عَلَيْنَا وَإِنْ كُنَّا لَخَاطِئِينَ",
      "verseStringB": "They said, “By Allah! Allah has preferred you over us, and we were at fault.”"
    },
    {
      "verseNumber": 92,
      "verseString": "قَالَ لَا تَثْرِيبَ عَلَيْكُمُ الْيَوْمَ ۖ يَغْفِرُ اللَّهُ لَكُمْ ۖ وَهُوَ أَرْحَمُ الرَّاحِمِينَ",
      "verseStringB": "He said, “There is no blame on you today. Allah will forgive you. He is the Most Merciful of the merciful.”"
    },
    {
      "verseNumber": 93,
      "verseString": "اذْهَبُوا بِقَمِيصِي هَٰذَا فَأَلْقُوهُ عَلَىٰ وَجْهِ أَبِي يَأْتِ بَصِيرًا وَأْتُونِي بِأَهْلِكُمْ أَجْمَعِينَ",
      "verseStringB": "“Go with this shirt of mine, and lay it over my father’s face, and he will recover his sight. And bring your whole family to me.”"
    },
    {
      "verseNumber": 94,
      "verseString": "وَلَمَّا فَصَلَتِ الْعِيرُ قَالَ أَبُوهُمْ إِنِّي لَأَجِدُ رِيحَ يُوسُفَ ۖ لَوْلَا أَنْ تُفَنِّدُونِ",
      "verseStringB": "As the caravan set out, their father said, “I sense the presence of Joseph, although you may think I am senile.”"
    },
    {
      "verseNumber": 95,
      "verseString": "قَالُوا تَاللَّهِ إِنَّكَ لَفِي ضَلَالِكَ الْقَدِيمِ",
      "verseStringB": "They said, “By Allah, you are still in your old confusion.”"
    },
    {
      "verseNumber": 96,
      "verseString": "فَلَمَّا أَنْ جَاءَ الْبَشِيرُ أَلْقَاهُ عَلَىٰ وَجْهِهِ فَارْتَدَّ بَصِيرًا ۖ قَالَ أَلَمْ أَقُلْ لَكُمْ إِنِّي أَعْلَمُ مِنَ اللَّهِ مَا لَا تَعْلَمُونَ",
      "verseStringB": "Then, when the bearer of good news arrived, he laid it over his face, and he regained his sight. He said, “Did I not tell you that I know from Allah what you do not know?”"
    },
    {
      "verseNumber": 97,
      "verseString": "قَالُوا يَا أَبَانَا اسْتَغْفِرْ لَنَا ذُنُوبَنَا إِنَّا كُنَّا خَاطِئِينَ",
      "verseStringB": "They said, “Father, pray for the forgiveness of our sins; we were at fault.”"
    },
    {
      "verseNumber": 98,
      "verseString": "قَالَ سَوْفَ أَسْتَغْفِرُ لَكُمْ رَبِّي ۖ إِنَّهُ هُوَ الْغَفُورُ الرَّحِيمُ",
      "verseStringB": "He said, “I will ask my Lord to forgive you. He is the Forgiving, the Most Merciful.”"
    },
    {
      "verseNumber": 99,
      "verseString": "فَلَمَّا دَخَلُوا عَلَىٰ يُوسُفَ آوَىٰ إِلَيْهِ أَبَوَيْهِ وَقَالَ ادْخُلُوا مِصْرَ إِنْ شَاءَ اللَّهُ آمِنِينَ",
      "verseStringB": "Then, when they entered the presence of Joseph, he drew his parents close to him, and said, “Enter Egypt, Allah willing, safe and secure.”"
    },
    {
      "verseNumber": 100,
      "verseString": "وَرَفَعَ أَبَوَيْهِ عَلَى الْعَرْشِ وَخَرُّوا لَهُ سُجَّدًا ۖ وَقَالَ يَا أَبَتِ هَٰذَا تَأْوِيلُ رُؤْيَايَ مِنْ قَبْلُ قَدْ جَعَلَهَا رَبِّي حَقًّا ۖ وَقَدْ أَحْسَنَ بِي إِذْ أَخْرَجَنِي مِنَ السِّجْنِ وَجَاءَ بِكُمْ مِنَ الْبَدْوِ مِنْ بَعْدِ أَنْ نَزَغَ الشَّيْطَانُ بَيْنِي وَبَيْنَ إِخْوَتِي ۚ إِنَّ رَبِّي لَطِيفٌ لِمَا يَشَاءُ ۚ إِنَّهُ هُوَ الْعَلِيمُ الْحَكِيمُ",
      "verseStringB": "And he elevated his parents on the throne, and they fell down before him, bowing. He said, “Father, this is the fulfillment of my vision of long ago. My Lord has made it come true. He was good to me when he released me from prison, and brought you out of the wilderness—after Satan sowed conflict between me and my brothers. My Lord is Most Kind towards whom He wills. He is the All-Knowing, the All-Wise.”"
    },
    {
      "verseNumber": 101,
      "verseString": "رَبِّ قَدْ آتَيْتَنِي مِنَ الْمُلْكِ وَعَلَّمْتَنِي مِنْ تَأْوِيلِ الْأَحَادِيثِ ۚ فَاطِرَ السَّمَاوَاتِ وَالْأَرْضِ أَنْتَ وَلِيِّي فِي الدُّنْيَا وَالْآخِرَةِ ۖ تَوَفَّنِي مُسْلِمًا وَأَلْحِقْنِي بِالصَّالِحِينَ",
      "verseStringB": "“My Lord, You have given me some authority, and You taught me some interpretation of events. The Originator of the heavens and the earth. You are my Protector in this life and the Hereafter. Receive my soul in submission, and admit me into the company of the righteous.”"
    },
    {
      "verseNumber": 102,
      "verseString": "ذَٰلِكَ مِنْ أَنْبَاءِ الْغَيْبِ نُوحِيهِ إِلَيْكَ ۖ وَمَا كُنْتَ لَدَيْهِمْ إِذْ أَجْمَعُوا أَمْرَهُمْ وَهُمْ يَمْكُرُونَ",
      "verseStringB": "These are among the accounts of the unseen which We reveal to you. You were not with them when they plotted and agreed on a plan."
    },
    {
      "verseNumber": 103,
      "verseString": "وَمَا أَكْثَرُ النَّاسِ وَلَوْ حَرَصْتَ بِمُؤْمِنِينَ",
      "verseStringB": "But most people, for all your eagerness, are not believers."
    },
    {
      "verseNumber": 104,
      "verseString": "وَمَا تَسْأَلُهُمْ عَلَيْهِ مِنْ أَجْرٍ ۚ إِنْ هُوَ إِلَّا ذِكْرٌ لِلْعَالَمِينَ",
      "verseStringB": "You ask them no wage for it. It is only a reminder to all people."
    },
    {
      "verseNumber": 105,
      "verseString": "وَكَأَيِّنْ مِنْ آيَةٍ فِي السَّمَاوَاتِ وَالْأَرْضِ يَمُرُّونَ عَلَيْهَا وَهُمْ عَنْهَا مُعْرِضُونَ",
      "verseStringB": "How many a sign in the heavens and the earth do they pass by, yet they turn away from them?"
    },
    {
      "verseNumber": 106,
      "verseString": "وَمَا يُؤْمِنُ أَكْثَرُهُمْ بِاللَّهِ إِلَّا وَهُمْ مُشْرِكُونَ",
      "verseStringB": "Most of them do not believe in Allah unless they associate others."
    },
    {
      "verseNumber": 107,
      "verseString": "أَفَأَمِنُوا أَنْ تَأْتِيَهُمْ غَاشِيَةٌ مِنْ عَذَابِ اللَّهِ أَوْ تَأْتِيَهُمُ السَّاعَةُ بَغْتَةً وَهُمْ لَا يَشْعُرُونَ",
      "verseStringB": "Do they feel secure that a covering of punishment from Allah will not come upon them? Or that the Hour will not come upon them suddenly, while they are unaware?"
    },
    {
      "verseNumber": 108,
      "verseString": "قُلْ هَٰذِهِ سَبِيلِي أَدْعُو إِلَى اللَّهِ ۚ عَلَىٰ بَصِيرَةٍ أَنَا وَمَنِ اتَّبَعَنِي ۖ وَسُبْحَانَ اللَّهِ وَمَا أَنَا مِنَ الْمُشْرِكِينَ",
      "verseStringB": "Say, “This is my way: I invite to Allah, based on clear knowledge—I, and whoever follows me. Glory be to Allah, and I am not of the associators.”"
    },
    {
      "verseNumber": 109,
      "verseString": "وَمَا أَرْسَلْنَا مِنْ قَبْلِكَ إِلَّا رِجَالًا نُوحِي إِلَيْهِمْ مِنْ أَهْلِ الْقُرَىٰ ۗ أَفَلَمْ يَسِيرُوا فِي الْأَرْضِ فَيَنْظُرُوا كَيْفَ كَانَ عَاقِبَةُ الَّذِينَ مِنْ قَبْلِهِمْ ۗ وَلَدَارُ الْآخِرَةِ خَيْرٌ لِلَّذِينَ اتَّقَوْا ۗ أَفَلَا تَعْقِلُونَ",
      "verseStringB": "We did not send before you except men, whom We inspired, from the people of the towns. Have they not roamed the earth and seen the consequences for those before them? But the Home of the Hereafter is better for those who are righteous. Do you not understand?"
    },
    {
      "verseNumber": 110,
      "verseString": "حَتَّىٰ إِذَا اسْتَيْأَسَ الرُّسُلُ وَظَنُّوا أَنَّهُمْ قَدْ كُذِبُوا جَاءَهُمْ نَصْرُنَا فَنُجِّيَ مَنْ نَشَاءُ ۖ وَلَا يُرَدُّ بَأْسُنَا عَنِ الْقَوْمِ الْمُجْرِمِينَ",
      "verseStringB": "Until, when the messengers have despaired and thought that they were rejected, Our help came to them. We save whomever We will, and Our severity is never averted from the guilty people."
    },
    {
      "verseNumber": 111,
      "verseString": "لَقَدْ كَانَ فِي قَصَصِهِمْ عِبْرَةٌ لِأُولِي الْأَلْبَابِ ۗ مَا كَانَ حَدِيثًا يُفْتَرَىٰ وَلَٰكِنْ تَصْدِيقَ الَّذِي بَيْنَ يَدَيْهِ وَتَفْصِيلَ كُلِّ شَيْءٍ وَهُدًى وَرَحْمَةً لِقَوْمٍ يُؤْمِنُونَ",
      "verseStringB": "In their stories is a lesson for those possessed of insight. This is not a fabricated tale, but a confirmation of what came before it, and a detailed explanation of all things, and guidance and mercy for people who believe."
    }
  ],
  "nameEnglish": "Joseph",
  "nameTrans": "Yusuf",
  "nameArabic": "يوسف",
  "chapterNumber": 12,
  "nVerses": 111
}