{
  "verses": [
    {
      "verseNumber": 0,
      "verseString": "بِسْمِ اللَّهِ الرَّحْمَٰنِ الرَّحِيمِ",
      "verseStringB": "In the name of Allah, the Compassionate, the Merciful."
    },
    {
      "verseNumber": 1,
      "verseString": "الْحَمْدُ لِلَّهِ الَّذِي أَنْزَلَ عَلَىٰ عَبْدِهِ الْكِتَابَ وَلَمْ يَجْعَلْ لَهُ عِوَجًا ۜ",
      "verseStringB": "Praise be to Allah, who revealed the Book to His servant, and allowed no distortion in it."
    },
    {
      "verseNumber": 2,
      "verseString": "قَيِّمًا لِيُنْذِرَ بَأْسًا شَدِيدًا مِنْ لَدُنْهُ وَيُبَشِّرَ الْمُؤْمِنِينَ الَّذِينَ يَعْمَلُونَ الصَّالِحَاتِ أَنَّ لَهُمْ أَجْرًا حَسَنًا",
      "verseStringB": "Valuable—to warn of severe punishment from Himself; and to give good news to the believers who do good works, that they will have an excellent reward."
    },
    {
      "verseNumber": 3,
      "verseString": "مَاكِثِينَ فِيهِ أَبَدًا",
      "verseStringB": "In which they will remain forever."
    },
    {
      "verseNumber": 4,
      "verseString": "وَيُنْذِرَ الَّذِينَ قَالُوا اتَّخَذَ اللَّهُ وَلَدًا",
      "verseStringB": "And to warn those who say, “Allah has begotten a son.”"
    },
    {
      "verseNumber": 5,
      "verseString": "مَا لَهُمْ بِهِ مِنْ عِلْمٍ وَلَا لِآبَائِهِمْ ۚ كَبُرَتْ كَلِمَةً تَخْرُجُ مِنْ أَفْوَاهِهِمْ ۚ إِنْ يَقُولُونَ إِلَّا كَذِبًا",
      "verseStringB": "They have no knowledge of this, nor did their forefathers. Grave is the word that comes out of their mouths—they say nothing but a lie."
    },
    {
      "verseNumber": 6,
      "verseString": "فَلَعَلَّكَ بَاخِعٌ نَفْسَكَ عَلَىٰ آثَارِهِمْ إِنْ لَمْ يُؤْمِنُوا بِهَٰذَا الْحَدِيثِ أَسَفًا",
      "verseStringB": "Perhaps you may destroy yourself with grief, chasing after them, if they do not believe in this information."
    },
    {
      "verseNumber": 7,
      "verseString": "إِنَّا جَعَلْنَا مَا عَلَى الْأَرْضِ زِينَةً لَهَا لِنَبْلُوَهُمْ أَيُّهُمْ أَحْسَنُ عَمَلًا",
      "verseStringB": "We made what is on earth a decoration for it, to test them, as to which of them is better in conduct."
    },
    {
      "verseNumber": 8,
      "verseString": "وَإِنَّا لَجَاعِلُونَ مَا عَلَيْهَا صَعِيدًا جُرُزًا",
      "verseStringB": "And We will reduce whatever is on it into a barren wasteland."
    },
    {
      "verseNumber": 9,
      "verseString": "أَمْ حَسِبْتَ أَنَّ أَصْحَابَ الْكَهْفِ وَالرَّقِيمِ كَانُوا مِنْ آيَاتِنَا عَجَبًا",
      "verseStringB": "Did you think that the Inhabitants of the Cave and the Inscription were of Our wondrous signs?"
    },
    {
      "verseNumber": 10,
      "verseString": "إِذْ أَوَى الْفِتْيَةُ إِلَى الْكَهْفِ فَقَالُوا رَبَّنَا آتِنَا مِنْ لَدُنْكَ رَحْمَةً وَهَيِّئْ لَنَا مِنْ أَمْرِنَا رَشَدًا",
      "verseStringB": "When the youths took shelter in the cave, they said, “Our Lord, give us mercy from Your Presence, and bless our affair with guidance.”"
    },
    {
      "verseNumber": 11,
      "verseString": "فَضَرَبْنَا عَلَىٰ آذَانِهِمْ فِي الْكَهْفِ سِنِينَ عَدَدًا",
      "verseStringB": "Then We sealed their ears in the cave for a number of years."
    },
    {
      "verseNumber": 12,
      "verseString": "ثُمَّ بَعَثْنَاهُمْ لِنَعْلَمَ أَيُّ الْحِزْبَيْنِ أَحْصَىٰ لِمَا لَبِثُوا أَمَدًا",
      "verseStringB": "Then We awakened them, to know which of the two groups would better estimate the length of their stay."
    },
    {
      "verseNumber": 13,
      "verseString": "نَحْنُ نَقُصُّ عَلَيْكَ نَبَأَهُمْ بِالْحَقِّ ۚ إِنَّهُمْ فِتْيَةٌ آمَنُوا بِرَبِّهِمْ وَزِدْنَاهُمْ هُدًى",
      "verseStringB": "We relate to you their story in truth. They were youths who believed in their Lord, and We increased them in guidance."
    },
    {
      "verseNumber": 14,
      "verseString": "وَرَبَطْنَا عَلَىٰ قُلُوبِهِمْ إِذْ قَامُوا فَقَالُوا رَبُّنَا رَبُّ السَّمَاوَاتِ وَالْأَرْضِ لَنْ نَدْعُوَ مِنْ دُونِهِ إِلَٰهًا ۖ لَقَدْ قُلْنَا إِذًا شَطَطًا",
      "verseStringB": "And We strengthened their hearts, as they stood up and said, “Our Lord is the Lord of the heavens and the earth. We will never call upon any god besides Him, for then we would be uttering an outrage.”"
    },
    {
      "verseNumber": 15,
      "verseString": "هَٰؤُلَاءِ قَوْمُنَا اتَّخَذُوا مِنْ دُونِهِ آلِهَةً ۖ لَوْلَا يَأْتُونَ عَلَيْهِمْ بِسُلْطَانٍ بَيِّنٍ ۖ فَمَنْ أَظْلَمُ مِمَّنِ افْتَرَىٰ عَلَى اللَّهِ كَذِبًا",
      "verseStringB": "“These, our people, have taken gods below Him. Why don’t they produce clear proof of them? Who does more wrong than he who invents lies and attributes them to Allah?”"
    },
    {
      "verseNumber": 16,
      "verseString": "وَإِذِ اعْتَزَلْتُمُوهُمْ وَمَا يَعْبُدُونَ إِلَّا اللَّهَ فَأْوُوا إِلَى الْكَهْفِ يَنْشُرْ لَكُمْ رَبُّكُمْ مِنْ رَحْمَتِهِ وَيُهَيِّئْ لَكُمْ مِنْ أَمْرِكُمْ مِرْفَقًا",
      "verseStringB": "“Now that you distanced yourselves from them, and from what they worship besides Allah, take shelter in the cave. Your Lord will unfold His mercy on you, and will set your affair towards ease.”"
    },
    {
      "verseNumber": 17,
      "verseString": "وَتَرَى الشَّمْسَ إِذَا طَلَعَتْ تَزَاوَرُ عَنْ كَهْفِهِمْ ذَاتَ الْيَمِينِ وَإِذَا غَرَبَتْ تَقْرِضُهُمْ ذَاتَ الشِّمَالِ وَهُمْ فِي فَجْوَةٍ مِنْهُ ۚ ذَٰلِكَ مِنْ آيَاتِ اللَّهِ ۗ مَنْ يَهْدِ اللَّهُ فَهُوَ الْمُهْتَدِ ۖ وَمَنْ يُضْلِلْ فَلَنْ تَجِدَ لَهُ وَلِيًّا مُرْشِدًا",
      "verseStringB": "And you would have seen the sun, when it rose, veering away from their cave towards the right; and when it sets, veering away from them to the left, as they lay in the cave's midst. That is among the wonders of Allah. Whomever Allah guides is rightly guided. But whomever He leaves to stray, you will never find for him a guiding mentor."
    },
    {
      "verseNumber": 18,
      "verseString": "وَتَحْسَبُهُمْ أَيْقَاظًا وَهُمْ رُقُودٌ ۚ وَنُقَلِّبُهُمْ ذَاتَ الْيَمِينِ وَذَاتَ الشِّمَالِ ۖ وَكَلْبُهُمْ بَاسِطٌ ذِرَاعَيْهِ بِالْوَصِيدِ ۚ لَوِ اطَّلَعْتَ عَلَيْهِمْ لَوَلَّيْتَ مِنْهُمْ فِرَارًا وَلَمُلِئْتَ مِنْهُمْ رُعْبًا",
      "verseStringB": "And you would think them awake, although they were asleep. And We turned them over to the right, and to the left, and their dog stretching its paws at the threshold. Had you looked at them, you would have fled away from them, filled with fear."
    },
    {
      "verseNumber": 19,
      "verseString": "وَكَذَٰلِكَ بَعَثْنَاهُمْ لِيَتَسَاءَلُوا بَيْنَهُمْ ۚ قَالَ قَائِلٌ مِنْهُمْ كَمْ لَبِثْتُمْ ۖ قَالُوا لَبِثْنَا يَوْمًا أَوْ بَعْضَ يَوْمٍ ۚ قَالُوا رَبُّكُمْ أَعْلَمُ بِمَا لَبِثْتُمْ فَابْعَثُوا أَحَدَكُمْ بِوَرِقِكُمْ هَٰذِهِ إِلَى الْمَدِينَةِ فَلْيَنْظُرْ أَيُّهَا أَزْكَىٰ طَعَامًا فَلْيَأْتِكُمْ بِرِزْقٍ مِنْهُ وَلْيَتَلَطَّفْ وَلَا يُشْعِرَنَّ بِكُمْ أَحَدًا",
      "verseStringB": "Even so, We awakened them, so that they may ask one another. A spokesperson among them said, “How long have you stayed?” They said, “We have stayed a day or part of a day.” They said, “Your Lord knows best how long you have stayed.” “Send one of you to the city, with this money of yours, and let him see which food is most suitable, and let him bring you some supply from it. And let him be discrete—and make no one aware of you.”"
    },
    {
      "verseNumber": 20,
      "verseString": "إِنَّهُمْ إِنْ يَظْهَرُوا عَلَيْكُمْ يَرْجُمُوكُمْ أَوْ يُعِيدُوكُمْ فِي مِلَّتِهِمْ وَلَنْ تُفْلِحُوا إِذًا أَبَدًا",
      "verseStringB": "“If they discover you, they will stone you, or force you back into their religion, and then you will never succeed.”"
    },
    {
      "verseNumber": 21,
      "verseString": "وَكَذَٰلِكَ أَعْثَرْنَا عَلَيْهِمْ لِيَعْلَمُوا أَنَّ وَعْدَ اللَّهِ حَقٌّ وَأَنَّ السَّاعَةَ لَا رَيْبَ فِيهَا إِذْ يَتَنَازَعُونَ بَيْنَهُمْ أَمْرَهُمْ ۖ فَقَالُوا ابْنُوا عَلَيْهِمْ بُنْيَانًا ۖ رَبُّهُمْ أَعْلَمُ بِهِمْ ۚ قَالَ الَّذِينَ غَلَبُوا عَلَىٰ أَمْرِهِمْ لَنَتَّخِذَنَّ عَلَيْهِمْ مَسْجِدًا",
      "verseStringB": "And so it was, that We caused them to be discovered. So that they would know that Allah’s promise is true—and that there is no doubt about the Hour. As they were arguing their case among themselves, they said, “Build a structure over them.” Their Lord knows best about them. But those who prevailed over their case said, “We will build a place of worship over them.”"
    },
    {
      "verseNumber": 22,
      "verseString": "سَيَقُولُونَ ثَلَاثَةٌ رَابِعُهُمْ كَلْبُهُمْ وَيَقُولُونَ خَمْسَةٌ سَادِسُهُمْ كَلْبُهُمْ رَجْمًا بِالْغَيْبِ ۖ وَيَقُولُونَ سَبْعَةٌ وَثَامِنُهُمْ كَلْبُهُمْ ۚ قُلْ رَبِّي أَعْلَمُ بِعِدَّتِهِمْ مَا يَعْلَمُهُمْ إِلَّا قَلِيلٌ ۗ فَلَا تُمَارِ فِيهِمْ إِلَّا مِرَاءً ظَاهِرًا وَلَا تَسْتَفْتِ فِيهِمْ مِنْهُمْ أَحَدًا",
      "verseStringB": "They will say, “Three, and their fourth being their dog.” And they will say, “Five, and their sixth being their dog,” guessing at the unknown. And they will say, “Seven, and their eighth being their dog.” Say, “My Lord knows best their number.” None knows them except a few. So do not argue about them except with sure knowledge, nor consult any of them about them."
    },
    {
      "verseNumber": 23,
      "verseString": "وَلَا تَقُولَنَّ لِشَيْءٍ إِنِّي فَاعِلٌ ذَٰلِكَ غَدًا",
      "verseStringB": "And never say about anything, “I will do that tomorrow.”"
    },
    {
      "verseNumber": 24,
      "verseString": "إِلَّا أَنْ يَشَاءَ اللَّهُ ۚ وَاذْكُرْ رَبَّكَ إِذَا نَسِيتَ وَقُلْ عَسَىٰ أَنْ يَهْدِيَنِ رَبِّي لِأَقْرَبَ مِنْ هَٰذَا رَشَدًا",
      "verseStringB": "Without adding, “Allah willing.” And remember your Lord when you forget, and say, “Perhaps my Lord will guide me to nearer than this in integrity.”"
    },
    {
      "verseNumber": 25,
      "verseString": "وَلَبِثُوا فِي كَهْفِهِمْ ثَلَاثَ مِائَةٍ سِنِينَ وَازْدَادُوا تِسْعًا",
      "verseStringB": "And they remained in their cave for three hundred years, adding nine."
    },
    {
      "verseNumber": 26,
      "verseString": "قُلِ اللَّهُ أَعْلَمُ بِمَا لَبِثُوا ۖ لَهُ غَيْبُ السَّمَاوَاتِ وَالْأَرْضِ ۖ أَبْصِرْ بِهِ وَأَسْمِعْ ۚ مَا لَهُمْ مِنْ دُونِهِ مِنْ وَلِيٍّ وَلَا يُشْرِكُ فِي حُكْمِهِ أَحَدًا",
      "verseStringB": "Say, “Allah knows best how long they remained.” To Him belongs the mystery of the heavens and the earth. How well He sees. How well He hears. They have no guardian other than Him, and He shares His Sovereignty with no one."
    },
    {
      "verseNumber": 27,
      "verseString": "وَاتْلُ مَا أُوحِيَ إِلَيْكَ مِنْ كِتَابِ رَبِّكَ ۖ لَا مُبَدِّلَ لِكَلِمَاتِهِ وَلَنْ تَجِدَ مِنْ دُونِهِ مُلْتَحَدًا",
      "verseStringB": "And read what was revealed to you from your Lord’s Book. There is no changing His words. And you will find no refuge, except with Him."
    },
    {
      "verseNumber": 28,
      "verseString": "وَاصْبِرْ نَفْسَكَ مَعَ الَّذِينَ يَدْعُونَ رَبَّهُمْ بِالْغَدَاةِ وَالْعَشِيِّ يُرِيدُونَ وَجْهَهُ ۖ وَلَا تَعْدُ عَيْنَاكَ عَنْهُمْ تُرِيدُ زِينَةَ الْحَيَاةِ الدُّنْيَا ۖ وَلَا تُطِعْ مَنْ أَغْفَلْنَا قَلْبَهُ عَنْ ذِكْرِنَا وَاتَّبَعَ هَوَاهُ وَكَانَ أَمْرُهُ فُرُطًا",
      "verseStringB": "And content yourself with those who pray to their Lord morning and evening, desiring His Attention. And do not turn your eyes away from them, desiring the glitter of this world. And do not obey him whose heart We made oblivious to Our remembrance—so he follows his own whims, and his priorities are confused."
    },
    {
      "verseNumber": 29,
      "verseString": "وَقُلِ الْحَقُّ مِنْ رَبِّكُمْ ۖ فَمَنْ شَاءَ فَلْيُؤْمِنْ وَمَنْ شَاءَ فَلْيَكْفُرْ ۚ إِنَّا أَعْتَدْنَا لِلظَّالِمِينَ نَارًا أَحَاطَ بِهِمْ سُرَادِقُهَا ۚ وَإِنْ يَسْتَغِيثُوا يُغَاثُوا بِمَاءٍ كَالْمُهْلِ يَشْوِي الْوُجُوهَ ۚ بِئْسَ الشَّرَابُ وَسَاءَتْ مُرْتَفَقًا",
      "verseStringB": "And say, “The truth is from your Lord. Whoever wills—let him believe. And whoever wills—let him disbelieve”. We have prepared for the unjust a Fire, whose curtains will hem them in. And when they plead for relief, they will be relieved with water like molten metal, which scalds the faces. What a horrible drink, and what an evil resting-place."
    },
    {
      "verseNumber": 30,
      "verseString": "إِنَّ الَّذِينَ آمَنُوا وَعَمِلُوا الصَّالِحَاتِ إِنَّا لَا نُضِيعُ أَجْرَ مَنْ أَحْسَنَ عَمَلًا",
      "verseStringB": "As for those who believe and do good deeds—We will not waste the reward of those who work righteousness."
    },
    {
      "verseNumber": 31,
      "verseString": "أُولَٰئِكَ لَهُمْ جَنَّاتُ عَدْنٍ تَجْرِي مِنْ تَحْتِهِمُ الْأَنْهَارُ يُحَلَّوْنَ فِيهَا مِنْ أَسَاوِرَ مِنْ ذَهَبٍ وَيَلْبَسُونَ ثِيَابًا خُضْرًا مِنْ سُنْدُسٍ وَإِسْتَبْرَقٍ مُتَّكِئِينَ فِيهَا عَلَى الْأَرَائِكِ ۚ نِعْمَ الثَّوَابُ وَحَسُنَتْ مُرْتَفَقًا",
      "verseStringB": "It is they who will have the Gardens of Eden, beneath which rivers flow. There they will be adorned with bracelets of gold, and will wear green garments of silk and brocade, reclining on couches. What a wonderful reward, and what an excellent resting-place."
    },
    {
      "verseNumber": 32,
      "verseString": "وَاضْرِبْ لَهُمْ مَثَلًا رَجُلَيْنِ جَعَلْنَا لِأَحَدِهِمَا جَنَّتَيْنِ مِنْ أَعْنَابٍ وَحَفَفْنَاهُمَا بِنَخْلٍ وَجَعَلْنَا بَيْنَهُمَا زَرْعًا",
      "verseStringB": "And cite for them the parable of two men: To one of them, We granted two vineyards, and We surrounded them with date-palms, and We placed between them crops."
    },
    {
      "verseNumber": 33,
      "verseString": "كِلْتَا الْجَنَّتَيْنِ آتَتْ أُكُلَهَا وَلَمْ تَظْلِمْ مِنْهُ شَيْئًا ۚ وَفَجَّرْنَا خِلَالَهُمَا نَهَرًا",
      "verseStringB": "Both gardens produced their harvest, never falling short, and We made a river gush through them."
    },
    {
      "verseNumber": 34,
      "verseString": "وَكَانَ لَهُ ثَمَرٌ فَقَالَ لِصَاحِبِهِ وَهُوَ يُحَاوِرُهُ أَنَا أَكْثَرُ مِنْكَ مَالًا وَأَعَزُّ نَفَرًا",
      "verseStringB": "And he had other resources. He said to his friend, as he conversed with him, “I am more wealthy, and superior in manpower.”"
    },
    {
      "verseNumber": 35,
      "verseString": "وَدَخَلَ جَنَّتَهُ وَهُوَ ظَالِمٌ لِنَفْسِهِ قَالَ مَا أَظُنُّ أَنْ تَبِيدَ هَٰذِهِ أَبَدًا",
      "verseStringB": "And he entered his garden while wronging himself, saying, “I do not think this will ever perish.”"
    },
    {
      "verseNumber": 36,
      "verseString": "وَمَا أَظُنُّ السَّاعَةَ قَائِمَةً وَلَئِنْ رُدِدْتُ إِلَىٰ رَبِّي لَأَجِدَنَّ خَيْرًا مِنْهَا مُنْقَلَبًا",
      "verseStringB": "“And I do not think the Hour is coming. And even if I am returned to my Lord, I will find something better than this in return.”"
    },
    {
      "verseNumber": 37,
      "verseString": "قَالَ لَهُ صَاحِبُهُ وَهُوَ يُحَاوِرُهُ أَكَفَرْتَ بِالَّذِي خَلَقَكَ مِنْ تُرَابٍ ثُمَّ مِنْ نُطْفَةٍ ثُمَّ سَوَّاكَ رَجُلًا",
      "verseStringB": "His friend said to him, as he conversed with him, “Are you being ungrateful to Him who created you from dust, then from a drop, then evolved you into a man?"
    },
    {
      "verseNumber": 38,
      "verseString": "لَٰكِنَّا هُوَ اللَّهُ رَبِّي وَلَا أُشْرِكُ بِرَبِّي أَحَدًا",
      "verseStringB": "But as for me: He is Allah, my Lord, and I never associate anyone with my Lord."
    },
    {
      "verseNumber": 39,
      "verseString": "وَلَوْلَا إِذْ دَخَلْتَ جَنَّتَكَ قُلْتَ مَا شَاءَ اللَّهُ لَا قُوَّةَ إِلَّا بِاللَّهِ ۚ إِنْ تَرَنِ أَنَا أَقَلَّ مِنْكَ مَالًا وَوَلَدًا",
      "verseStringB": "If only, when you entered your garden, you said, ‘This is what Allah has willed. There is no power except through Allah.’ Even though you see me inferior to you in wealth and children."
    },
    {
      "verseNumber": 40,
      "verseString": "فَعَسَىٰ رَبِّي أَنْ يُؤْتِيَنِ خَيْرًا مِنْ جَنَّتِكَ وَيُرْسِلَ عَلَيْهَا حُسْبَانًا مِنَ السَّمَاءِ فَتُصْبِحَ صَعِيدًا زَلَقًا",
      "verseStringB": "Perhaps my Lord will give me something better than your garden, and unleash against it a thunderbolt from the sky, so it becomes a slippery wasteland."
    },
    {
      "verseNumber": 41,
      "verseString": "أَوْ يُصْبِحَ مَاؤُهَا غَوْرًا فَلَنْ تَسْتَطِيعَ لَهُ طَلَبًا",
      "verseStringB": "Or its water dries up, and you can never reclaim it.”"
    },
    {
      "verseNumber": 42,
      "verseString": "وَأُحِيطَ بِثَمَرِهِ فَأَصْبَحَ يُقَلِّبُ كَفَّيْهِ عَلَىٰ مَا أَنْفَقَ فِيهَا وَهِيَ خَاوِيَةٌ عَلَىٰ عُرُوشِهَا وَيَقُولُ يَا لَيْتَنِي لَمْ أُشْرِكْ بِرَبِّي أَحَدًا",
      "verseStringB": "And ruin closed in on his crops. And so he began wringing his hands over what he had invested in it, as it lays collapsed on its trellises, and he was saying, “I wish I never associated anyone with my Lord.”"
    },
    {
      "verseNumber": 43,
      "verseString": "وَلَمْ تَكُنْ لَهُ فِئَةٌ يَنْصُرُونَهُ مِنْ دُونِ اللَّهِ وَمَا كَانَ مُنْتَصِرًا",
      "verseStringB": "He had no manpower to help him besides Allah, nor could he help himself."
    },
    {
      "verseNumber": 44,
      "verseString": "هُنَالِكَ الْوَلَايَةُ لِلَّهِ الْحَقِّ ۚ هُوَ خَيْرٌ ثَوَابًا وَخَيْرٌ عُقْبًا",
      "verseStringB": "That is because authority belongs to Allah, the Real. He is Best in rewarding, and Best for consequence."
    },
    {
      "verseNumber": 45,
      "verseString": "وَاضْرِبْ لَهُمْ مَثَلَ الْحَيَاةِ الدُّنْيَا كَمَاءٍ أَنْزَلْنَاهُ مِنَ السَّمَاءِ فَاخْتَلَطَ بِهِ نَبَاتُ الْأَرْضِ فَأَصْبَحَ هَشِيمًا تَذْرُوهُ الرِّيَاحُ ۗ وَكَانَ اللَّهُ عَلَىٰ كُلِّ شَيْءٍ مُقْتَدِرًا",
      "verseStringB": "And cite for them the parable of the present life: like water that We send down from the sky; and is absorbed by the plants of the earth; then it becomes debris, scattered by the winds. Allah has absolute power over everything."
    },
    {
      "verseNumber": 46,
      "verseString": "الْمَالُ وَالْبَنُونَ زِينَةُ الْحَيَاةِ الدُّنْيَا ۖ وَالْبَاقِيَاتُ الصَّالِحَاتُ خَيْرٌ عِنْدَ رَبِّكَ ثَوَابًا وَخَيْرٌ أَمَلًا",
      "verseStringB": "Wealth and children are the decorations of the present life. But the things that last, the virtuous deeds, are better with your Lord for reward, and better for hope."
    },
    {
      "verseNumber": 47,
      "verseString": "وَيَوْمَ نُسَيِّرُ الْجِبَالَ وَتَرَى الْأَرْضَ بَارِزَةً وَحَشَرْنَاهُمْ فَلَمْ نُغَادِرْ مِنْهُمْ أَحَدًا",
      "verseStringB": "On the Day when We set the mountains in motion, and you see the earth emerging, and We gather them together, and leave none of them behind."
    },
    {
      "verseNumber": 48,
      "verseString": "وَعُرِضُوا عَلَىٰ رَبِّكَ صَفًّا لَقَدْ جِئْتُمُونَا كَمَا خَلَقْنَاكُمْ أَوَّلَ مَرَّةٍ ۚ بَلْ زَعَمْتُمْ أَلَّنْ نَجْعَلَ لَكُمْ مَوْعِدًا",
      "verseStringB": "They will be presented before your Lord in a row. “You have come to Us as We created you the first time. Although you claimed that We will not set an appointment for you.”"
    },
    {
      "verseNumber": 49,
      "verseString": "وَوُضِعَ الْكِتَابُ فَتَرَى الْمُجْرِمِينَ مُشْفِقِينَ مِمَّا فِيهِ وَيَقُولُونَ يَا وَيْلَتَنَا مَالِ هَٰذَا الْكِتَابِ لَا يُغَادِرُ صَغِيرَةً وَلَا كَبِيرَةً إِلَّا أَحْصَاهَا ۚ وَوَجَدُوا مَا عَمِلُوا حَاضِرًا ۗ وَلَا يَظْلِمُ رَبُّكَ أَحَدًا",
      "verseStringB": "And the book will be placed, and you will see the guilty fearful of its contents. And they will say, “Woe to us! What is with this book that leaves nothing, small or big, but it has enumerated it?” They will find everything they had done present. Your Lord never wrongs anyone."
    },
    {
      "verseNumber": 50,
      "verseString": "وَإِذْ قُلْنَا لِلْمَلَائِكَةِ اسْجُدُوا لِآدَمَ فَسَجَدُوا إِلَّا إِبْلِيسَ كَانَ مِنَ الْجِنِّ فَفَسَقَ عَنْ أَمْرِ رَبِّهِ ۗ أَفَتَتَّخِذُونَهُ وَذُرِّيَّتَهُ أَوْلِيَاءَ مِنْ دُونِي وَهُمْ لَكُمْ عَدُوٌّ ۚ بِئْسَ لِلظَّالِمِينَ بَدَلًا",
      "verseStringB": "And We said to the angels, “Prostrate before Adam.” So they prostrated, except for Iblis. He was of the jinn, and he deviated from the command of his Lord. Will you take him and his descendants as friends instead of Me, although they are your enemy? What an evil alternative for the wrongdoers!"
    },
    {
      "verseNumber": 51,
      "verseString": "مَا أَشْهَدْتُهُمْ خَلْقَ السَّمَاوَاتِ وَالْأَرْضِ وَلَا خَلْقَ أَنْفُسِهِمْ وَمَا كُنْتُ مُتَّخِذَ الْمُضِلِّينَ عَضُدًا",
      "verseStringB": "I never called them to witness the creation of the heavens and the earth, nor their own creation, nor would I take the misleaders as assistants."
    },
    {
      "verseNumber": 52,
      "verseString": "وَيَوْمَ يَقُولُ نَادُوا شُرَكَائِيَ الَّذِينَ زَعَمْتُمْ فَدَعَوْهُمْ فَلَمْ يَسْتَجِيبُوا لَهُمْ وَجَعَلْنَا بَيْنَهُمْ مَوْبِقًا",
      "verseStringB": "On the Day when He says, “Call upon those you claimed were My associates.” So they will call on them, but they will not answer them. And We will place a cliff between them."
    },
    {
      "verseNumber": 53,
      "verseString": "وَرَأَى الْمُجْرِمُونَ النَّارَ فَظَنُّوا أَنَّهُمْ مُوَاقِعُوهَا وَلَمْ يَجِدُوا عَنْهَا مَصْرِفًا",
      "verseStringB": "And the criminals will see the Fire, and realize that they will tumble into it. And they will find no deliverance from it."
    },
    {
      "verseNumber": 54,
      "verseString": "وَلَقَدْ صَرَّفْنَا فِي هَٰذَا الْقُرْآنِ لِلنَّاسِ مِنْ كُلِّ مَثَلٍ ۚ وَكَانَ الْإِنْسَانُ أَكْثَرَ شَيْءٍ جَدَلًا",
      "verseStringB": "We have elaborated in this Quran for the people every kind of example, but the human being is a most argumentative being."
    },
    {
      "verseNumber": 55,
      "verseString": "وَمَا مَنَعَ النَّاسَ أَنْ يُؤْمِنُوا إِذْ جَاءَهُمُ الْهُدَىٰ وَيَسْتَغْفِرُوا رَبَّهُمْ إِلَّا أَنْ تَأْتِيَهُمْ سُنَّةُ الْأَوَّلِينَ أَوْ يَأْتِيَهُمُ الْعَذَابُ قُبُلًا",
      "verseStringB": "What prevented people from believing, when guidance has come to them, and from seeking their Lord’s forgiveness? Unless they are waiting for the precedent of the ancients to befall them, or to have the punishment come upon them face-to-face."
    },
    {
      "verseNumber": 56,
      "verseString": "وَمَا نُرْسِلُ الْمُرْسَلِينَ إِلَّا مُبَشِّرِينَ وَمُنْذِرِينَ ۚ وَيُجَادِلُ الَّذِينَ كَفَرُوا بِالْبَاطِلِ لِيُدْحِضُوا بِهِ الْحَقَّ ۖ وَاتَّخَذُوا آيَاتِي وَمَا أُنْذِرُوا هُزُوًا",
      "verseStringB": "We do not send the messengers, except as deliverers of good news and warners. Those who disbelieve argue with false arguments, to discredit the truth with it. They take My Verses, and the warnings, for a joke."
    },
    {
      "verseNumber": 57,
      "verseString": "وَمَنْ أَظْلَمُ مِمَّنْ ذُكِّرَ بِآيَاتِ رَبِّهِ فَأَعْرَضَ عَنْهَا وَنَسِيَ مَا قَدَّمَتْ يَدَاهُ ۚ إِنَّا جَعَلْنَا عَلَىٰ قُلُوبِهِمْ أَكِنَّةً أَنْ يَفْقَهُوهُ وَفِي آذَانِهِمْ وَقْرًا ۖ وَإِنْ تَدْعُهُمْ إِلَى الْهُدَىٰ فَلَنْ يَهْتَدُوا إِذًا أَبَدًا",
      "verseStringB": "And who does more wrong than he, who, when reminded of his Lord’s revelations, turns away from them, and forgets what his hands have forwarded? We have placed coverings over their hearts—leaving them unable to understand it—and deafness in their ears. And if you invite them to guidance, they will not be guided, ever."
    },
    {
      "verseNumber": 58,
      "verseString": "وَرَبُّكَ الْغَفُورُ ذُو الرَّحْمَةِ ۖ لَوْ يُؤَاخِذُهُمْ بِمَا كَسَبُوا لَعَجَّلَ لَهُمُ الْعَذَابَ ۚ بَلْ لَهُمْ مَوْعِدٌ لَنْ يَجِدُوا مِنْ دُونِهِ مَوْئِلًا",
      "verseStringB": "And your Lord is the Forgiver, Full of Mercy. If He were to call them to account for what they have committed, He would have rushed the punishment for them. But they have an appointment from which they will find no escape."
    },
    {
      "verseNumber": 59,
      "verseString": "وَتِلْكَ الْقُرَىٰ أَهْلَكْنَاهُمْ لَمَّا ظَلَمُوا وَجَعَلْنَا لِمَهْلِكِهِمْ مَوْعِدًا",
      "verseStringB": "And these towns: We destroyed them when they committed injustices, and We set for their destruction an appointed time."
    },
    {
      "verseNumber": 60,
      "verseString": "وَإِذْ قَالَ مُوسَىٰ لِفَتَاهُ لَا أَبْرَحُ حَتَّىٰ أَبْلُغَ مَجْمَعَ الْبَحْرَيْنِ أَوْ أَمْضِيَ حُقُبًا",
      "verseStringB": "And when Moses said to his young assistant, “I will not give up until I reach the junction of the two seas, even if I travel for ages.”"
    },
    {
      "verseNumber": 61,
      "verseString": "فَلَمَّا بَلَغَا مَجْمَعَ بَيْنِهِمَا نَسِيَا حُوتَهُمَا فَاتَّخَذَ سَبِيلَهُ فِي الْبَحْرِ سَرَبًا",
      "verseStringB": "So when they reached the junction between them, they forgot about their fish. It made its way into the sea, slipping away."
    },
    {
      "verseNumber": 62,
      "verseString": "فَلَمَّا جَاوَزَا قَالَ لِفَتَاهُ آتِنَا غَدَاءَنَا لَقَدْ لَقِينَا مِنْ سَفَرِنَا هَٰذَا نَصَبًا",
      "verseStringB": "When they went further, he said to his assistant, “Bring us our lunch; we were exposed in our travel to much fatigue.”"
    },
    {
      "verseNumber": 63,
      "verseString": "قَالَ أَرَأَيْتَ إِذْ أَوَيْنَا إِلَى الصَّخْرَةِ فَإِنِّي نَسِيتُ الْحُوتَ وَمَا أَنْسَانِيهُ إِلَّا الشَّيْطَانُ أَنْ أَذْكُرَهُ ۚ وَاتَّخَذَ سَبِيلَهُ فِي الْبَحْرِ عَجَبًا",
      "verseStringB": "He said, “Do you remember when we rested by the rock? I forgot about the fish. None made me forget to mention this, except Satan. And so it made its way to the sea, amazingly.”"
    },
    {
      "verseNumber": 64,
      "verseString": "قَالَ ذَٰلِكَ مَا كُنَّا نَبْغِ ۚ فَارْتَدَّا عَلَىٰ آثَارِهِمَا قَصَصًا",
      "verseStringB": "He said, “That is what we were looking for.” And so they turned back, retracing their footsteps."
    },
    {
      "verseNumber": 65,
      "verseString": "فَوَجَدَا عَبْدًا مِنْ عِبَادِنَا آتَيْنَاهُ رَحْمَةً مِنْ عِنْدِنَا وَعَلَّمْنَاهُ مِنْ لَدُنَّا عِلْمًا",
      "verseStringB": "Then they found a servant of Ours, whom We had blessed with mercy from Us, and had taught him knowledge from Our Own."
    },
    {
      "verseNumber": 66,
      "verseString": "قَالَ لَهُ مُوسَىٰ هَلْ أَتَّبِعُكَ عَلَىٰ أَنْ تُعَلِّمَنِ مِمَّا عُلِّمْتَ رُشْدًا",
      "verseStringB": "Moses said to him, “May I follow you, so that you may teach me some of the guidance you were taught?”"
    },
    {
      "verseNumber": 67,
      "verseString": "قَالَ إِنَّكَ لَنْ تَسْتَطِيعَ مَعِيَ صَبْرًا",
      "verseStringB": "He said, “You will not be able to endure with me."
    },
    {
      "verseNumber": 68,
      "verseString": "وَكَيْفَ تَصْبِرُ عَلَىٰ مَا لَمْ تُحِطْ بِهِ خُبْرًا",
      "verseStringB": "And how will you endure what you have no knowledge of?”"
    },
    {
      "verseNumber": 69,
      "verseString": "قَالَ سَتَجِدُنِي إِنْ شَاءَ اللَّهُ صَابِرًا وَلَا أَعْصِي لَكَ أَمْرًا",
      "verseStringB": "He said, “You will find me, Allah willing, patient; and I will disobey none of your orders.”"
    },
    {
      "verseNumber": 70,
      "verseString": "قَالَ فَإِنِ اتَّبَعْتَنِي فَلَا تَسْأَلْنِي عَنْ شَيْءٍ حَتَّىٰ أُحْدِثَ لَكَ مِنْهُ ذِكْرًا",
      "verseStringB": "He said, “If you follow me, do not ask me about anything—until I clarify it for you.”"
    },
    {
      "verseNumber": 71,
      "verseString": "فَانْطَلَقَا حَتَّىٰ إِذَا رَكِبَا فِي السَّفِينَةِ خَرَقَهَا ۖ قَالَ أَخَرَقْتَهَا لِتُغْرِقَ أَهْلَهَا لَقَدْ جِئْتَ شَيْئًا إِمْرًا",
      "verseStringB": "So they set out. Until, when they embarked on a boat, he made a hole in it. He said, “Did you make a hole in it, to drown its passengers? You have done something awful.”"
    },
    {
      "verseNumber": 72,
      "verseString": "قَالَ أَلَمْ أَقُلْ إِنَّكَ لَنْ تَسْتَطِيعَ مَعِيَ صَبْرًا",
      "verseStringB": "He said, “Did I not say that you will be unable to endure with me?”"
    },
    {
      "verseNumber": 73,
      "verseString": "قَالَ لَا تُؤَاخِذْنِي بِمَا نَسِيتُ وَلَا تُرْهِقْنِي مِنْ أَمْرِي عُسْرًا",
      "verseStringB": "He said, “Do not rebuke me for forgetting, and do not make my course difficult for me.”"
    },
    {
      "verseNumber": 74,
      "verseString": "فَانْطَلَقَا حَتَّىٰ إِذَا لَقِيَا غُلَامًا فَقَتَلَهُ قَالَ أَقَتَلْتَ نَفْسًا زَكِيَّةً بِغَيْرِ نَفْسٍ لَقَدْ جِئْتَ شَيْئًا نُكْرًا",
      "verseStringB": "Then they set out. Until, when they came across a young boy, he killed him. He said, “Did you kill a pure soul, who killed no one? You have done something terrible.”"
    },
    {
      "verseNumber": 75,
      "verseString": "قَالَ أَلَمْ أَقُلْ لَكَ إِنَّكَ لَنْ تَسْتَطِيعَ مَعِيَ صَبْرًا",
      "verseStringB": "He said, “Did I not tell you that you will be unable to endure with me?”"
    },
    {
      "verseNumber": 76,
      "verseString": "قَالَ إِنْ سَأَلْتُكَ عَنْ شَيْءٍ بَعْدَهَا فَلَا تُصَاحِبْنِي ۖ قَدْ بَلَغْتَ مِنْ لَدُنِّي عُذْرًا",
      "verseStringB": "He said, “If I ever question you about anything after this, then do not keep me in your company. You have received sufficient excuses from me.”"
    },
    {
      "verseNumber": 77,
      "verseString": "فَانْطَلَقَا حَتَّىٰ إِذَا أَتَيَا أَهْلَ قَرْيَةٍ اسْتَطْعَمَا أَهْلَهَا فَأَبَوْا أَنْ يُضَيِّفُوهُمَا فَوَجَدَا فِيهَا جِدَارًا يُرِيدُ أَنْ يَنْقَضَّ فَأَقَامَهُ ۖ قَالَ لَوْ شِئْتَ لَاتَّخَذْتَ عَلَيْهِ أَجْرًا",
      "verseStringB": "So they set out. Until, when they reached the inhabitants of a town, they asked them for food, but they refused to give them hospitality. There they found a wall about to collapse, and he repaired it. He said, “If you wanted, you could have obtained payment for it.”"
    },
    {
      "verseNumber": 78,
      "verseString": "قَالَ هَٰذَا فِرَاقُ بَيْنِي وَبَيْنِكَ ۚ سَأُنَبِّئُكَ بِتَأْوِيلِ مَا لَمْ تَسْتَطِعْ عَلَيْهِ صَبْرًا",
      "verseStringB": "He said, “This is the parting between you and me. I will inform you of the interpretation of what you could not endure."
    },
    {
      "verseNumber": 79,
      "verseString": "أَمَّا السَّفِينَةُ فَكَانَتْ لِمَسَاكِينَ يَعْمَلُونَ فِي الْبَحْرِ فَأَرَدْتُ أَنْ أَعِيبَهَا وَكَانَ وَرَاءَهُمْ مَلِكٌ يَأْخُذُ كُلَّ سَفِينَةٍ غَصْبًا",
      "verseStringB": "As for the boat, it belonged to paupers working at sea. I intended to damage it because there was a king coming after them seizing every boat by force."
    },
    {
      "verseNumber": 80,
      "verseString": "وَأَمَّا الْغُلَامُ فَكَانَ أَبَوَاهُ مُؤْمِنَيْنِ فَخَشِينَا أَنْ يُرْهِقَهُمَا طُغْيَانًا وَكُفْرًا",
      "verseStringB": "And as for the boy, his parents were believers, and we feared that he would overwhelm them with rebellion and disbelief."
    },
    {
      "verseNumber": 81,
      "verseString": "فَأَرَدْنَا أَنْ يُبْدِلَهُمَا رَبُّهُمَا خَيْرًا مِنْهُ زَكَاةً وَأَقْرَبَ رُحْمًا",
      "verseStringB": "So we wanted their Lord to replace him with someone better in integrity, and closer to kindness."
    },
    {
      "verseNumber": 82,
      "verseString": "وَأَمَّا الْجِدَارُ فَكَانَ لِغُلَامَيْنِ يَتِيمَيْنِ فِي الْمَدِينَةِ وَكَانَ تَحْتَهُ كَنْزٌ لَهُمَا وَكَانَ أَبُوهُمَا صَالِحًا فَأَرَادَ رَبُّكَ أَنْ يَبْلُغَا أَشُدَّهُمَا وَيَسْتَخْرِجَا كَنْزَهُمَا رَحْمَةً مِنْ رَبِّكَ ۚ وَمَا فَعَلْتُهُ عَنْ أَمْرِي ۚ ذَٰلِكَ تَأْوِيلُ مَا لَمْ تَسْطِعْ عَلَيْهِ صَبْرًا",
      "verseStringB": "And as for the wall, it belonged to two orphan boys in the city. Beneath it was a treasure belonging to them. Their father was righteous. Your Lord wanted them to reach their maturity and then extract their treasure—as a mercy from your Lord. I did not do it of my own accord. This is the interpretation of what you could not bear patiently.”"
    },
    {
      "verseNumber": 83,
      "verseString": "وَيَسْأَلُونَكَ عَنْ ذِي الْقَرْنَيْنِ ۖ قُلْ سَأَتْلُو عَلَيْكُمْ مِنْهُ ذِكْرًا",
      "verseStringB": "And they ask you about Zul-Qarnain. Say, “I will tell you something about him.”"
    },
    {
      "verseNumber": 84,
      "verseString": "إِنَّا مَكَّنَّا لَهُ فِي الْأَرْضِ وَآتَيْنَاهُ مِنْ كُلِّ شَيْءٍ سَبَبًا",
      "verseStringB": "We established him in the land, and We gave him the means of everything."
    },
    {
      "verseNumber": 85,
      "verseString": "فَأَتْبَعَ سَبَبًا",
      "verseStringB": "So he pursued a course."
    },
    {
      "verseNumber": 86,
      "verseString": "حَتَّىٰ إِذَا بَلَغَ مَغْرِبَ الشَّمْسِ وَجَدَهَا تَغْرُبُ فِي عَيْنٍ حَمِئَةٍ وَوَجَدَ عِنْدَهَا قَوْمًا ۗ قُلْنَا يَا ذَا الْقَرْنَيْنِ إِمَّا أَنْ تُعَذِّبَ وَإِمَّا أَنْ تَتَّخِذَ فِيهِمْ حُسْنًا",
      "verseStringB": "Until, when he reached the setting of the sun, he found it setting in a murky spring, and he found a people in its vicinity. We said, “O Zul-Qarnain: you may either inflict a penalty, or else treat them kindly.”"
    },
    {
      "verseNumber": 87,
      "verseString": "قَالَ أَمَّا مَنْ ظَلَمَ فَسَوْفَ نُعَذِّبُهُ ثُمَّ يُرَدُّ إِلَىٰ رَبِّهِ فَيُعَذِّبُهُ عَذَابًا نُكْرًا",
      "verseStringB": "He said, “As for him who does wrong: we will penalize him, then he will be returned to his Lord, and He will punish him with an unheard-of torment.”"
    },
    {
      "verseNumber": 88,
      "verseString": "وَأَمَّا مَنْ آمَنَ وَعَمِلَ صَالِحًا فَلَهُ جَزَاءً الْحُسْنَىٰ ۖ وَسَنَقُولُ لَهُ مِنْ أَمْرِنَا يُسْرًا",
      "verseStringB": "“But as for him who believes and acts righteously: for him is the finest reward, and We will issue easy commands for him.”"
    },
    {
      "verseNumber": 89,
      "verseString": "ثُمَّ أَتْبَعَ سَبَبًا",
      "verseStringB": "Then he pursued a course."
    },
    {
      "verseNumber": 90,
      "verseString": "حَتَّىٰ إِذَا بَلَغَ مَطْلِعَ الشَّمْسِ وَجَدَهَا تَطْلُعُ عَلَىٰ قَوْمٍ لَمْ نَجْعَلْ لَهُمْ مِنْ دُونِهَا سِتْرًا",
      "verseStringB": "Until, when he reached the rising of the sun, he found it rising on a people for whom We had provided no shade from it."
    },
    {
      "verseNumber": 91,
      "verseString": "كَذَٰلِكَ وَقَدْ أَحَطْنَا بِمَا لَدَيْهِ خُبْرًا",
      "verseStringB": "So it was. And We had full knowledge of everything he had."
    },
    {
      "verseNumber": 92,
      "verseString": "ثُمَّ أَتْبَعَ سَبَبًا",
      "verseStringB": "Then he pursued a course."
    },
    {
      "verseNumber": 93,
      "verseString": "حَتَّىٰ إِذَا بَلَغَ بَيْنَ السَّدَّيْنِ وَجَدَ مِنْ دُونِهِمَا قَوْمًا لَا يَكَادُونَ يَفْقَهُونَ قَوْلًا",
      "verseStringB": "Until, when he reached between the two barriers, he found beside them a people who could hardly understand a word."
    },
    {
      "verseNumber": 94,
      "verseString": "قَالُوا يَا ذَا الْقَرْنَيْنِ إِنَّ يَأْجُوجَ وَمَأْجُوجَ مُفْسِدُونَ فِي الْأَرْضِ فَهَلْ نَجْعَلُ لَكَ خَرْجًا عَلَىٰ أَنْ تَجْعَلَ بَيْنَنَا وَبَيْنَهُمْ سَدًّا",
      "verseStringB": "They said, “O Zul-Qarnain! Gog and Magog are spreading chaos throughout the land. Can we pay you, to build between us and them a wall?”"
    },
    {
      "verseNumber": 95,
      "verseString": "قَالَ مَا مَكَّنِّي فِيهِ رَبِّي خَيْرٌ فَأَعِينُونِي بِقُوَّةٍ أَجْعَلْ بَيْنَكُمْ وَبَيْنَهُمْ رَدْمًا",
      "verseStringB": "He said, “What my Lord has empowered me with is better. But assist me with manpower, and I will build between you and them a dam.”"
    },
    {
      "verseNumber": 96,
      "verseString": "آتُونِي زُبَرَ الْحَدِيدِ ۖ حَتَّىٰ إِذَا سَاوَىٰ بَيْنَ الصَّدَفَيْنِ قَالَ انْفُخُوا ۖ حَتَّىٰ إِذَا جَعَلَهُ نَارًا قَالَ آتُونِي أُفْرِغْ عَلَيْهِ قِطْرًا",
      "verseStringB": "“Bring me blocks of iron.” And when he had leveled the two cliffs, he said, “Blow.” And when he made it as fire, he said, “Bring me tar to pour over it.”"
    },
    {
      "verseNumber": 97,
      "verseString": "فَمَا اسْطَاعُوا أَنْ يَظْهَرُوهُ وَمَا اسْتَطَاعُوا لَهُ نَقْبًا",
      "verseStringB": "So they could not climb it, nor could they dig through it."
    },
    {
      "verseNumber": 98,
      "verseString": "قَالَ هَٰذَا رَحْمَةٌ مِنْ رَبِّي ۖ فَإِذَا جَاءَ وَعْدُ رَبِّي جَعَلَهُ دَكَّاءَ ۖ وَكَانَ وَعْدُ رَبِّي حَقًّا",
      "verseStringB": "He said, “This is a mercy from my Lord. But when the promise of my Lord comes true, He will crumble it to dust. And my Lord’s promise is true.”"
    },
    {
      "verseNumber": 99,
      "verseString": "وَتَرَكْنَا بَعْضَهُمْ يَوْمَئِذٍ يَمُوجُ فِي بَعْضٍ ۖ وَنُفِخَ فِي الصُّورِ فَجَمَعْنَاهُمْ جَمْعًا",
      "verseStringB": "On that Day, We will leave them to surge over one another. And the Trumpet will be blown, and We will gather them together."
    },
    {
      "verseNumber": 100,
      "verseString": "وَعَرَضْنَا جَهَنَّمَ يَوْمَئِذٍ لِلْكَافِرِينَ عَرْضًا",
      "verseStringB": "On that Day, We will present the unbelievers to Hell, all displayed."
    },
    {
      "verseNumber": 101,
      "verseString": "الَّذِينَ كَانَتْ أَعْيُنُهُمْ فِي غِطَاءٍ عَنْ ذِكْرِي وَكَانُوا لَا يَسْتَطِيعُونَ سَمْعًا",
      "verseStringB": "Those whose eyes were veiled from My remembrance, and were unable to hear."
    },
    {
      "verseNumber": 102,
      "verseString": "أَفَحَسِبَ الَّذِينَ كَفَرُوا أَنْ يَتَّخِذُوا عِبَادِي مِنْ دُونِي أَوْلِيَاءَ ۚ إِنَّا أَعْتَدْنَا جَهَنَّمَ لِلْكَافِرِينَ نُزُلًا",
      "verseStringB": "Do those who disbelieve think they can take My servants as lords instead of Me? We have prepared Gehenna for the hospitality of the faithless."
    },
    {
      "verseNumber": 103,
      "verseString": "قُلْ هَلْ نُنَبِّئُكُمْ بِالْأَخْسَرِينَ أَعْمَالًا",
      "verseStringB": "Say, “Shall we inform you about the worst losers' actions?”"
    },
    {
      "verseNumber": 104,
      "verseString": "الَّذِينَ ضَلَّ سَعْيُهُمْ فِي الْحَيَاةِ الدُّنْيَا وَهُمْ يَحْسَبُونَ أَنَّهُمْ يُحْسِنُونَ صُنْعًا",
      "verseStringB": "“Those whose efforts in this world are misguided, while they assume that they are virtuous in their works.”"
    },
    {
      "verseNumber": 105,
      "verseString": "أُولَٰئِكَ الَّذِينَ كَفَرُوا بِآيَاتِ رَبِّهِمْ وَلِقَائِهِ فَحَبِطَتْ أَعْمَالُهُمْ فَلَا نُقِيمُ لَهُمْ يَوْمَ الْقِيَامَةِ وَزْنًا",
      "verseStringB": "It is they who reject the communications of their Lord, and in the meeting with Him. So their works are in vain. And on the Day of Resurrection, We will consider them of no weight."
    },
    {
      "verseNumber": 106,
      "verseString": "ذَٰلِكَ جَزَاؤُهُمْ جَهَنَّمُ بِمَا كَفَرُوا وَاتَّخَذُوا آيَاتِي وَرُسُلِي هُزُوًا",
      "verseStringB": "That is their payback: Hell. For having disbelieved, and for their taking My revelations and My messengers for a joke."
    },
    {
      "verseNumber": 107,
      "verseString": "إِنَّ الَّذِينَ آمَنُوا وَعَمِلُوا الصَّالِحَاتِ كَانَتْ لَهُمْ جَنَّاتُ الْفِرْدَوْسِ نُزُلًا",
      "verseStringB": "As for those who believe and do righteous deeds: they will have the Gardens of Paradise for hospitality."
    },
    {
      "verseNumber": 108,
      "verseString": "خَالِدِينَ فِيهَا لَا يَبْغُونَ عَنْهَا حِوَلًا",
      "verseStringB": "Where they will be forever, desiring no change therefrom."
    },
    {
      "verseNumber": 109,
      "verseString": "قُلْ لَوْ كَانَ الْبَحْرُ مِدَادًا لِكَلِمَاتِ رَبِّي لَنَفِدَ الْبَحْرُ قَبْلَ أَنْ تَنْفَدَ كَلِمَاتُ رَبِّي وَلَوْ جِئْنَا بِمِثْلِهِ مَدَدًا",
      "verseStringB": "Say, “If the ocean were ink for the Words of my Lord, the ocean would run out, before the Words of my Lord run out,” even if We brought the like of it to replenish it."
    },
    {
      "verseNumber": 110,
      "verseString": "قُلْ إِنَّمَا أَنَا بَشَرٌ مِثْلُكُمْ يُوحَىٰ إِلَيَّ أَنَّمَا إِلَٰهُكُمْ إِلَٰهٌ وَاحِدٌ ۖ فَمَنْ كَانَ يَرْجُو لِقَاءَ رَبِّهِ فَلْيَعْمَلْ عَمَلًا صَالِحًا وَلَا يُشْرِكْ بِعِبَادَةِ رَبِّهِ أَحَدًا",
      "verseStringB": "Say, “I am only a human being like you, being inspired that your God is One God. Whoever hopes for the meeting with his Lord, let him work righteousness, and associate no one in the worship of his Lord.”"
    }
  ],
  "nameEnglish": "The Cave",
  "nameTrans": "al-Kahf",
  "nameArabic": "الكهف",
  "chapterNumber": 18,
  "nVerses": 110
}