{
  "verses": [
    {
      "verseNumber": 0,
      "verseString": "بِسْمِ اللَّهِ الرَّحْمَٰنِ الرَّحِيمِ",
      "verseStringB": "In the name of Allah, the Compassionate, the Merciful."
    },
    {
      "verseNumber": 1,
      "verseString": "طسم",
      "verseStringB": "Ta. Seen. Meem."
    },
    {
      "verseNumber": 2,
      "verseString": "تِلْكَ آيَاتُ الْكِتَابِ الْمُبِينِ",
      "verseStringB": "These are the Verses of the Clarifying Book."
    },
    {
      "verseNumber": 3,
      "verseString": "لَعَلَّكَ بَاخِعٌ نَفْسَكَ أَلَّا يَكُونُوا مُؤْمِنِينَ",
      "verseStringB": "Perhaps you will destroy yourself with grief: because they do not become believers."
    },
    {
      "verseNumber": 4,
      "verseString": "إِنْ نَشَأْ نُنَزِّلْ عَلَيْهِمْ مِنَ السَّمَاءِ آيَةً فَظَلَّتْ أَعْنَاقُهُمْ لَهَا خَاضِعِينَ",
      "verseStringB": "If We will, We can send down upon them a sign from heaven, leaving their necks bent in submission to it."
    },
    {
      "verseNumber": 5,
      "verseString": "وَمَا يَأْتِيهِمْ مِنْ ذِكْرٍ مِنَ الرَّحْمَٰنِ مُحْدَثٍ إِلَّا كَانُوا عَنْهُ مُعْرِضِينَ",
      "verseStringB": "No fresh reminder comes to them from the Most Merciful, but they turn away from it."
    },
    {
      "verseNumber": 6,
      "verseString": "فَقَدْ كَذَّبُوا فَسَيَأْتِيهِمْ أَنْبَاءُ مَا كَانُوا بِهِ يَسْتَهْزِئُونَ",
      "verseStringB": "They have lied; but soon will come to them the news of what they ridiculed."
    },
    {
      "verseNumber": 7,
      "verseString": "أَوَلَمْ يَرَوْا إِلَى الْأَرْضِ كَمْ أَنْبَتْنَا فِيهَا مِنْ كُلِّ زَوْجٍ كَرِيمٍ",
      "verseStringB": "Do they not see the earth, and how many beautiful pairs We produced in it?"
    },
    {
      "verseNumber": 8,
      "verseString": "إِنَّ فِي ذَٰلِكَ لَآيَةً ۖ وَمَا كَانَ أَكْثَرُهُمْ مُؤْمِنِينَ",
      "verseStringB": "Surely in this is a sign, but most of them are not believers."
    },
    {
      "verseNumber": 9,
      "verseString": "وَإِنَّ رَبَّكَ لَهُوَ الْعَزِيزُ الرَّحِيمُ",
      "verseStringB": "Most surely, your Lord is the Almighty, the Merciful."
    },
    {
      "verseNumber": 10,
      "verseString": "وَإِذْ نَادَىٰ رَبُّكَ مُوسَىٰ أَنِ ائْتِ الْقَوْمَ الظَّالِمِينَ",
      "verseStringB": "When your Lord called out to Moses, “Go to the tyrannical people."
    },
    {
      "verseNumber": 11,
      "verseString": "قَوْمَ فِرْعَوْنَ ۚ أَلَا يَتَّقُونَ",
      "verseStringB": "The people of Pharaoh. Will they not fear?”"
    },
    {
      "verseNumber": 12,
      "verseString": "قَالَ رَبِّ إِنِّي أَخَافُ أَنْ يُكَذِّبُونِ",
      "verseStringB": "He said, “My Lord, I fear they will reject me."
    },
    {
      "verseNumber": 13,
      "verseString": "وَيَضِيقُ صَدْرِي وَلَا يَنْطَلِقُ لِسَانِي فَأَرْسِلْ إِلَىٰ هَارُونَ",
      "verseStringB": "And I become stressed, and my tongue is not fluent, so send Aaron too."
    },
    {
      "verseNumber": 14,
      "verseString": "وَلَهُمْ عَلَيَّ ذَنْبٌ فَأَخَافُ أَنْ يَقْتُلُونِ",
      "verseStringB": "And they have a charge against me, so I fear they may kill me.”"
    },
    {
      "verseNumber": 15,
      "verseString": "قَالَ كَلَّا ۖ فَاذْهَبَا بِآيَاتِنَا ۖ إِنَّا مَعَكُمْ مُسْتَمِعُونَ",
      "verseStringB": "He said, “No. Go, both of you, with Our proofs. We are with you, listening."
    },
    {
      "verseNumber": 16,
      "verseString": "فَأْتِيَا فِرْعَوْنَ فَقُولَا إِنَّا رَسُولُ رَبِّ الْعَالَمِينَ",
      "verseStringB": "Go to Pharaoh, and say, ‘We are messengers from the Lord of all Worlds."
    },
    {
      "verseNumber": 17,
      "verseString": "أَنْ أَرْسِلْ مَعَنَا بَنِي إِسْرَائِيلَ",
      "verseStringB": "Let the Children of Israel go with us.'”"
    },
    {
      "verseNumber": 18,
      "verseString": "قَالَ أَلَمْ نُرَبِّكَ فِينَا وَلِيدًا وَلَبِثْتَ فِينَا مِنْ عُمُرِكَ سِنِينَ",
      "verseStringB": "He said, “Did we not raise you among us as a child, and you stayed among us for many of your years?"
    },
    {
      "verseNumber": 19,
      "verseString": "وَفَعَلْتَ فَعْلَتَكَ الَّتِي فَعَلْتَ وَأَنْتَ مِنَ الْكَافِرِينَ",
      "verseStringB": "And you committed that deed of yours, and you were ungrateful.”"
    },
    {
      "verseNumber": 20,
      "verseString": "قَالَ فَعَلْتُهَا إِذًا وَأَنَا مِنَ الضَّالِّينَ",
      "verseStringB": "He said, “I did it then—when I was misguided."
    },
    {
      "verseNumber": 21,
      "verseString": "فَفَرَرْتُ مِنْكُمْ لَمَّا خِفْتُكُمْ فَوَهَبَ لِي رَبِّي حُكْمًا وَجَعَلَنِي مِنَ الْمُرْسَلِينَ",
      "verseStringB": "And I fled from you when I feared you; but my Lord gave me wisdom, and He made me one of the messengers."
    },
    {
      "verseNumber": 22,
      "verseString": "وَتِلْكَ نِعْمَةٌ تَمُنُّهَا عَلَيَّ أَنْ عَبَّدْتَ بَنِي إِسْرَائِيلَ",
      "verseStringB": "Is that the favor you taunt me with, although you have enslaved the Children of Israel?”"
    },
    {
      "verseNumber": 23,
      "verseString": "قَالَ فِرْعَوْنُ وَمَا رَبُّ الْعَالَمِينَ",
      "verseStringB": "Pharaoh said, “And what is the Lord of the Worlds?”"
    },
    {
      "verseNumber": 24,
      "verseString": "قَالَ رَبُّ السَّمَاوَاتِ وَالْأَرْضِ وَمَا بَيْنَهُمَا ۖ إِنْ كُنْتُمْ مُوقِنِينَ",
      "verseStringB": "He said, “The Lord of the heavens and the earth, and everything between them—if you only knew.”"
    },
    {
      "verseNumber": 25,
      "verseString": "قَالَ لِمَنْ حَوْلَهُ أَلَا تَسْتَمِعُونَ",
      "verseStringB": "He said to those around him, “Do you not hear?”"
    },
    {
      "verseNumber": 26,
      "verseString": "قَالَ رَبُّكُمْ وَرَبُّ آبَائِكُمُ الْأَوَّلِينَ",
      "verseStringB": "He said, “Your Lord, and the Lord of your ancestors of old.”"
    },
    {
      "verseNumber": 27,
      "verseString": "قَالَ إِنَّ رَسُولَكُمُ الَّذِي أُرْسِلَ إِلَيْكُمْ لَمَجْنُونٌ",
      "verseStringB": "He said, “This messenger of yours, who is sent to you, is crazy.”"
    },
    {
      "verseNumber": 28,
      "verseString": "قَالَ رَبُّ الْمَشْرِقِ وَالْمَغْرِبِ وَمَا بَيْنَهُمَا ۖ إِنْ كُنْتُمْ تَعْقِلُونَ",
      "verseStringB": "He said, “Lord of the East and the West, and everything between them—if you understand.”"
    },
    {
      "verseNumber": 29,
      "verseString": "قَالَ لَئِنِ اتَّخَذْتَ إِلَٰهًا غَيْرِي لَأَجْعَلَنَّكَ مِنَ الْمَسْجُونِينَ",
      "verseStringB": "He said, “If you take any other god besides me, I will have you imprisoned.”"
    },
    {
      "verseNumber": 30,
      "verseString": "قَالَ أَوَلَوْ جِئْتُكَ بِشَيْءٍ مُبِينٍ",
      "verseStringB": "He said, “What if I bring you something convincing?”"
    },
    {
      "verseNumber": 31,
      "verseString": "قَالَ فَأْتِ بِهِ إِنْ كُنْتَ مِنَ الصَّادِقِينَ",
      "verseStringB": "He said, “Bring it—if what you say is true.”"
    },
    {
      "verseNumber": 32,
      "verseString": "فَأَلْقَىٰ عَصَاهُ فَإِذَا هِيَ ثُعْبَانٌ مُبِينٌ",
      "verseStringB": "So he threw his cane; and it was a serpent, plain to see."
    },
    {
      "verseNumber": 33,
      "verseString": "وَنَزَعَ يَدَهُ فَإِذَا هِيَ بَيْضَاءُ لِلنَّاظِرِينَ",
      "verseStringB": "And he pulled his hand; and it was white, for all to see."
    },
    {
      "verseNumber": 34,
      "verseString": "قَالَ لِلْمَلَإِ حَوْلَهُ إِنَّ هَٰذَا لَسَاحِرٌ عَلِيمٌ",
      "verseStringB": "He said to the dignitaries around him, “This is a skilled magician."
    },
    {
      "verseNumber": 35,
      "verseString": "يُرِيدُ أَنْ يُخْرِجَكُمْ مِنْ أَرْضِكُمْ بِسِحْرِهِ فَمَاذَا تَأْمُرُونَ",
      "verseStringB": "He wants to expel you from your land with his magic, so what do you recommend?”"
    },
    {
      "verseNumber": 36,
      "verseString": "قَالُوا أَرْجِهْ وَأَخَاهُ وَابْعَثْ فِي الْمَدَائِنِ حَاشِرِينَ",
      "verseStringB": "They said, “Leave him and his brother for a while. And send recruiters to the cities."
    },
    {
      "verseNumber": 37,
      "verseString": "يَأْتُوكَ بِكُلِّ سَحَّارٍ عَلِيمٍ",
      "verseStringB": "To bring to you every experienced magician.”"
    },
    {
      "verseNumber": 38,
      "verseString": "فَجُمِعَ السَّحَرَةُ لِمِيقَاتِ يَوْمٍ مَعْلُومٍ",
      "verseStringB": "So the magicians assembled at the set time on the appointed day."
    },
    {
      "verseNumber": 39,
      "verseString": "وَقِيلَ لِلنَّاسِ هَلْ أَنْتُمْ مُجْتَمِعُونَ",
      "verseStringB": "And it was said to the people, “Would you come together?"
    },
    {
      "verseNumber": 40,
      "verseString": "لَعَلَّنَا نَتَّبِعُ السَّحَرَةَ إِنْ كَانُوا هُمُ الْغَالِبِينَ",
      "verseStringB": "So that we may follow the magicians: if they are the victors.”"
    },
    {
      "verseNumber": 41,
      "verseString": "فَلَمَّا جَاءَ السَّحَرَةُ قَالُوا لِفِرْعَوْنَ أَئِنَّ لَنَا لَأَجْرًا إِنْ كُنَّا نَحْنُ الْغَالِبِينَ",
      "verseStringB": "When the magicians arrived, they said to Pharaoh, “Is there a reward for us, if we are the winners?”"
    },
    {
      "verseNumber": 42,
      "verseString": "قَالَ نَعَمْ وَإِنَّكُمْ إِذًا لَمِنَ الْمُقَرَّبِينَ",
      "verseStringB": "He said, “Yes, and you will be among those closest to me.”"
    },
    {
      "verseNumber": 43,
      "verseString": "قَالَ لَهُمْ مُوسَىٰ أَلْقُوا مَا أَنْتُمْ مُلْقُونَ",
      "verseStringB": "Moses said to them, “Present whatever you wish to present.”"
    },
    {
      "verseNumber": 44,
      "verseString": "فَأَلْقَوْا حِبَالَهُمْ وَعِصِيَّهُمْ وَقَالُوا بِعِزَّةِ فِرْعَوْنَ إِنَّا لَنَحْنُ الْغَالِبُونَ",
      "verseStringB": "So they threw their ropes and their sticks, and said, “By the majesty of Pharaoh, we will be the victors.”"
    },
    {
      "verseNumber": 45,
      "verseString": "فَأَلْقَىٰ مُوسَىٰ عَصَاهُ فَإِذَا هِيَ تَلْقَفُ مَا يَأْفِكُونَ",
      "verseStringB": "Then Moses threw his cane, and it began swallowing their trickery."
    },
    {
      "verseNumber": 46,
      "verseString": "فَأُلْقِيَ السَّحَرَةُ سَاجِدِينَ",
      "verseStringB": "And the magicians fell down, in prostration."
    },
    {
      "verseNumber": 47,
      "verseString": "قَالُوا آمَنَّا بِرَبِّ الْعَالَمِينَ",
      "verseStringB": "They said, “We have believed in the Lord of the Worlds."
    },
    {
      "verseNumber": 48,
      "verseString": "رَبِّ مُوسَىٰ وَهَارُونَ",
      "verseStringB": "The Lord of Moses and Aaron.”"
    },
    {
      "verseNumber": 49,
      "verseString": "قَالَ آمَنْتُمْ لَهُ قَبْلَ أَنْ آذَنَ لَكُمْ ۖ إِنَّهُ لَكَبِيرُكُمُ الَّذِي عَلَّمَكُمُ السِّحْرَ فَلَسَوْفَ تَعْلَمُونَ ۚ لَأُقَطِّعَنَّ أَيْدِيَكُمْ وَأَرْجُلَكُمْ مِنْ خِلَافٍ وَلَأُصَلِّبَنَّكُمْ أَجْمَعِينَ",
      "verseStringB": "He said, “Did you believe in Him before I have given you permission? He must be your superior who taught you magic, but soon you will know. I will cut off your hands and feet on opposite sides, and I crucify you all.”"
    },
    {
      "verseNumber": 50,
      "verseString": "قَالُوا لَا ضَيْرَ ۖ إِنَّا إِلَىٰ رَبِّنَا مُنْقَلِبُونَ",
      "verseStringB": "They said, “No problem. To our Lord, we will return."
    },
    {
      "verseNumber": 51,
      "verseString": "إِنَّا نَطْمَعُ أَنْ يَغْفِرَ لَنَا رَبُّنَا خَطَايَانَا أَنْ كُنَّا أَوَّلَ الْمُؤْمِنِينَ",
      "verseStringB": "We are eager for our Lord to forgive us our sins—since we are the first of the believers.”"
    },
    {
      "verseNumber": 52,
      "verseString": "وَأَوْحَيْنَا إِلَىٰ مُوسَىٰ أَنْ أَسْرِ بِعِبَادِي إِنَّكُمْ مُتَّبَعُونَ",
      "verseStringB": "And We inspired Moses: “Travel with My servants at night, and you will be pursued.”"
    },
    {
      "verseNumber": 53,
      "verseString": "فَأَرْسَلَ فِرْعَوْنُ فِي الْمَدَائِنِ حَاشِرِينَ",
      "verseStringB": "Then Pharaoh sent marshals to the cities."
    },
    {
      "verseNumber": 54,
      "verseString": "إِنَّ هَٰؤُلَاءِ لَشِرْذِمَةٌ قَلِيلُونَ",
      "verseStringB": "“These are a small gang."
    },
    {
      "verseNumber": 55,
      "verseString": "وَإِنَّهُمْ لَنَا لَغَائِظُونَ",
      "verseStringB": "But they are offending us."
    },
    {
      "verseNumber": 56,
      "verseString": "وَإِنَّا لَجَمِيعٌ حَاذِرُونَ",
      "verseStringB": "And we are a vigilant multitude.”"
    },
    {
      "verseNumber": 57,
      "verseString": "فَأَخْرَجْنَاهُمْ مِنْ جَنَّاتٍ وَعُيُونٍ",
      "verseStringB": "So We expelled them from gardens and springs."
    },
    {
      "verseNumber": 58,
      "verseString": "وَكُنُوزٍ وَمَقَامٍ كَرِيمٍ",
      "verseStringB": "And treasures, and splendid residences."
    },
    {
      "verseNumber": 59,
      "verseString": "كَذَٰلِكَ وَأَوْرَثْنَاهَا بَنِي إِسْرَائِيلَ",
      "verseStringB": "So it was. And We awarded it to the Children of Israel."
    },
    {
      "verseNumber": 60,
      "verseString": "فَأَتْبَعُوهُمْ مُشْرِقِينَ",
      "verseStringB": "And they followed them at sunrise."
    },
    {
      "verseNumber": 61,
      "verseString": "فَلَمَّا تَرَاءَى الْجَمْعَانِ قَالَ أَصْحَابُ مُوسَىٰ إِنَّا لَمُدْرَكُونَ",
      "verseStringB": "When the two groups sighted one another, the companions of Moses said, “We are overtaken!”"
    },
    {
      "verseNumber": 62,
      "verseString": "قَالَ كَلَّا ۖ إِنَّ مَعِيَ رَبِّي سَيَهْدِينِ",
      "verseStringB": "He said, “No! My Lord is with me; He will guide me.”"
    },
    {
      "verseNumber": 63,
      "verseString": "فَأَوْحَيْنَا إِلَىٰ مُوسَىٰ أَنِ اضْرِبْ بِعَصَاكَ الْبَحْرَ ۖ فَانْفَلَقَ فَكَانَ كُلُّ فِرْقٍ كَالطَّوْدِ الْعَظِيمِ",
      "verseStringB": "And We inspired Moses: “Strike the sea with your cane.” And it parted. And each part was like a huge hill."
    },
    {
      "verseNumber": 64,
      "verseString": "وَأَزْلَفْنَا ثَمَّ الْآخَرِينَ",
      "verseStringB": "And We drew the others near."
    },
    {
      "verseNumber": 65,
      "verseString": "وَأَنْجَيْنَا مُوسَىٰ وَمَنْ مَعَهُ أَجْمَعِينَ",
      "verseStringB": "And We saved Moses and those with him, all together."
    },
    {
      "verseNumber": 66,
      "verseString": "ثُمَّ أَغْرَقْنَا الْآخَرِينَ",
      "verseStringB": "Then We drowned the others."
    },
    {
      "verseNumber": 67,
      "verseString": "إِنَّ فِي ذَٰلِكَ لَآيَةً ۖ وَمَا كَانَ أَكْثَرُهُمْ مُؤْمِنِينَ",
      "verseStringB": "Surely in this is a sign, but most of them are not believers."
    },
    {
      "verseNumber": 68,
      "verseString": "وَإِنَّ رَبَّكَ لَهُوَ الْعَزِيزُ الرَّحِيمُ",
      "verseStringB": "Your Lord is the Almighty, the Merciful."
    },
    {
      "verseNumber": 69,
      "verseString": "وَاتْلُ عَلَيْهِمْ نَبَأَ إِبْرَاهِيمَ",
      "verseStringB": "And relate to them the story of Abraham."
    },
    {
      "verseNumber": 70,
      "verseString": "إِذْ قَالَ لِأَبِيهِ وَقَوْمِهِ مَا تَعْبُدُونَ",
      "verseStringB": "When he said to his father and his people, “What are you worshiping?”"
    },
    {
      "verseNumber": 71,
      "verseString": "قَالُوا نَعْبُدُ أَصْنَامًا فَنَظَلُّ لَهَا عَاكِفِينَ",
      "verseStringB": "They said, “We worship idols, and we remain devoted to them.”"
    },
    {
      "verseNumber": 72,
      "verseString": "قَالَ هَلْ يَسْمَعُونَكُمْ إِذْ تَدْعُونَ",
      "verseStringB": "He said, “Do they hear you when you pray?"
    },
    {
      "verseNumber": 73,
      "verseString": "أَوْ يَنْفَعُونَكُمْ أَوْ يَضُرُّونَ",
      "verseStringB": "Or do they benefit you, or harm you?”"
    },
    {
      "verseNumber": 74,
      "verseString": "قَالُوا بَلْ وَجَدْنَا آبَاءَنَا كَذَٰلِكَ يَفْعَلُونَ",
      "verseStringB": "They said, “But we found our ancestors doing so.”"
    },
    {
      "verseNumber": 75,
      "verseString": "قَالَ أَفَرَأَيْتُمْ مَا كُنْتُمْ تَعْبُدُونَ",
      "verseStringB": "He said, “Have you considered what you worship."
    },
    {
      "verseNumber": 76,
      "verseString": "أَنْتُمْ وَآبَاؤُكُمُ الْأَقْدَمُونَ",
      "verseStringB": "You and your ancient ancestors?"
    },
    {
      "verseNumber": 77,
      "verseString": "فَإِنَّهُمْ عَدُوٌّ لِي إِلَّا رَبَّ الْعَالَمِينَ",
      "verseStringB": "They are enemies to me, except the Lord of the Worlds."
    },
    {
      "verseNumber": 78,
      "verseString": "الَّذِي خَلَقَنِي فَهُوَ يَهْدِينِ",
      "verseStringB": "He who created me, and guides me."
    },
    {
      "verseNumber": 79,
      "verseString": "وَالَّذِي هُوَ يُطْعِمُنِي وَيَسْقِينِ",
      "verseStringB": "He who feeds me, and gives me drink."
    },
    {
      "verseNumber": 80,
      "verseString": "وَإِذَا مَرِضْتُ فَهُوَ يَشْفِينِ",
      "verseStringB": "And when I get sick, He heals me."
    },
    {
      "verseNumber": 81,
      "verseString": "وَالَّذِي يُمِيتُنِي ثُمَّ يُحْيِينِ",
      "verseStringB": "He who makes me die, and then revives me."
    },
    {
      "verseNumber": 82,
      "verseString": "وَالَّذِي أَطْمَعُ أَنْ يَغْفِرَ لِي خَطِيئَتِي يَوْمَ الدِّينِ",
      "verseStringB": "And Who I hope will forgive me my sins on the Day of Judgment.”"
    },
    {
      "verseNumber": 83,
      "verseString": "رَبِّ هَبْ لِي حُكْمًا وَأَلْحِقْنِي بِالصَّالِحِينَ",
      "verseStringB": "“My Lord! Grant me wisdom, and join me with the righteous."
    },
    {
      "verseNumber": 84,
      "verseString": "وَاجْعَلْ لِي لِسَانَ صِدْقٍ فِي الْآخِرِينَ",
      "verseStringB": "And give me a reputation of truth among the others."
    },
    {
      "verseNumber": 85,
      "verseString": "وَاجْعَلْنِي مِنْ وَرَثَةِ جَنَّةِ النَّعِيمِ",
      "verseStringB": "And make me of those awarded the Garden of Bliss."
    },
    {
      "verseNumber": 86,
      "verseString": "وَاغْفِرْ لِأَبِي إِنَّهُ كَانَ مِنَ الضَّالِّينَ",
      "verseStringB": "And forgive my father—he was one of the misguided."
    },
    {
      "verseNumber": 87,
      "verseString": "وَلَا تُخْزِنِي يَوْمَ يُبْعَثُونَ",
      "verseStringB": "And do not disgrace me on the Day they are resurrected."
    },
    {
      "verseNumber": 88,
      "verseString": "يَوْمَ لَا يَنْفَعُ مَالٌ وَلَا بَنُونَ",
      "verseStringB": "The Day when neither wealth nor children can help."
    },
    {
      "verseNumber": 89,
      "verseString": "إِلَّا مَنْ أَتَى اللَّهَ بِقَلْبٍ سَلِيمٍ",
      "verseStringB": "Except for him who comes to Allah with a sound heart.”"
    },
    {
      "verseNumber": 90,
      "verseString": "وَأُزْلِفَتِ الْجَنَّةُ لِلْمُتَّقِينَ",
      "verseStringB": "And the Garden will be brought near for the righteous."
    },
    {
      "verseNumber": 91,
      "verseString": "وَبُرِّزَتِ الْجَحِيمُ لِلْغَاوِينَ",
      "verseStringB": "And the Blaze will be displayed to the deviators."
    },
    {
      "verseNumber": 92,
      "verseString": "وَقِيلَ لَهُمْ أَيْنَ مَا كُنْتُمْ تَعْبُدُونَ",
      "verseStringB": "And it will be said to them, “Where are those you used to worship?”"
    },
    {
      "verseNumber": 93,
      "verseString": "مِنْ دُونِ اللَّهِ هَلْ يَنْصُرُونَكُمْ أَوْ يَنْتَصِرُونَ",
      "verseStringB": "Besides Allah? Can they help you, or help themselves?”"
    },
    {
      "verseNumber": 94,
      "verseString": "فَكُبْكِبُوا فِيهَا هُمْ وَالْغَاوُونَ",
      "verseStringB": "So they will be toppled into it, together with the seducers."
    },
    {
      "verseNumber": 95,
      "verseString": "وَجُنُودُ إِبْلِيسَ أَجْمَعُونَ",
      "verseStringB": "And the soldiers of Iblis, all of them."
    },
    {
      "verseNumber": 96,
      "verseString": "قَالُوا وَهُمْ فِيهَا يَخْتَصِمُونَ",
      "verseStringB": "They will say, as they feud in it."
    },
    {
      "verseNumber": 97,
      "verseString": "تَاللَّهِ إِنْ كُنَّا لَفِي ضَلَالٍ مُبِينٍ",
      "verseStringB": "“By Allah, We were in obvious error."
    },
    {
      "verseNumber": 98,
      "verseString": "إِذْ نُسَوِّيكُمْ بِرَبِّ الْعَالَمِينَ",
      "verseStringB": "For equating you with the Lord of the Worlds."
    },
    {
      "verseNumber": 99,
      "verseString": "وَمَا أَضَلَّنَا إِلَّا الْمُجْرِمُونَ",
      "verseStringB": "And none misled us except the wicked."
    },
    {
      "verseNumber": 100,
      "verseString": "فَمَا لَنَا مِنْ شَافِعِينَ",
      "verseStringB": "Now we have no intercessors."
    },
    {
      "verseNumber": 101,
      "verseString": "وَلَا صَدِيقٍ حَمِيمٍ",
      "verseStringB": "And no true friend."
    },
    {
      "verseNumber": 102,
      "verseString": "فَلَوْ أَنَّ لَنَا كَرَّةً فَنَكُونَ مِنَ الْمُؤْمِنِينَ",
      "verseStringB": "If only we could have another chance, we would be of the believers.”"
    },
    {
      "verseNumber": 103,
      "verseString": "إِنَّ فِي ذَٰلِكَ لَآيَةً ۖ وَمَا كَانَ أَكْثَرُهُمْ مُؤْمِنِينَ",
      "verseStringB": "Surely in this is a sign, but most of them are not believers."
    },
    {
      "verseNumber": 104,
      "verseString": "وَإِنَّ رَبَّكَ لَهُوَ الْعَزِيزُ الرَّحِيمُ",
      "verseStringB": "And your Lord is certainly the Almighty, the Merciful."
    },
    {
      "verseNumber": 105,
      "verseString": "كَذَّبَتْ قَوْمُ نُوحٍ الْمُرْسَلِينَ",
      "verseStringB": "The people of Noah denied the messengers."
    },
    {
      "verseNumber": 106,
      "verseString": "إِذْ قَالَ لَهُمْ أَخُوهُمْ نُوحٌ أَلَا تَتَّقُونَ",
      "verseStringB": "When their brother Noah said to them, “Will you not be cautious?"
    },
    {
      "verseNumber": 107,
      "verseString": "إِنِّي لَكُمْ رَسُولٌ أَمِينٌ",
      "verseStringB": "I am to you a trustworthy messenger."
    },
    {
      "verseNumber": 108,
      "verseString": "فَاتَّقُوا اللَّهَ وَأَطِيعُونِ",
      "verseStringB": "So fear Allah, and obey me."
    },
    {
      "verseNumber": 109,
      "verseString": "وَمَا أَسْأَلُكُمْ عَلَيْهِ مِنْ أَجْرٍ ۖ إِنْ أَجْرِيَ إِلَّا عَلَىٰ رَبِّ الْعَالَمِينَ",
      "verseStringB": "I ask of you no payment for this. My payment is only from the Lord of the Worlds."
    },
    {
      "verseNumber": 110,
      "verseString": "فَاتَّقُوا اللَّهَ وَأَطِيعُونِ",
      "verseStringB": "So reverence Allah, and obey me.”"
    },
    {
      "verseNumber": 111,
      "verseString": "قَالُوا أَنُؤْمِنُ لَكَ وَاتَّبَعَكَ الْأَرْذَلُونَ",
      "verseStringB": "They said, “Shall we believe in you? When the lowliest follow you.”"
    },
    {
      "verseNumber": 112,
      "verseString": "قَالَ وَمَا عِلْمِي بِمَا كَانُوا يَعْمَلُونَ",
      "verseStringB": "He said, “What do I know about what they used to do?"
    },
    {
      "verseNumber": 113,
      "verseString": "إِنْ حِسَابُهُمْ إِلَّا عَلَىٰ رَبِّي ۖ لَوْ تَشْعُرُونَ",
      "verseStringB": "Their reckoning is only with my Lord—if you have any sense."
    },
    {
      "verseNumber": 114,
      "verseString": "وَمَا أَنَا بِطَارِدِ الْمُؤْمِنِينَ",
      "verseStringB": "And I am not about to drive away the believers."
    },
    {
      "verseNumber": 115,
      "verseString": "إِنْ أَنَا إِلَّا نَذِيرٌ مُبِينٌ",
      "verseStringB": "I am only a clear warner.”"
    },
    {
      "verseNumber": 116,
      "verseString": "قَالُوا لَئِنْ لَمْ تَنْتَهِ يَا نُوحُ لَتَكُونَنَّ مِنَ الْمَرْجُومِينَ",
      "verseStringB": "They said, “If you do not refrain, O Noah, you will be among the stoned.”"
    },
    {
      "verseNumber": 117,
      "verseString": "قَالَ رَبِّ إِنَّ قَوْمِي كَذَّبُونِ",
      "verseStringB": "He said, “My Lord, my people have rejected me."
    },
    {
      "verseNumber": 118,
      "verseString": "فَافْتَحْ بَيْنِي وَبَيْنَهُمْ فَتْحًا وَنَجِّنِي وَمَنْ مَعِيَ مِنَ الْمُؤْمِنِينَ",
      "verseStringB": "So judge between me and them decisively. And save me, and the believers who are with me."
    },
    {
      "verseNumber": 119,
      "verseString": "فَأَنْجَيْنَاهُ وَمَنْ مَعَهُ فِي الْفُلْكِ الْمَشْحُونِ",
      "verseStringB": "So We saved him and those with him in the fully loaded Ark."
    },
    {
      "verseNumber": 120,
      "verseString": "ثُمَّ أَغْرَقْنَا بَعْدُ الْبَاقِينَ",
      "verseStringB": "Then afterward We drowned the rest."
    },
    {
      "verseNumber": 121,
      "verseString": "إِنَّ فِي ذَٰلِكَ لَآيَةً ۖ وَمَا كَانَ أَكْثَرُهُمْ مُؤْمِنِينَ",
      "verseStringB": "Surely in this is a sign, but most of them are not believers."
    },
    {
      "verseNumber": 122,
      "verseString": "وَإِنَّ رَبَّكَ لَهُوَ الْعَزِيزُ الرَّحِيمُ",
      "verseStringB": "Your Lord is the Almighty, the Merciful."
    },
    {
      "verseNumber": 123,
      "verseString": "كَذَّبَتْ عَادٌ الْمُرْسَلِينَ",
      "verseStringB": "Aad disbelieved the messengers."
    },
    {
      "verseNumber": 124,
      "verseString": "إِذْ قَالَ لَهُمْ أَخُوهُمْ هُودٌ أَلَا تَتَّقُونَ",
      "verseStringB": "When their brother Hud said to them, “Do you not fear?"
    },
    {
      "verseNumber": 125,
      "verseString": "إِنِّي لَكُمْ رَسُولٌ أَمِينٌ",
      "verseStringB": "I am to you an honest messenger."
    },
    {
      "verseNumber": 126,
      "verseString": "فَاتَّقُوا اللَّهَ وَأَطِيعُونِ",
      "verseStringB": "So reverence Allah, and obey me."
    },
    {
      "verseNumber": 127,
      "verseString": "وَمَا أَسْأَلُكُمْ عَلَيْهِ مِنْ أَجْرٍ ۖ إِنْ أَجْرِيَ إِلَّا عَلَىٰ رَبِّ الْعَالَمِينَ",
      "verseStringB": "I ask of you no payment for this. My payment is only from the Lord of the Worlds."
    },
    {
      "verseNumber": 128,
      "verseString": "أَتَبْنُونَ بِكُلِّ رِيعٍ آيَةً تَعْبَثُونَ",
      "verseStringB": "Do you build a monument on every height for vanity's sake?"
    },
    {
      "verseNumber": 129,
      "verseString": "وَتَتَّخِذُونَ مَصَانِعَ لَعَلَّكُمْ تَخْلُدُونَ",
      "verseStringB": "And you construct fortresses, hoping to live forever?"
    },
    {
      "verseNumber": 130,
      "verseString": "وَإِذَا بَطَشْتُمْ بَطَشْتُمْ جَبَّارِينَ",
      "verseStringB": "And when you strike, you strike mercilessly?"
    },
    {
      "verseNumber": 131,
      "verseString": "فَاتَّقُوا اللَّهَ وَأَطِيعُونِ",
      "verseStringB": "So reverence Allah, and obey me."
    },
    {
      "verseNumber": 132,
      "verseString": "وَاتَّقُوا الَّذِي أَمَدَّكُمْ بِمَا تَعْلَمُونَ",
      "verseStringB": "And reverence Him who supplied you with everything you know."
    },
    {
      "verseNumber": 133,
      "verseString": "أَمَدَّكُمْ بِأَنْعَامٍ وَبَنِينَ",
      "verseStringB": "He supplied you with livestock and children."
    },
    {
      "verseNumber": 134,
      "verseString": "وَجَنَّاتٍ وَعُيُونٍ",
      "verseStringB": "And gardens and springs."
    },
    {
      "verseNumber": 135,
      "verseString": "إِنِّي أَخَافُ عَلَيْكُمْ عَذَابَ يَوْمٍ عَظِيمٍ",
      "verseStringB": "I fear for you the punishment of a terrible Day.”"
    },
    {
      "verseNumber": 136,
      "verseString": "قَالُوا سَوَاءٌ عَلَيْنَا أَوَعَظْتَ أَمْ لَمْ تَكُنْ مِنَ الْوَاعِظِينَ",
      "verseStringB": "They said, “It is the same for us, whether you lecture us, or do not lecture."
    },
    {
      "verseNumber": 137,
      "verseString": "إِنْ هَٰذَا إِلَّا خُلُقُ الْأَوَّلِينَ",
      "verseStringB": "This is nothing but the morals of the ancients."
    },
    {
      "verseNumber": 138,
      "verseString": "وَمَا نَحْنُ بِمُعَذَّبِينَ",
      "verseStringB": "And we are not to be punished.”"
    },
    {
      "verseNumber": 139,
      "verseString": "فَكَذَّبُوهُ فَأَهْلَكْنَاهُمْ ۗ إِنَّ فِي ذَٰلِكَ لَآيَةً ۖ وَمَا كَانَ أَكْثَرُهُمْ مُؤْمِنِينَ",
      "verseStringB": "So they denied him, so We destroyed them. There is a sign in this, but most of them are not believers."
    },
    {
      "verseNumber": 140,
      "verseString": "وَإِنَّ رَبَّكَ لَهُوَ الْعَزِيزُ الرَّحِيمُ",
      "verseStringB": "Your Lord is the Almighty, the Merciful."
    },
    {
      "verseNumber": 141,
      "verseString": "كَذَّبَتْ ثَمُودُ الْمُرْسَلِينَ",
      "verseStringB": "Thamood denied the messengers."
    },
    {
      "verseNumber": 142,
      "verseString": "إِذْ قَالَ لَهُمْ أَخُوهُمْ صَالِحٌ أَلَا تَتَّقُونَ",
      "verseStringB": "When their brother Saleh said to them, “Do you not fear?"
    },
    {
      "verseNumber": 143,
      "verseString": "إِنِّي لَكُمْ رَسُولٌ أَمِينٌ",
      "verseStringB": "I am a sincere messenger to you."
    },
    {
      "verseNumber": 144,
      "verseString": "فَاتَّقُوا اللَّهَ وَأَطِيعُونِ",
      "verseStringB": "So fear Allah, and obey me."
    },
    {
      "verseNumber": 145,
      "verseString": "وَمَا أَسْأَلُكُمْ عَلَيْهِ مِنْ أَجْرٍ ۖ إِنْ أَجْرِيَ إِلَّا عَلَىٰ رَبِّ الْعَالَمِينَ",
      "verseStringB": "I ask of you no payment for this. My reward is only from the Lord of the Universe."
    },
    {
      "verseNumber": 146,
      "verseString": "أَتُتْرَكُونَ فِي مَا هَاهُنَا آمِنِينَ",
      "verseStringB": "Will you be left secure in what is here?"
    },
    {
      "verseNumber": 147,
      "verseString": "فِي جَنَّاتٍ وَعُيُونٍ",
      "verseStringB": "In gardens and springs?"
    },
    {
      "verseNumber": 148,
      "verseString": "وَزُرُوعٍ وَنَخْلٍ طَلْعُهَا هَضِيمٌ",
      "verseStringB": "And plantations, and palm-trees with tender fruits?"
    },
    {
      "verseNumber": 149,
      "verseString": "وَتَنْحِتُونَ مِنَ الْجِبَالِ بُيُوتًا فَارِهِينَ",
      "verseStringB": "And you skillfully carve dwellings in the mountains?"
    },
    {
      "verseNumber": 150,
      "verseString": "فَاتَّقُوا اللَّهَ وَأَطِيعُونِ",
      "verseStringB": "So reverence Allah, and obey me."
    },
    {
      "verseNumber": 151,
      "verseString": "وَلَا تُطِيعُوا أَمْرَ الْمُسْرِفِينَ",
      "verseStringB": "And do not obey the command of the extravagant."
    },
    {
      "verseNumber": 152,
      "verseString": "الَّذِينَ يُفْسِدُونَ فِي الْأَرْضِ وَلَا يُصْلِحُونَ",
      "verseStringB": "Those who work corruption on earth, and do not reform.”"
    },
    {
      "verseNumber": 153,
      "verseString": "قَالُوا إِنَّمَا أَنْتَ مِنَ الْمُسَحَّرِينَ",
      "verseStringB": "They said, “You are surely bewitched."
    },
    {
      "verseNumber": 154,
      "verseString": "مَا أَنْتَ إِلَّا بَشَرٌ مِثْلُنَا فَأْتِ بِآيَةٍ إِنْ كُنْتَ مِنَ الصَّادِقِينَ",
      "verseStringB": "You are nothing but a human like us. So bring a sign, if you are truthful."
    },
    {
      "verseNumber": 155,
      "verseString": "قَالَ هَٰذِهِ نَاقَةٌ لَهَا شِرْبٌ وَلَكُمْ شِرْبُ يَوْمٍ مَعْلُومٍ",
      "verseStringB": "He said, “This is a camel. She has her turn of drinking, and you have your turn of drinking—on a known day."
    },
    {
      "verseNumber": 156,
      "verseString": "وَلَا تَمَسُّوهَا بِسُوءٍ فَيَأْخُذَكُمْ عَذَابُ يَوْمٍ عَظِيمٍ",
      "verseStringB": "And do not touch her with harm, lest you be seized by the punishment of a tremendous day.”"
    },
    {
      "verseNumber": 157,
      "verseString": "فَعَقَرُوهَا فَأَصْبَحُوا نَادِمِينَ",
      "verseStringB": "But they hamstrung her, and they became full of remorse."
    },
    {
      "verseNumber": 158,
      "verseString": "فَأَخَذَهُمُ الْعَذَابُ ۗ إِنَّ فِي ذَٰلِكَ لَآيَةً ۖ وَمَا كَانَ أَكْثَرُهُمْ مُؤْمِنِينَ",
      "verseStringB": "So the punishment seized them. Surely in this is a sign, but most of them are not believers."
    },
    {
      "verseNumber": 159,
      "verseString": "وَإِنَّ رَبَّكَ لَهُوَ الْعَزِيزُ الرَّحِيمُ",
      "verseStringB": "Your Lord is the Almighty, the Merciful."
    },
    {
      "verseNumber": 160,
      "verseString": "كَذَّبَتْ قَوْمُ لُوطٍ الْمُرْسَلِينَ",
      "verseStringB": "The people of Lot rejected the messengers."
    },
    {
      "verseNumber": 161,
      "verseString": "إِذْ قَالَ لَهُمْ أَخُوهُمْ لُوطٌ أَلَا تَتَّقُونَ",
      "verseStringB": "When their brother Lot said to them, “Do you not fear?"
    },
    {
      "verseNumber": 162,
      "verseString": "إِنِّي لَكُمْ رَسُولٌ أَمِينٌ",
      "verseStringB": "I am to you an honest messenger."
    },
    {
      "verseNumber": 163,
      "verseString": "فَاتَّقُوا اللَّهَ وَأَطِيعُونِ",
      "verseStringB": "So fear Allah, and obey me."
    },
    {
      "verseNumber": 164,
      "verseString": "وَمَا أَسْأَلُكُمْ عَلَيْهِ مِنْ أَجْرٍ ۖ إِنْ أَجْرِيَ إِلَّا عَلَىٰ رَبِّ الْعَالَمِينَ",
      "verseStringB": "I ask of you no reward for it. My reward is only from the Lord of the Worlds."
    },
    {
      "verseNumber": 165,
      "verseString": "أَتَأْتُونَ الذُّكْرَانَ مِنَ الْعَالَمِينَ",
      "verseStringB": "Do you approach the males of the world?"
    },
    {
      "verseNumber": 166,
      "verseString": "وَتَذَرُونَ مَا خَلَقَ لَكُمْ رَبُّكُمْ مِنْ أَزْوَاجِكُمْ ۚ بَلْ أَنْتُمْ قَوْمٌ عَادُونَ",
      "verseStringB": "And forsake the wives your Lord created for you? Indeed, you are intrusive people.”"
    },
    {
      "verseNumber": 167,
      "verseString": "قَالُوا لَئِنْ لَمْ تَنْتَهِ يَا لُوطُ لَتَكُونَنَّ مِنَ الْمُخْرَجِينَ",
      "verseStringB": "They said, “Unless you refrain, O Lot, you will be expelled.”"
    },
    {
      "verseNumber": 168,
      "verseString": "قَالَ إِنِّي لِعَمَلِكُمْ مِنَ الْقَالِينَ",
      "verseStringB": "He said, “I deplore what you do.”"
    },
    {
      "verseNumber": 169,
      "verseString": "رَبِّ نَجِّنِي وَأَهْلِي مِمَّا يَعْمَلُونَ",
      "verseStringB": "“My Lord! Save me and my family from what they do.”"
    },
    {
      "verseNumber": 170,
      "verseString": "فَنَجَّيْنَاهُ وَأَهْلَهُ أَجْمَعِينَ",
      "verseStringB": "So We saved him and his family, all together."
    },
    {
      "verseNumber": 171,
      "verseString": "إِلَّا عَجُوزًا فِي الْغَابِرِينَ",
      "verseStringB": "Except for an old woman among those who lagged behind."
    },
    {
      "verseNumber": 172,
      "verseString": "ثُمَّ دَمَّرْنَا الْآخَرِينَ",
      "verseStringB": "Then We destroyed the others."
    },
    {
      "verseNumber": 173,
      "verseString": "وَأَمْطَرْنَا عَلَيْهِمْ مَطَرًا ۖ فَسَاءَ مَطَرُ الْمُنْذَرِينَ",
      "verseStringB": "And We rained down on them a rain. Dreadful is the rain of those forewarned."
    },
    {
      "verseNumber": 174,
      "verseString": "إِنَّ فِي ذَٰلِكَ لَآيَةً ۖ وَمَا كَانَ أَكْثَرُهُمْ مُؤْمِنِينَ",
      "verseStringB": "Surely in this is a sign, but most of them are not believers."
    },
    {
      "verseNumber": 175,
      "verseString": "وَإِنَّ رَبَّكَ لَهُوَ الْعَزِيزُ الرَّحِيمُ",
      "verseStringB": "Your Lord is the Almighty, the Merciful."
    },
    {
      "verseNumber": 176,
      "verseString": "كَذَّبَ أَصْحَابُ الْأَيْكَةِ الْمُرْسَلِينَ",
      "verseStringB": "The inhabitants of the Woods denied the messengers."
    },
    {
      "verseNumber": 177,
      "verseString": "إِذْ قَالَ لَهُمْ شُعَيْبٌ أَلَا تَتَّقُونَ",
      "verseStringB": "When Shuaib said to them, “Do you not fear?"
    },
    {
      "verseNumber": 178,
      "verseString": "إِنِّي لَكُمْ رَسُولٌ أَمِينٌ",
      "verseStringB": "I am to you a trustworthy messenger."
    },
    {
      "verseNumber": 179,
      "verseString": "فَاتَّقُوا اللَّهَ وَأَطِيعُونِ",
      "verseStringB": "So be cautious of Allah, and obey me."
    },
    {
      "verseNumber": 180,
      "verseString": "وَمَا أَسْأَلُكُمْ عَلَيْهِ مِنْ أَجْرٍ ۖ إِنْ أَجْرِيَ إِلَّا عَلَىٰ رَبِّ الْعَالَمِينَ",
      "verseStringB": "I ask of you no payment for this. My payment is only from the Lord of the Universe."
    },
    {
      "verseNumber": 181,
      "verseString": "أَوْفُوا الْكَيْلَ وَلَا تَكُونُوا مِنَ الْمُخْسِرِينَ",
      "verseStringB": "Give full measure. And do not cheat."
    },
    {
      "verseNumber": 182,
      "verseString": "وَزِنُوا بِالْقِسْطَاسِ الْمُسْتَقِيمِ",
      "verseStringB": "And weigh with accurate scales."
    },
    {
      "verseNumber": 183,
      "verseString": "وَلَا تَبْخَسُوا النَّاسَ أَشْيَاءَهُمْ وَلَا تَعْثَوْا فِي الْأَرْضِ مُفْسِدِينَ",
      "verseStringB": "And do not defraud people of their belongings. And do not spread corruption in the land."
    },
    {
      "verseNumber": 184,
      "verseString": "وَاتَّقُوا الَّذِي خَلَقَكُمْ وَالْجِبِلَّةَ الْأَوَّلِينَ",
      "verseStringB": "And reverence Him who created you and the masses of old.”"
    },
    {
      "verseNumber": 185,
      "verseString": "قَالُوا إِنَّمَا أَنْتَ مِنَ الْمُسَحَّرِينَ",
      "verseStringB": "They said, “You are one of the bewitched."
    },
    {
      "verseNumber": 186,
      "verseString": "وَمَا أَنْتَ إِلَّا بَشَرٌ مِثْلُنَا وَإِنْ نَظُنُّكَ لَمِنَ الْكَاذِبِينَ",
      "verseStringB": "And you are nothing but a human like us, and we think you are a liar."
    },
    {
      "verseNumber": 187,
      "verseString": "فَأَسْقِطْ عَلَيْنَا كِسَفًا مِنَ السَّمَاءِ إِنْ كُنْتَ مِنَ الصَّادِقِينَ",
      "verseStringB": "So bring down on us pieces from the sky, if you are truthful.”"
    },
    {
      "verseNumber": 188,
      "verseString": "قَالَ رَبِّي أَعْلَمُ بِمَا تَعْمَلُونَ",
      "verseStringB": "He said, “My Lord is Well Aware of what you do.”"
    },
    {
      "verseNumber": 189,
      "verseString": "فَكَذَّبُوهُ فَأَخَذَهُمْ عَذَابُ يَوْمِ الظُّلَّةِ ۚ إِنَّهُ كَانَ عَذَابَ يَوْمٍ عَظِيمٍ",
      "verseStringB": "So they denied him. So the punishment of the day of gloom gripped them. It was the punishment of a tremendous day."
    },
    {
      "verseNumber": 190,
      "verseString": "إِنَّ فِي ذَٰلِكَ لَآيَةً ۖ وَمَا كَانَ أَكْثَرُهُمْ مُؤْمِنِينَ",
      "verseStringB": "Surely in this is a sign, but most of them are not believers."
    },
    {
      "verseNumber": 191,
      "verseString": "وَإِنَّ رَبَّكَ لَهُوَ الْعَزِيزُ الرَّحِيمُ",
      "verseStringB": "Your Lord is the Almighty, the Merciful."
    },
    {
      "verseNumber": 192,
      "verseString": "وَإِنَّهُ لَتَنْزِيلُ رَبِّ الْعَالَمِينَ",
      "verseStringB": "It is a revelation from the Lord of the Worlds."
    },
    {
      "verseNumber": 193,
      "verseString": "نَزَلَ بِهِ الرُّوحُ الْأَمِينُ",
      "verseStringB": "The Honest Spirit came down with it."
    },
    {
      "verseNumber": 194,
      "verseString": "عَلَىٰ قَلْبِكَ لِتَكُونَ مِنَ الْمُنْذِرِينَ",
      "verseStringB": "Upon your heart, so that you may be of the Warners."
    },
    {
      "verseNumber": 195,
      "verseString": "بِلِسَانٍ عَرَبِيٍّ مُبِينٍ",
      "verseStringB": "In a clear Arabic language."
    },
    {
      "verseNumber": 196,
      "verseString": "وَإِنَّهُ لَفِي زُبُرِ الْأَوَّلِينَ",
      "verseStringB": "And it is in the scriptures of the ancients."
    },
    {
      "verseNumber": 197,
      "verseString": "أَوَلَمْ يَكُنْ لَهُمْ آيَةً أَنْ يَعْلَمَهُ عُلَمَاءُ بَنِي إِسْرَائِيلَ",
      "verseStringB": "Is it not a sign for them that it was recognized by the scholars of the Children of Israel?"
    },
    {
      "verseNumber": 198,
      "verseString": "وَلَوْ نَزَّلْنَاهُ عَلَىٰ بَعْضِ الْأَعْجَمِينَ",
      "verseStringB": "Had We revealed it to one of the foreigners."
    },
    {
      "verseNumber": 199,
      "verseString": "فَقَرَأَهُ عَلَيْهِمْ مَا كَانُوا بِهِ مُؤْمِنِينَ",
      "verseStringB": "And he recited it to them, they still would not have believed in it."
    },
    {
      "verseNumber": 200,
      "verseString": "كَذَٰلِكَ سَلَكْنَاهُ فِي قُلُوبِ الْمُجْرِمِينَ",
      "verseStringB": "Thus We pass it through the hearts of the guilty."
    },
    {
      "verseNumber": 201,
      "verseString": "لَا يُؤْمِنُونَ بِهِ حَتَّىٰ يَرَوُا الْعَذَابَ الْأَلِيمَ",
      "verseStringB": "They will not believe in it—until they see the painful punishment."
    },
    {
      "verseNumber": 202,
      "verseString": "فَيَأْتِيَهُمْ بَغْتَةً وَهُمْ لَا يَشْعُرُونَ",
      "verseStringB": "It will come upon them suddenly—when they are unaware."
    },
    {
      "verseNumber": 203,
      "verseString": "فَيَقُولُوا هَلْ نَحْنُ مُنْظَرُونَ",
      "verseStringB": "Then they will say, “Can we be given more time?”"
    },
    {
      "verseNumber": 204,
      "verseString": "أَفَبِعَذَابِنَا يَسْتَعْجِلُونَ",
      "verseStringB": "Do they seek to expedite Our punishment?"
    },
    {
      "verseNumber": 205,
      "verseString": "أَفَرَأَيْتَ إِنْ مَتَّعْنَاهُمْ سِنِينَ",
      "verseStringB": "Have you considered: if We allowed them enjoyment for years."
    },
    {
      "verseNumber": 206,
      "verseString": "ثُمَّ جَاءَهُمْ مَا كَانُوا يُوعَدُونَ",
      "verseStringB": "And there came to them what they were promised."
    },
    {
      "verseNumber": 207,
      "verseString": "مَا أَغْنَىٰ عَنْهُمْ مَا كَانُوا يُمَتَّعُونَ",
      "verseStringB": "Of what avail to them will be their past enjoyments?"
    },
    {
      "verseNumber": 208,
      "verseString": "وَمَا أَهْلَكْنَا مِنْ قَرْيَةٍ إِلَّا لَهَا مُنْذِرُونَ",
      "verseStringB": "Never did We destroy a town, but it had warners."
    },
    {
      "verseNumber": 209,
      "verseString": "ذِكْرَىٰ وَمَا كُنَّا ظَالِمِينَ",
      "verseStringB": "As a reminder—We are never unjust."
    },
    {
      "verseNumber": 210,
      "verseString": "وَمَا تَنَزَّلَتْ بِهِ الشَّيَاطِينُ",
      "verseStringB": "It was not the devils that revealed it."
    },
    {
      "verseNumber": 211,
      "verseString": "وَمَا يَنْبَغِي لَهُمْ وَمَا يَسْتَطِيعُونَ",
      "verseStringB": "It is not in their interest, nor in their power."
    },
    {
      "verseNumber": 212,
      "verseString": "إِنَّهُمْ عَنِ السَّمْعِ لَمَعْزُولُونَ",
      "verseStringB": "They are barred from hearing."
    },
    {
      "verseNumber": 213,
      "verseString": "فَلَا تَدْعُ مَعَ اللَّهِ إِلَٰهًا آخَرَ فَتَكُونَ مِنَ الْمُعَذَّبِينَ",
      "verseStringB": "So do not pray to another god with Allah, lest you be among the tormented."
    },
    {
      "verseNumber": 214,
      "verseString": "وَأَنْذِرْ عَشِيرَتَكَ الْأَقْرَبِينَ",
      "verseStringB": "And warn your near relatives."
    },
    {
      "verseNumber": 215,
      "verseString": "وَاخْفِضْ جَنَاحَكَ لِمَنِ اتَّبَعَكَ مِنَ الْمُؤْمِنِينَ",
      "verseStringB": "And lower your wing to the believers who follow you."
    },
    {
      "verseNumber": 216,
      "verseString": "فَإِنْ عَصَوْكَ فَقُلْ إِنِّي بَرِيءٌ مِمَّا تَعْمَلُونَ",
      "verseStringB": "And if they disobey you, say, “I am innocent of what you do.”"
    },
    {
      "verseNumber": 217,
      "verseString": "وَتَوَكَّلْ عَلَى الْعَزِيزِ الرَّحِيمِ",
      "verseStringB": "And put your trust in the Almighty, the Merciful."
    },
    {
      "verseNumber": 218,
      "verseString": "الَّذِي يَرَاكَ حِينَ تَقُومُ",
      "verseStringB": "He Who sees you when you rise."
    },
    {
      "verseNumber": 219,
      "verseString": "وَتَقَلُّبَكَ فِي السَّاجِدِينَ",
      "verseStringB": "And your devotions amidst the worshipers."
    },
    {
      "verseNumber": 220,
      "verseString": "إِنَّهُ هُوَ السَّمِيعُ الْعَلِيمُ",
      "verseStringB": "He is the Hearer, the Aware."
    },
    {
      "verseNumber": 221,
      "verseString": "هَلْ أُنَبِّئُكُمْ عَلَىٰ مَنْ تَنَزَّلُ الشَّيَاطِينُ",
      "verseStringB": "Shall I inform you upon whom the devils descend?"
    },
    {
      "verseNumber": 222,
      "verseString": "تَنَزَّلُ عَلَىٰ كُلِّ أَفَّاكٍ أَثِيمٍ",
      "verseStringB": "They descend upon every sinful liar."
    },
    {
      "verseNumber": 223,
      "verseString": "يُلْقُونَ السَّمْعَ وَأَكْثَرُهُمْ كَاذِبُونَ",
      "verseStringB": "They give ear, and most of them are liars."
    },
    {
      "verseNumber": 224,
      "verseString": "وَالشُّعَرَاءُ يَتَّبِعُهُمُ الْغَاوُونَ",
      "verseStringB": "As for the poets—the deviators follow them."
    },
    {
      "verseNumber": 225,
      "verseString": "أَلَمْ تَرَ أَنَّهُمْ فِي كُلِّ وَادٍ يَهِيمُونَ",
      "verseStringB": "Do you not see how they ramble in every style?"
    },
    {
      "verseNumber": 226,
      "verseString": "وَأَنَّهُمْ يَقُولُونَ مَا لَا يَفْعَلُونَ",
      "verseStringB": "And how they say what they do not do?"
    },
    {
      "verseNumber": 227,
      "verseString": "إِلَّا الَّذِينَ آمَنُوا وَعَمِلُوا الصَّالِحَاتِ وَذَكَرُوا اللَّهَ كَثِيرًا وَانْتَصَرُوا مِنْ بَعْدِ مَا ظُلِمُوا ۗ وَسَيَعْلَمُ الَّذِينَ ظَلَمُوا أَيَّ مُنْقَلَبٍ يَنْقَلِبُونَ",
      "verseStringB": "Except for those who believe, and do righteous deeds, and remember Allah often, and defend themselves after they were wronged. As for those who do wrong, they will know to what homecoming they will return."
    }
  ],
  "nameEnglish": "The Poets",
  "nameTrans": "ash-Shu'ara'",
  "nameArabic": "الشعراء",
  "chapterNumber": 26,
  "nVerses": 227
}