{
  "verses": [
    {
      "verseNumber": 0,
      "verseString": "بِسْمِ اللَّهِ الرَّحْمَٰنِ الرَّحِيمِ",
      "verseStringB": "In the name of Allah, the Compassionate, the Merciful."
    },
    {
      "verseNumber": 1,
      "verseString": "طس ۚ تِلْكَ آيَاتُ الْقُرْآنِ وَكِتَابٍ مُبِينٍ",
      "verseStringB": "Ta. Seen. These are the Signs of the Quran—a book that makes things clear."
    },
    {
      "verseNumber": 2,
      "verseString": "هُدًى وَبُشْرَىٰ لِلْمُؤْمِنِينَ",
      "verseStringB": "Guidance and good news for the believers."
    },
    {
      "verseNumber": 3,
      "verseString": "الَّذِينَ يُقِيمُونَ الصَّلَاةَ وَيُؤْتُونَ الزَّكَاةَ وَهُمْ بِالْآخِرَةِ هُمْ يُوقِنُونَ",
      "verseStringB": "Those who perform the prayer, and give charity regularly, and are certain of the Hereafter."
    },
    {
      "verseNumber": 4,
      "verseString": "إِنَّ الَّذِينَ لَا يُؤْمِنُونَ بِالْآخِرَةِ زَيَّنَّا لَهُمْ أَعْمَالَهُمْ فَهُمْ يَعْمَهُونَ",
      "verseStringB": "As for those who do not believe in the Hereafter: We made their deeds appear good to them, so they wander aimlessly."
    },
    {
      "verseNumber": 5,
      "verseString": "أُولَٰئِكَ الَّذِينَ لَهُمْ سُوءُ الْعَذَابِ وَهُمْ فِي الْآخِرَةِ هُمُ الْأَخْسَرُونَ",
      "verseStringB": "It is they who will suffer a dreadful torment—and in the Hereafter, they will be the worst losers."
    },
    {
      "verseNumber": 6,
      "verseString": "وَإِنَّكَ لَتُلَقَّى الْقُرْآنَ مِنْ لَدُنْ حَكِيمٍ عَلِيمٍ",
      "verseStringB": "You are receiving the Quran from an All-Wise, All-Knowing."
    },
    {
      "verseNumber": 7,
      "verseString": "إِذْ قَالَ مُوسَىٰ لِأَهْلِهِ إِنِّي آنَسْتُ نَارًا سَآتِيكُمْ مِنْهَا بِخَبَرٍ أَوْ آتِيكُمْ بِشِهَابٍ قَبَسٍ لَعَلَّكُمْ تَصْطَلُونَ",
      "verseStringB": "When Moses said to his family, “I have noticed a fire. I will bring you some news from it; or bring you a torch, so that you may warm yourselves.”"
    },
    {
      "verseNumber": 8,
      "verseString": "فَلَمَّا جَاءَهَا نُودِيَ أَنْ بُورِكَ مَنْ فِي النَّارِ وَمَنْ حَوْلَهَا وَسُبْحَانَ اللَّهِ رَبِّ الْعَالَمِينَ",
      "verseStringB": "Then, when he reached it, he was called: “Blessed is the One at the fire, and whoever is around it. And glory be to Allah, Lord of Humankind."
    },
    {
      "verseNumber": 9,
      "verseString": "يَا مُوسَىٰ إِنَّهُ أَنَا اللَّهُ الْعَزِيزُ الْحَكِيمُ",
      "verseStringB": "O, Moses, It is I, Allah, the Almighty, the Wise."
    },
    {
      "verseNumber": 10,
      "verseString": "وَأَلْقِ عَصَاكَ ۚ فَلَمَّا رَآهَا تَهْتَزُّ كَأَنَّهَا جَانٌّ وَلَّىٰ مُدْبِرًا وَلَمْ يُعَقِّبْ ۚ يَا مُوسَىٰ لَا تَخَفْ إِنِّي لَا يَخَافُ لَدَيَّ الْمُرْسَلُونَ",
      "verseStringB": "Throw down your cane.” And when he saw it quivering, as if it were a demon, he turned around, not looking back. “O Moses, do not fear, the messengers do not fear in My presence."
    },
    {
      "verseNumber": 11,
      "verseString": "إِلَّا مَنْ ظَلَمَ ثُمَّ بَدَّلَ حُسْنًا بَعْدَ سُوءٍ فَإِنِّي غَفُورٌ رَحِيمٌ",
      "verseStringB": "But whoever has done wrong, and then substitutes goodness in place of evil, then I am Forgiving and Merciful."
    },
    {
      "verseNumber": 12,
      "verseString": "وَأَدْخِلْ يَدَكَ فِي جَيْبِكَ تَخْرُجْ بَيْضَاءَ مِنْ غَيْرِ سُوءٍ ۖ فِي تِسْعِ آيَاتٍ إِلَىٰ فِرْعَوْنَ وَقَوْمِهِ ۚ إِنَّهُمْ كَانُوا قَوْمًا فَاسِقِينَ",
      "verseStringB": "Put your hand in your pocket; it will come out white, without blemish—among nine miracles to Pharaoh and his people; they are immoral people.”"
    },
    {
      "verseNumber": 13,
      "verseString": "فَلَمَّا جَاءَتْهُمْ آيَاتُنَا مُبْصِرَةً قَالُوا هَٰذَا سِحْرٌ مُبِينٌ",
      "verseStringB": "Yet when Our eye-opening miracles came to them, they said, “This is obvious witchcraft.”"
    },
    {
      "verseNumber": 14,
      "verseString": "وَجَحَدُوا بِهَا وَاسْتَيْقَنَتْهَا أَنْفُسُهُمْ ظُلْمًا وَعُلُوًّا ۚ فَانْظُرْ كَيْفَ كَانَ عَاقِبَةُ الْمُفْسِدِينَ",
      "verseStringB": "And they rejected them, although their souls were certain of them, out of wickedness and pride. See, then, how was the end of the mischief-makers."
    },
    {
      "verseNumber": 15,
      "verseString": "وَلَقَدْ آتَيْنَا دَاوُودَ وَسُلَيْمَانَ عِلْمًا ۖ وَقَالَا الْحَمْدُ لِلَّهِ الَّذِي فَضَّلَنَا عَلَىٰ كَثِيرٍ مِنْ عِبَادِهِ الْمُؤْمِنِينَ",
      "verseStringB": "And We gave David and Solomon knowledge. And they said, “Praise be to Allah, who has favored us over many of His believing servants.”"
    },
    {
      "verseNumber": 16,
      "verseString": "وَوَرِثَ سُلَيْمَانُ دَاوُودَ ۖ وَقَالَ يَا أَيُّهَا النَّاسُ عُلِّمْنَا مَنْطِقَ الطَّيْرِ وَأُوتِينَا مِنْ كُلِّ شَيْءٍ ۖ إِنَّ هَٰذَا لَهُوَ الْفَضْلُ الْمُبِينُ",
      "verseStringB": "And Solomon succeeded David. He said, “O people, we were taught the language of birds, and we were given of all things. This is indeed the obvious grace.”"
    },
    {
      "verseNumber": 17,
      "verseString": "وَحُشِرَ لِسُلَيْمَانَ جُنُودُهُ مِنَ الْجِنِّ وَالْإِنْسِ وَالطَّيْرِ فَهُمْ يُوزَعُونَ",
      "verseStringB": "And gathered for Solomon were his troops of sprites, men, and birds—all held in strict order."
    },
    {
      "verseNumber": 18,
      "verseString": "حَتَّىٰ إِذَا أَتَوْا عَلَىٰ وَادِ النَّمْلِ قَالَتْ نَمْلَةٌ يَا أَيُّهَا النَّمْلُ ادْخُلُوا مَسَاكِنَكُمْ لَا يَحْطِمَنَّكُمْ سُلَيْمَانُ وَجُنُودُهُ وَهُمْ لَا يَشْعُرُونَ",
      "verseStringB": "Until, when they came upon the Valley of the Ants, an ant said, “O ants, go into your dwellings, lest Solomon and his troops crush you, while they are unaware.”"
    },
    {
      "verseNumber": 19,
      "verseString": "فَتَبَسَّمَ ضَاحِكًا مِنْ قَوْلِهَا وَقَالَ رَبِّ أَوْزِعْنِي أَنْ أَشْكُرَ نِعْمَتَكَ الَّتِي أَنْعَمْتَ عَلَيَّ وَعَلَىٰ وَالِدَيَّ وَأَنْ أَعْمَلَ صَالِحًا تَرْضَاهُ وَأَدْخِلْنِي بِرَحْمَتِكَ فِي عِبَادِكَ الصَّالِحِينَ",
      "verseStringB": "So he smiled, laughing at her words, and said, “My Lord, direct me to be thankful for Your blessings that You bestowed upon me and upon my parents, and to work righteousness, pleasing you. And admit me, by Your grace, into the company of Your virtuous worshipers.”"
    },
    {
      "verseNumber": 20,
      "verseString": "وَتَفَقَّدَ الطَّيْرَ فَقَالَ مَا لِيَ لَا أَرَى الْهُدْهُدَ أَمْ كَانَ مِنَ الْغَائِبِينَ",
      "verseStringB": "Then he surveyed the birds, and said, “How is it that I do not see the hoopoe? Or is he among the absentees?"
    },
    {
      "verseNumber": 21,
      "verseString": "لَأُعَذِّبَنَّهُ عَذَابًا شَدِيدًا أَوْ لَأَذْبَحَنَّهُ أَوْ لَيَأْتِيَنِّي بِسُلْطَانٍ مُبِينٍ",
      "verseStringB": "I will punish him most severely, or slay him—unless he brings me a valid excuse.”"
    },
    {
      "verseNumber": 22,
      "verseString": "فَمَكَثَ غَيْرَ بَعِيدٍ فَقَالَ أَحَطْتُ بِمَا لَمْ تُحِطْ بِهِ وَجِئْتُكَ مِنْ سَبَإٍ بِنَبَإٍ يَقِينٍ",
      "verseStringB": "But he did not stay away for long. He said, “I have learned something you did not know. I have come to you from Sheba, with reliable information."
    },
    {
      "verseNumber": 23,
      "verseString": "إِنِّي وَجَدْتُ امْرَأَةً تَمْلِكُهُمْ وَأُوتِيَتْ مِنْ كُلِّ شَيْءٍ وَلَهَا عَرْشٌ عَظِيمٌ",
      "verseStringB": "I found a woman ruling over them, and she was given of all things, and she has a magnificent throne."
    },
    {
      "verseNumber": 24,
      "verseString": "وَجَدْتُهَا وَقَوْمَهَا يَسْجُدُونَ لِلشَّمْسِ مِنْ دُونِ اللَّهِ وَزَيَّنَ لَهُمُ الشَّيْطَانُ أَعْمَالَهُمْ فَصَدَّهُمْ عَنِ السَّبِيلِ فَهُمْ لَا يَهْتَدُونَ",
      "verseStringB": "I found her and her people worshiping the sun, instead of Allah. And Satan beautified their deeds for them, and he diverted them from the path, so they are not guided."
    },
    {
      "verseNumber": 25,
      "verseString": "أَلَّا يَسْجُدُوا لِلَّهِ الَّذِي يُخْرِجُ الْخَبْءَ فِي السَّمَاوَاتِ وَالْأَرْضِ وَيَعْلَمُ مَا تُخْفُونَ وَمَا تُعْلِنُونَ",
      "verseStringB": "If only they would worship Allah, who brings what is hidden in the heavens and on earth, and who knows what you hide and what you disclose."
    },
    {
      "verseNumber": 26,
      "verseString": "اللَّهُ لَا إِلَٰهَ إِلَّا هُوَ رَبُّ الْعَرْشِ الْعَظِيمِ ۩",
      "verseStringB": "Allah—There is no god except He, Lord of the Awesome Throne.”"
    },
    {
      "verseNumber": 27,
      "verseString": "قَالَ سَنَنْظُرُ أَصَدَقْتَ أَمْ كُنْتَ مِنَ الْكَاذِبِينَ",
      "verseStringB": "He said, “We will see, whether you have told the truth, or are a liar."
    },
    {
      "verseNumber": 28,
      "verseString": "اذْهَبْ بِكِتَابِي هَٰذَا فَأَلْقِهْ إِلَيْهِمْ ثُمَّ تَوَلَّ عَنْهُمْ فَانْظُرْ مَاذَا يَرْجِعُونَ",
      "verseStringB": "Go with this letter of mine, and deliver it to them. Then withdraw from them, and see how they respond.”"
    },
    {
      "verseNumber": 29,
      "verseString": "قَالَتْ يَا أَيُّهَا الْمَلَأُ إِنِّي أُلْقِيَ إِلَيَّ كِتَابٌ كَرِيمٌ",
      "verseStringB": "She said, “O Counselors, a gracious letter was delivered to me."
    },
    {
      "verseNumber": 30,
      "verseString": "إِنَّهُ مِنْ سُلَيْمَانَ وَإِنَّهُ بِسْمِ اللَّهِ الرَّحْمَٰنِ الرَّحِيمِ",
      "verseStringB": "It is from Solomon, and it is: ‘In the Name of Allah, the Compassionate, the Merciful."
    },
    {
      "verseNumber": 31,
      "verseString": "أَلَّا تَعْلُوا عَلَيَّ وَأْتُونِي مُسْلِمِينَ",
      "verseStringB": "Do not exalt yourselves over me, but come to me submissively.’”"
    },
    {
      "verseNumber": 32,
      "verseString": "قَالَتْ يَا أَيُّهَا الْمَلَأُ أَفْتُونِي فِي أَمْرِي مَا كُنْتُ قَاطِعَةً أَمْرًا حَتَّىٰ تَشْهَدُونِ",
      "verseStringB": "She said, “O counselors, advise me in this matter of mine. I never make a decision unless you are present.”"
    },
    {
      "verseNumber": 33,
      "verseString": "قَالُوا نَحْنُ أُولُو قُوَّةٍ وَأُولُو بَأْسٍ شَدِيدٍ وَالْأَمْرُ إِلَيْكِ فَانْظُرِي مَاذَا تَأْمُرِينَ",
      "verseStringB": "They said, “We are a people of strength and great courage, but the decision is yours, so see what you command.”"
    },
    {
      "verseNumber": 34,
      "verseString": "قَالَتْ إِنَّ الْمُلُوكَ إِذَا دَخَلُوا قَرْيَةً أَفْسَدُوهَا وَجَعَلُوا أَعِزَّةَ أَهْلِهَا أَذِلَّةً ۖ وَكَذَٰلِكَ يَفْعَلُونَ",
      "verseStringB": "She said, “When kings enter a town, they devastate it, and subjugate its dignified people. Thus they always do."
    },
    {
      "verseNumber": 35,
      "verseString": "وَإِنِّي مُرْسِلَةٌ إِلَيْهِمْ بِهَدِيَّةٍ فَنَاظِرَةٌ بِمَ يَرْجِعُ الْمُرْسَلُونَ",
      "verseStringB": "And I am sending them a gift, and will see what the envoys bring back.”"
    },
    {
      "verseNumber": 36,
      "verseString": "فَلَمَّا جَاءَ سُلَيْمَانَ قَالَ أَتُمِدُّونَنِ بِمَالٍ فَمَا آتَانِيَ اللَّهُ خَيْرٌ مِمَّا آتَاكُمْ بَلْ أَنْتُمْ بِهَدِيَّتِكُمْ تَفْرَحُونَ",
      "verseStringB": "But When it came to Solomon, he said, “Are you offering me wealth? What Allah has given me is better than what He has given you. It is you who delight in your gift."
    },
    {
      "verseNumber": 37,
      "verseString": "ارْجِعْ إِلَيْهِمْ فَلَنَأْتِيَنَّهُمْ بِجُنُودٍ لَا قِبَلَ لَهُمْ بِهَا وَلَنُخْرِجَنَّهُمْ مِنْهَا أَذِلَّةً وَهُمْ صَاغِرُونَ",
      "verseStringB": "Go back to them. We will come at them with troops they cannot withstand; and we will expel them from there, humiliated and subdued.”"
    },
    {
      "verseNumber": 38,
      "verseString": "قَالَ يَا أَيُّهَا الْمَلَأُ أَيُّكُمْ يَأْتِينِي بِعَرْشِهَا قَبْلَ أَنْ يَأْتُونِي مُسْلِمِينَ",
      "verseStringB": "He said, “O notables, which of you can bring me her throne before they come to me in submission?”"
    },
    {
      "verseNumber": 39,
      "verseString": "قَالَ عِفْرِيتٌ مِنَ الْجِنِّ أَنَا آتِيكَ بِهِ قَبْلَ أَنْ تَقُومَ مِنْ مَقَامِكَ ۖ وَإِنِّي عَلَيْهِ لَقَوِيٌّ أَمِينٌ",
      "verseStringB": "An imp of the sprites said, “I can bring it to you before you rise from your position. I am strong enough to do it—and trustworthy.”"
    },
    {
      "verseNumber": 40,
      "verseString": "قَالَ الَّذِي عِنْدَهُ عِلْمٌ مِنَ الْكِتَابِ أَنَا آتِيكَ بِهِ قَبْلَ أَنْ يَرْتَدَّ إِلَيْكَ طَرْفُكَ ۚ فَلَمَّا رَآهُ مُسْتَقِرًّا عِنْدَهُ قَالَ هَٰذَا مِنْ فَضْلِ رَبِّي لِيَبْلُوَنِي أَأَشْكُرُ أَمْ أَكْفُرُ ۖ وَمَنْ شَكَرَ فَإِنَّمَا يَشْكُرُ لِنَفْسِهِ ۖ وَمَنْ كَفَرَ فَإِنَّ رَبِّي غَنِيٌّ كَرِيمٌ",
      "verseStringB": "He who had knowledge from the Scripture said, “I can bring it to you before you blink.” And when he saw it settled before him, he said, “This is of my Lord’s grace, to test me, whether I am appreciative or unappreciative. Whoever is grateful, his gratitude is for his own soul; and whoever is ungrateful—my Lord is Independent and Generous.”"
    },
    {
      "verseNumber": 41,
      "verseString": "قَالَ نَكِّرُوا لَهَا عَرْشَهَا نَنْظُرْ أَتَهْتَدِي أَمْ تَكُونُ مِنَ الَّذِينَ لَا يَهْتَدُونَ",
      "verseStringB": "He said, “Disguise her throne for her, and we shall see whether she will be guided, or remains one of the misguided.”"
    },
    {
      "verseNumber": 42,
      "verseString": "فَلَمَّا جَاءَتْ قِيلَ أَهَٰكَذَا عَرْشُكِ ۖ قَالَتْ كَأَنَّهُ هُوَ ۚ وَأُوتِينَا الْعِلْمَ مِنْ قَبْلِهَا وَكُنَّا مُسْلِمِينَ",
      "verseStringB": "Then, when she arrived, it was said, “Is your throne like this?” She said, “As if this is it.” “And we were given knowledge before her, and we were submitters.”"
    },
    {
      "verseNumber": 43,
      "verseString": "وَصَدَّهَا مَا كَانَتْ تَعْبُدُ مِنْ دُونِ اللَّهِ ۖ إِنَّهَا كَانَتْ مِنْ قَوْمٍ كَافِرِينَ",
      "verseStringB": "But she was prevented by what she worshiped instead of Allah—she belonged to a disbelieving people."
    },
    {
      "verseNumber": 44,
      "verseString": "قِيلَ لَهَا ادْخُلِي الصَّرْحَ ۖ فَلَمَّا رَأَتْهُ حَسِبَتْهُ لُجَّةً وَكَشَفَتْ عَنْ سَاقَيْهَا ۚ قَالَ إِنَّهُ صَرْحٌ مُمَرَّدٌ مِنْ قَوَارِيرَ ۗ قَالَتْ رَبِّ إِنِّي ظَلَمْتُ نَفْسِي وَأَسْلَمْتُ مَعَ سُلَيْمَانَ لِلَّهِ رَبِّ الْعَالَمِينَ",
      "verseStringB": "It was said to her, “Go inside the courtyard.” And when she saw it, she thought it was a pool, and she uncovered her legs. He said, “It is a courtyard paved with crystal.” She said, “My Lord, I have wronged myself, and I have submitted with Solomon, to Allah, Lord of the Worlds.”"
    },
    {
      "verseNumber": 45,
      "verseString": "وَلَقَدْ أَرْسَلْنَا إِلَىٰ ثَمُودَ أَخَاهُمْ صَالِحًا أَنِ اعْبُدُوا اللَّهَ فَإِذَا هُمْ فَرِيقَانِ يَخْتَصِمُونَ",
      "verseStringB": "And We sent to Thamood their brother Saleh: “Worship Allah.” But they became two disputing factions."
    },
    {
      "verseNumber": 46,
      "verseString": "قَالَ يَا قَوْمِ لِمَ تَسْتَعْجِلُونَ بِالسَّيِّئَةِ قَبْلَ الْحَسَنَةِ ۖ لَوْلَا تَسْتَغْفِرُونَ اللَّهَ لَعَلَّكُمْ تُرْحَمُونَ",
      "verseStringB": "He said, “O my people, why do you rush to evil instead of to good? Why do you not ask forgiveness from Allah, so that you may receive mercy?”"
    },
    {
      "verseNumber": 47,
      "verseString": "قَالُوا اطَّيَّرْنَا بِكَ وَبِمَنْ مَعَكَ ۚ قَالَ طَائِرُكُمْ عِنْدَ اللَّهِ ۖ بَلْ أَنْتُمْ قَوْمٌ تُفْتَنُونَ",
      "verseStringB": "They said, “We consider you a bad omen—and those with you.” He said, “Your omen is with Allah. In fact, you are a people being tested.”"
    },
    {
      "verseNumber": 48,
      "verseString": "وَكَانَ فِي الْمَدِينَةِ تِسْعَةُ رَهْطٍ يُفْسِدُونَ فِي الْأَرْضِ وَلَا يُصْلِحُونَ",
      "verseStringB": "In the city was a gang of nine who made mischief in the land, and would not reform."
    },
    {
      "verseNumber": 49,
      "verseString": "قَالُوا تَقَاسَمُوا بِاللَّهِ لَنُبَيِّتَنَّهُ وَأَهْلَهُ ثُمَّ لَنَقُولَنَّ لِوَلِيِّهِ مَا شَهِدْنَا مَهْلِكَ أَهْلِهِ وَإِنَّا لَصَادِقُونَ",
      "verseStringB": "They said, “Swear by Allah to one another that we will attack him and his family at night, and then say to his guardian, 'We did not witness the murder of his family, and we are being truthful.'”"
    },
    {
      "verseNumber": 50,
      "verseString": "وَمَكَرُوا مَكْرًا وَمَكَرْنَا مَكْرًا وَهُمْ لَا يَشْعُرُونَ",
      "verseStringB": "They planned a plan, and We planned a plan, but they did not realize."
    },
    {
      "verseNumber": 51,
      "verseString": "فَانْظُرْ كَيْفَ كَانَ عَاقِبَةُ مَكْرِهِمْ أَنَّا دَمَّرْنَاهُمْ وَقَوْمَهُمْ أَجْمَعِينَ",
      "verseStringB": "So note the outcome of their planning: We destroyed them and their people, all together."
    },
    {
      "verseNumber": 52,
      "verseString": "فَتِلْكَ بُيُوتُهُمْ خَاوِيَةً بِمَا ظَلَمُوا ۗ إِنَّ فِي ذَٰلِكَ لَآيَةً لِقَوْمٍ يَعْلَمُونَ",
      "verseStringB": "Here are their houses, in ruins, on account of their iniquities. Surely in this is a lesson for people who know."
    },
    {
      "verseNumber": 53,
      "verseString": "وَأَنْجَيْنَا الَّذِينَ آمَنُوا وَكَانُوا يَتَّقُونَ",
      "verseStringB": "And We saved those who believed and were reverent."
    },
    {
      "verseNumber": 54,
      "verseString": "وَلُوطًا إِذْ قَالَ لِقَوْمِهِ أَتَأْتُونَ الْفَاحِشَةَ وَأَنْتُمْ تُبْصِرُونَ",
      "verseStringB": "And Lot, when he said to his people, “Do you commit lewdness, although you see?"
    },
    {
      "verseNumber": 55,
      "verseString": "أَئِنَّكُمْ لَتَأْتُونَ الرِّجَالَ شَهْوَةً مِنْ دُونِ النِّسَاءِ ۚ بَلْ أَنْتُمْ قَوْمٌ تَجْهَلُونَ",
      "verseStringB": "Do you lust after men instead of women? You are an ignorant people.”"
    },
    {
      "verseNumber": 56,
      "verseString": "فَمَا كَانَ جَوَابَ قَوْمِهِ إِلَّا أَنْ قَالُوا أَخْرِجُوا آلَ لُوطٍ مِنْ قَرْيَتِكُمْ ۖ إِنَّهُمْ أُنَاسٌ يَتَطَهَّرُونَ",
      "verseStringB": "But his people’s only response was to say, “Expel Lot’s family from your town. They are purist people.”"
    },
    {
      "verseNumber": 57,
      "verseString": "فَأَنْجَيْنَاهُ وَأَهْلَهُ إِلَّا امْرَأَتَهُ قَدَّرْنَاهَا مِنَ الْغَابِرِينَ",
      "verseStringB": "So We saved him and his family, except for his wife; We destined her among the laggards."
    },
    {
      "verseNumber": 58,
      "verseString": "وَأَمْطَرْنَا عَلَيْهِمْ مَطَرًا ۖ فَسَاءَ مَطَرُ الْمُنْذَرِينَ",
      "verseStringB": "And We poured down on them a rain. Horrible was the rain of those forewarned."
    },
    {
      "verseNumber": 59,
      "verseString": "قُلِ الْحَمْدُ لِلَّهِ وَسَلَامٌ عَلَىٰ عِبَادِهِ الَّذِينَ اصْطَفَىٰ ۗ آللَّهُ خَيْرٌ أَمَّا يُشْرِكُونَ",
      "verseStringB": "Say, “Praise be to Allah, and peace be upon His worshipers whom He has chosen. Is Allah better, or what they associate?”"
    },
    {
      "verseNumber": 60,
      "verseString": "أَمَّنْ خَلَقَ السَّمَاوَاتِ وَالْأَرْضَ وَأَنْزَلَ لَكُمْ مِنَ السَّمَاءِ مَاءً فَأَنْبَتْنَا بِهِ حَدَائِقَ ذَاتَ بَهْجَةٍ مَا كَانَ لَكُمْ أَنْ تُنْبِتُوا شَجَرَهَا ۗ أَإِلَٰهٌ مَعَ اللَّهِ ۚ بَلْ هُمْ قَوْمٌ يَعْدِلُونَ",
      "verseStringB": "Or, who created the heavens and the earth, and sends water down from the sky for you? With it, We produce gardens full of beauty, whose trees you could not have produced. Is there a god alongside Allah? But they are a people who equate."
    },
    {
      "verseNumber": 61,
      "verseString": "أَمَّنْ جَعَلَ الْأَرْضَ قَرَارًا وَجَعَلَ خِلَالَهَا أَنْهَارًا وَجَعَلَ لَهَا رَوَاسِيَ وَجَعَلَ بَيْنَ الْبَحْرَيْنِ حَاجِزًا ۗ أَإِلَٰهٌ مَعَ اللَّهِ ۚ بَلْ أَكْثَرُهُمْ لَا يَعْلَمُونَ",
      "verseStringB": "Or, who made the earth a habitat, and caused rivers to flow through it, and set mountains on it, and placed a partition between the two seas? Is there a god alongside Allah? But most of them do not know."
    },
    {
      "verseNumber": 62,
      "verseString": "أَمَّنْ يُجِيبُ الْمُضْطَرَّ إِذَا دَعَاهُ وَيَكْشِفُ السُّوءَ وَيَجْعَلُكُمْ خُلَفَاءَ الْأَرْضِ ۗ أَإِلَٰهٌ مَعَ اللَّهِ ۚ قَلِيلًا مَا تَذَكَّرُونَ",
      "verseStringB": "Or, who answers the distressed when he prays to Him, and removes adversity, and makes you successors on earth? Is there a god alongside Allah? How little you reflect."
    },
    {
      "verseNumber": 63,
      "verseString": "أَمَّنْ يَهْدِيكُمْ فِي ظُلُمَاتِ الْبَرِّ وَالْبَحْرِ وَمَنْ يُرْسِلُ الرِّيَاحَ بُشْرًا بَيْنَ يَدَيْ رَحْمَتِهِ ۗ أَإِلَٰهٌ مَعَ اللَّهِ ۚ تَعَالَى اللَّهُ عَمَّا يُشْرِكُونَ",
      "verseStringB": "Or, who guides you through the darkness of land and sea, and who sends the winds, ushering in His mercy? Is there a god alongside Allah? Exalted is Allah, above the partners they ascribe."
    },
    {
      "verseNumber": 64,
      "verseString": "أَمَّنْ يَبْدَأُ الْخَلْقَ ثُمَّ يُعِيدُهُ وَمَنْ يَرْزُقُكُمْ مِنَ السَّمَاءِ وَالْأَرْضِ ۗ أَإِلَٰهٌ مَعَ اللَّهِ ۚ قُلْ هَاتُوا بُرْهَانَكُمْ إِنْ كُنْتُمْ صَادِقِينَ",
      "verseStringB": "Or, who originates the creation, and then repeats it, and who gives you livelihood from the sky and the earth? Is there a god alongside Allah? Say, “Bring your evidence, if you are truthful.”"
    },
    {
      "verseNumber": 65,
      "verseString": "قُلْ لَا يَعْلَمُ مَنْ فِي السَّمَاوَاتِ وَالْأَرْضِ الْغَيْبَ إِلَّا اللَّهُ ۚ وَمَا يَشْعُرُونَ أَيَّانَ يُبْعَثُونَ",
      "verseStringB": "Say, “None in the heavens or on earth knows the future except Allah, and they do not perceive when they will be resurrected.”"
    },
    {
      "verseNumber": 66,
      "verseString": "بَلِ ادَّارَكَ عِلْمُهُمْ فِي الْآخِرَةِ ۚ بَلْ هُمْ فِي شَكٍّ مِنْهَا ۖ بَلْ هُمْ مِنْهَا عَمُونَ",
      "verseStringB": "In fact, their knowledge of the Hereafter is confused. In fact, they are in doubt about it. In fact, they are blind to it."
    },
    {
      "verseNumber": 67,
      "verseString": "وَقَالَ الَّذِينَ كَفَرُوا أَإِذَا كُنَّا تُرَابًا وَآبَاؤُنَا أَئِنَّا لَمُخْرَجُونَ",
      "verseStringB": "Those who disbelieve say, “When we have become dust, and our ancestors, will we be brought out?"
    },
    {
      "verseNumber": 68,
      "verseString": "لَقَدْ وُعِدْنَا هَٰذَا نَحْنُ وَآبَاؤُنَا مِنْ قَبْلُ إِنْ هَٰذَا إِلَّا أَسَاطِيرُ الْأَوَّلِينَ",
      "verseStringB": "We were promised this before, us and our ancestors—these are nothing but legends of the ancients.”"
    },
    {
      "verseNumber": 69,
      "verseString": "قُلْ سِيرُوا فِي الْأَرْضِ فَانْظُرُوا كَيْفَ كَانَ عَاقِبَةُ الْمُجْرِمِينَ",
      "verseStringB": "Say, travel throughout the earth, and observe the fate of the guilty.”"
    },
    {
      "verseNumber": 70,
      "verseString": "وَلَا تَحْزَنْ عَلَيْهِمْ وَلَا تَكُنْ فِي ضَيْقٍ مِمَّا يَمْكُرُونَ",
      "verseStringB": "But do not grieve over them, nor be distressed by what they plot."
    },
    {
      "verseNumber": 71,
      "verseString": "وَيَقُولُونَ مَتَىٰ هَٰذَا الْوَعْدُ إِنْ كُنْتُمْ صَادِقِينَ",
      "verseStringB": "And they say, “When will this promise come true—if you are truthful?”"
    },
    {
      "verseNumber": 72,
      "verseString": "قُلْ عَسَىٰ أَنْ يَكُونَ رَدِفَ لَكُمْ بَعْضُ الَّذِي تَسْتَعْجِلُونَ",
      "verseStringB": "Say, “Perhaps, some of what you are eager for has drawn near.”"
    },
    {
      "verseNumber": 73,
      "verseString": "وَإِنَّ رَبَّكَ لَذُو فَضْلٍ عَلَى النَّاسِ وَلَٰكِنَّ أَكْثَرَهُمْ لَا يَشْكُرُونَ",
      "verseStringB": "And your Lord is gracious towards the people, but most of them do not give thanks."
    },
    {
      "verseNumber": 74,
      "verseString": "وَإِنَّ رَبَّكَ لَيَعْلَمُ مَا تُكِنُّ صُدُورُهُمْ وَمَا يُعْلِنُونَ",
      "verseStringB": "And your Lord knows what their hearts conceal, and what they reveal."
    },
    {
      "verseNumber": 75,
      "verseString": "وَمَا مِنْ غَائِبَةٍ فِي السَّمَاءِ وَالْأَرْضِ إِلَّا فِي كِتَابٍ مُبِينٍ",
      "verseStringB": "There is no mystery in the heaven and the earth, but is in a Clear Book."
    },
    {
      "verseNumber": 76,
      "verseString": "إِنَّ هَٰذَا الْقُرْآنَ يَقُصُّ عَلَىٰ بَنِي إِسْرَائِيلَ أَكْثَرَ الَّذِي هُمْ فِيهِ يَخْتَلِفُونَ",
      "verseStringB": "This Quran relates to the Children of Israel most of what they disagree about."
    },
    {
      "verseNumber": 77,
      "verseString": "وَإِنَّهُ لَهُدًى وَرَحْمَةٌ لِلْمُؤْمِنِينَ",
      "verseStringB": "And it is guidance and mercy for the believers."
    },
    {
      "verseNumber": 78,
      "verseString": "إِنَّ رَبَّكَ يَقْضِي بَيْنَهُمْ بِحُكْمِهِ ۚ وَهُوَ الْعَزِيزُ الْعَلِيمُ",
      "verseStringB": "Your Lord will judge between them with His command. He is the Almighty, the All-Knowing."
    },
    {
      "verseNumber": 79,
      "verseString": "فَتَوَكَّلْ عَلَى اللَّهِ ۖ إِنَّكَ عَلَى الْحَقِّ الْمُبِينِ",
      "verseStringB": "So rely on Allah. You are upon the clear truth."
    },
    {
      "verseNumber": 80,
      "verseString": "إِنَّكَ لَا تُسْمِعُ الْمَوْتَىٰ وَلَا تُسْمِعُ الصُّمَّ الدُّعَاءَ إِذَا وَلَّوْا مُدْبِرِينَ",
      "verseStringB": "You cannot make the dead hear, nor can you make the deaf hear the call when they turn their backs and flee."
    },
    {
      "verseNumber": 81,
      "verseString": "وَمَا أَنْتَ بِهَادِي الْعُمْيِ عَنْ ضَلَالَتِهِمْ ۖ إِنْ تُسْمِعُ إِلَّا مَنْ يُؤْمِنُ بِآيَاتِنَا فَهُمْ مُسْلِمُونَ",
      "verseStringB": "Nor can you lead the blind out of their error. You can make none hear except those who believe in Our revelations and are submitters."
    },
    {
      "verseNumber": 82,
      "verseString": "وَإِذَا وَقَعَ الْقَوْلُ عَلَيْهِمْ أَخْرَجْنَا لَهُمْ دَابَّةً مِنَ الْأَرْضِ تُكَلِّمُهُمْ أَنَّ النَّاسَ كَانُوا بِآيَاتِنَا لَا يُوقِنُونَ",
      "verseStringB": "And when the Word has fallen on them, We will bring out for them a creature from the earth that will speak to them of how humanity was not certain of Our revelations."
    },
    {
      "verseNumber": 83,
      "verseString": "وَيَوْمَ نَحْشُرُ مِنْ كُلِّ أُمَّةٍ فَوْجًا مِمَّنْ يُكَذِّبُ بِآيَاتِنَا فَهُمْ يُوزَعُونَ",
      "verseStringB": "On the Day when We gather from every community a group of those who rejected Our revelations—and they will be restrained."
    },
    {
      "verseNumber": 84,
      "verseString": "حَتَّىٰ إِذَا جَاءُوا قَالَ أَكَذَّبْتُمْ بِآيَاتِي وَلَمْ تُحِيطُوا بِهَا عِلْمًا أَمَّاذَا كُنْتُمْ تَعْمَلُونَ",
      "verseStringB": "Until, when they arrive, He will say, “Did you deny My revelations without understanding them? Or what were you doing?”"
    },
    {
      "verseNumber": 85,
      "verseString": "وَوَقَعَ الْقَوْلُ عَلَيْهِمْ بِمَا ظَلَمُوا فَهُمْ لَا يَنْطِقُونَ",
      "verseStringB": "And the Word will come upon them for having done wrong, and they will not speak."
    },
    {
      "verseNumber": 86,
      "verseString": "أَلَمْ يَرَوْا أَنَّا جَعَلْنَا اللَّيْلَ لِيَسْكُنُوا فِيهِ وَالنَّهَارَ مُبْصِرًا ۚ إِنَّ فِي ذَٰلِكَ لَآيَاتٍ لِقَوْمٍ يُؤْمِنُونَ",
      "verseStringB": "Have they not considered that We made the night for them to rest in, and the day for visibility? Surely in this are signs for people who believe."
    },
    {
      "verseNumber": 87,
      "verseString": "وَيَوْمَ يُنْفَخُ فِي الصُّورِ فَفَزِعَ مَنْ فِي السَّمَاوَاتِ وَمَنْ فِي الْأَرْضِ إِلَّا مَنْ شَاءَ اللَّهُ ۚ وَكُلٌّ أَتَوْهُ دَاخِرِينَ",
      "verseStringB": "And on the Day when the Trumpet is blown, everyone in the heavens and the earth will be horrified, except whom Allah wills. And all will come before Him, fully humbled."
    },
    {
      "verseNumber": 88,
      "verseString": "وَتَرَى الْجِبَالَ تَحْسَبُهَا جَامِدَةً وَهِيَ تَمُرُّ مَرَّ السَّحَابِ ۚ صُنْعَ اللَّهِ الَّذِي أَتْقَنَ كُلَّ شَيْءٍ ۚ إِنَّهُ خَبِيرٌ بِمَا تَفْعَلُونَ",
      "verseStringB": "And you see the mountains, and you imagine them fixed. Yet they pass, as the passing of the clouds. The making of Allah, who perfected everything. He is fully Informed of whatever you do."
    },
    {
      "verseNumber": 89,
      "verseString": "مَنْ جَاءَ بِالْحَسَنَةِ فَلَهُ خَيْرٌ مِنْهَا وَهُمْ مِنْ فَزَعٍ يَوْمَئِذٍ آمِنُونَ",
      "verseStringB": "Whoever brings a virtue will receive better than it—and they will be safe from the horrors of that Day."
    },
    {
      "verseNumber": 90,
      "verseString": "وَمَنْ جَاءَ بِالسَّيِّئَةِ فَكُبَّتْ وُجُوهُهُمْ فِي النَّارِ هَلْ تُجْزَوْنَ إِلَّا مَا كُنْتُمْ تَعْمَلُونَ",
      "verseStringB": "But whoever brings evil—their faces will be tumbled into the Fire. Are you repaid except for what you used to do?"
    },
    {
      "verseNumber": 91,
      "verseString": "إِنَّمَا أُمِرْتُ أَنْ أَعْبُدَ رَبَّ هَٰذِهِ الْبَلْدَةِ الَّذِي حَرَّمَهَا وَلَهُ كُلُّ شَيْءٍ ۖ وَأُمِرْتُ أَنْ أَكُونَ مِنَ الْمُسْلِمِينَ",
      "verseStringB": "“I was commanded to worship the Lord of this town, Who has sanctified it; and to Him, everything belongs. And I was commanded to be of those who submit."
    },
    {
      "verseNumber": 92,
      "verseString": "وَأَنْ أَتْلُوَ الْقُرْآنَ ۖ فَمَنِ اهْتَدَىٰ فَإِنَّمَا يَهْتَدِي لِنَفْسِهِ ۖ وَمَنْ ضَلَّ فَقُلْ إِنَّمَا أَنَا مِنَ الْمُنْذِرِينَ",
      "verseStringB": "And to read the Quran.” Whoever is guided—is guided for his own soul. And whoever is astray, then say, “I am only a warner.”"
    },
    {
      "verseNumber": 93,
      "verseString": "وَقُلِ الْحَمْدُ لِلَّهِ سَيُرِيكُمْ آيَاتِهِ فَتَعْرِفُونَهَا ۚ وَمَا رَبُّكَ بِغَافِلٍ عَمَّا تَعْمَلُونَ",
      "verseStringB": "And say, “Praise be to Allah. He will show you His signs, and you will recognize them. And Your Lord is not negligent of what you do.”"
    }
  ],
  "nameEnglish": "The Ant",
  "nameTrans": "an-Naml",
  "nameArabic": "النمل",
  "chapterNumber": 27,
  "nVerses": 93
}