{
  "verses": [
    {
      "verseNumber": 0,
      "verseString": "بِسْمِ اللَّهِ الرَّحْمَٰنِ الرَّحِيمِ",
      "verseStringB": "In the name of Allah, the Compassionate, the Merciful."
    },
    {
      "verseNumber": 1,
      "verseString": "حم",
      "verseStringB": "Ha. Meem."
    },
    {
      "verseNumber": 2,
      "verseString": "عسق",
      "verseStringB": "Ayn. Seen. Qaf."
    },
    {
      "verseNumber": 3,
      "verseString": "كَذَٰلِكَ يُوحِي إِلَيْكَ وَإِلَى الَّذِينَ مِنْ قَبْلِكَ اللَّهُ الْعَزِيزُ الْحَكِيمُ",
      "verseStringB": "Thus He inspires you, and those before you—Allah the Almighty, the Wise."
    },
    {
      "verseNumber": 4,
      "verseString": "لَهُ مَا فِي السَّمَاوَاتِ وَمَا فِي الْأَرْضِ ۖ وَهُوَ الْعَلِيُّ الْعَظِيمُ",
      "verseStringB": "To Him belongs everything in the heavens and everything on earth. And He is the Sublime, the Magnificent."
    },
    {
      "verseNumber": 5,
      "verseString": "تَكَادُ السَّمَاوَاتُ يَتَفَطَّرْنَ مِنْ فَوْقِهِنَّ ۚ وَالْمَلَائِكَةُ يُسَبِّحُونَ بِحَمْدِ رَبِّهِمْ وَيَسْتَغْفِرُونَ لِمَنْ فِي الْأَرْضِ ۗ أَلَا إِنَّ اللَّهَ هُوَ الْغَفُورُ الرَّحِيمُ",
      "verseStringB": "The heavens nearly burst, one above the other, while the angels praise their Lord's glory, and ask forgiveness for those on earth. Allah is indeed the Forgiver, the Merciful."
    },
    {
      "verseNumber": 6,
      "verseString": "وَالَّذِينَ اتَّخَذُوا مِنْ دُونِهِ أَوْلِيَاءَ اللَّهُ حَفِيظٌ عَلَيْهِمْ وَمَا أَنْتَ عَلَيْهِمْ بِوَكِيلٍ",
      "verseStringB": "As for those who take protectors apart from Him: Allah is Keeper over them, and you are not a guardian over them."
    },
    {
      "verseNumber": 7,
      "verseString": "وَكَذَٰلِكَ أَوْحَيْنَا إِلَيْكَ قُرْآنًا عَرَبِيًّا لِتُنْذِرَ أُمَّ الْقُرَىٰ وَمَنْ حَوْلَهَا وَتُنْذِرَ يَوْمَ الْجَمْعِ لَا رَيْبَ فِيهِ ۚ فَرِيقٌ فِي الْجَنَّةِ وَفَرِيقٌ فِي السَّعِيرِ",
      "verseStringB": "Thus We inspired you with an Arabic Quran, so you may warn the Central Town and its vicinity, and to warn of the Day of Assembly—about which there is no doubt. A group in the Garden, and a group in the Furnace."
    },
    {
      "verseNumber": 8,
      "verseString": "وَلَوْ شَاءَ اللَّهُ لَجَعَلَهُمْ أُمَّةً وَاحِدَةً وَلَٰكِنْ يُدْخِلُ مَنْ يَشَاءُ فِي رَحْمَتِهِ ۚ وَالظَّالِمُونَ مَا لَهُمْ مِنْ وَلِيٍّ وَلَا نَصِيرٍ",
      "verseStringB": "Had Allah willed, He would have made them a single community, but He admits into His mercy whom He wills. As for the wrongdoers, they will have no protector and no helper."
    },
    {
      "verseNumber": 9,
      "verseString": "أَمِ اتَّخَذُوا مِنْ دُونِهِ أَوْلِيَاءَ ۖ فَاللَّهُ هُوَ الْوَلِيُّ وَهُوَ يُحْيِي الْمَوْتَىٰ وَهُوَ عَلَىٰ كُلِّ شَيْءٍ قَدِيرٌ",
      "verseStringB": "Or have they adopted protectors besides him? Allah is the Protector, and He gives life to the dead, and He is capable of all things."
    },
    {
      "verseNumber": 10,
      "verseString": "وَمَا اخْتَلَفْتُمْ فِيهِ مِنْ شَيْءٍ فَحُكْمُهُ إِلَى اللَّهِ ۚ ذَٰلِكُمُ اللَّهُ رَبِّي عَلَيْهِ تَوَكَّلْتُ وَإِلَيْهِ أُنِيبُ",
      "verseStringB": "Whatever you may differ about: its judgment rests with Allah. “That is Allah—my Lord. In Him, I trust. And to Him, I turn.”"
    },
    {
      "verseNumber": 11,
      "verseString": "فَاطِرُ السَّمَاوَاتِ وَالْأَرْضِ ۚ جَعَلَ لَكُمْ مِنْ أَنْفُسِكُمْ أَزْوَاجًا وَمِنَ الْأَنْعَامِ أَزْوَاجًا ۖ يَذْرَؤُكُمْ فِيهِ ۚ لَيْسَ كَمِثْلِهِ شَيْءٌ ۖ وَهُوَ السَّمِيعُ الْبَصِيرُ",
      "verseStringB": "The Originator of the heavens and the earth. He made for you mates from among yourselves, and pairs of animals, through which He multiplies you. There is nothing like Him. He is the Hearing, the Seeing."
    },
    {
      "verseNumber": 12,
      "verseString": "لَهُ مَقَالِيدُ السَّمَاوَاتِ وَالْأَرْضِ ۖ يَبْسُطُ الرِّزْقَ لِمَنْ يَشَاءُ وَيَقْدِرُ ۚ إِنَّهُ بِكُلِّ شَيْءٍ عَلِيمٌ",
      "verseStringB": "To Him belong the keys of the heavens and the earth. He spreads the bounties to whomever He wills, or He reduces it. He has knowledge of all things."
    },
    {
      "verseNumber": 13,
      "verseString": "شَرَعَ لَكُمْ مِنَ الدِّينِ مَا وَصَّىٰ بِهِ نُوحًا وَالَّذِي أَوْحَيْنَا إِلَيْكَ وَمَا وَصَّيْنَا بِهِ إِبْرَاهِيمَ وَمُوسَىٰ وَعِيسَىٰ ۖ أَنْ أَقِيمُوا الدِّينَ وَلَا تَتَفَرَّقُوا فِيهِ ۚ كَبُرَ عَلَى الْمُشْرِكِينَ مَا تَدْعُوهُمْ إِلَيْهِ ۚ اللَّهُ يَجْتَبِي إِلَيْهِ مَنْ يَشَاءُ وَيَهْدِي إِلَيْهِ مَنْ يُنِيبُ",
      "verseStringB": "He has appointed for you the same religion He enjoined upon Noah, and what We inspired in you, and what We enjoined upon Abraham, Moses, and Jesus: “You shall uphold the faith, and be not divided in it.” Difficult for the associators is what you are calling them to. Allah chooses for Himself whom He wills, and He guides to Himself whoever repents."
    },
    {
      "verseNumber": 14,
      "verseString": "وَمَا تَفَرَّقُوا إِلَّا مِنْ بَعْدِ مَا جَاءَهُمُ الْعِلْمُ بَغْيًا بَيْنَهُمْ ۚ وَلَوْلَا كَلِمَةٌ سَبَقَتْ مِنْ رَبِّكَ إِلَىٰ أَجَلٍ مُسَمًّى لَقُضِيَ بَيْنَهُمْ ۚ وَإِنَّ الَّذِينَ أُورِثُوا الْكِتَابَ مِنْ بَعْدِهِمْ لَفِي شَكٍّ مِنْهُ مُرِيبٍ",
      "verseStringB": "They became divided only after knowledge came to them, out of envy among themselves. Were it not for a predetermined decision from your Lord, judgment would have been pronounced between them. Yet those who were made to inherit the Scripture after them are in serious doubt about it."
    },
    {
      "verseNumber": 15,
      "verseString": "فَلِذَٰلِكَ فَادْعُ ۖ وَاسْتَقِمْ كَمَا أُمِرْتَ ۖ وَلَا تَتَّبِعْ أَهْوَاءَهُمْ ۖ وَقُلْ آمَنْتُ بِمَا أَنْزَلَ اللَّهُ مِنْ كِتَابٍ ۖ وَأُمِرْتُ لِأَعْدِلَ بَيْنَكُمُ ۖ اللَّهُ رَبُّنَا وَرَبُّكُمْ ۖ لَنَا أَعْمَالُنَا وَلَكُمْ أَعْمَالُكُمْ ۖ لَا حُجَّةَ بَيْنَنَا وَبَيْنَكُمُ ۖ اللَّهُ يَجْمَعُ بَيْنَنَا ۖ وَإِلَيْهِ الْمَصِيرُ",
      "verseStringB": "Therefore, to this go on inviting, and be upright as you were commanded, and do not follow their inclinations, and say, “I believe in whatever Book Allah has sent down, and I was commanded to judge between you equitably. Allah is our Lord, and your Lord. We have our deeds, and you have your deeds. Let there be no quarrel between us and you. Allah will bring us together. And to Him, is the final return.”"
    },
    {
      "verseNumber": 16,
      "verseString": "وَالَّذِينَ يُحَاجُّونَ فِي اللَّهِ مِنْ بَعْدِ مَا اسْتُجِيبَ لَهُ حُجَّتُهُمْ دَاحِضَةٌ عِنْدَ رَبِّهِمْ وَعَلَيْهِمْ غَضَبٌ وَلَهُمْ عَذَابٌ شَدِيدٌ",
      "verseStringB": "As for those who argue about Allah after having answered His call, their argument is invalid with their Lord; and upon them falls wrath; and they will have a severe punishment."
    },
    {
      "verseNumber": 17,
      "verseString": "اللَّهُ الَّذِي أَنْزَلَ الْكِتَابَ بِالْحَقِّ وَالْمِيزَانَ ۗ وَمَا يُدْرِيكَ لَعَلَّ السَّاعَةَ قَرِيبٌ",
      "verseStringB": "It is Allah who revealed the Book with the truth and the Balance. And what will make you realize, that perhaps the Hour is near?"
    },
    {
      "verseNumber": 18,
      "verseString": "يَسْتَعْجِلُ بِهَا الَّذِينَ لَا يُؤْمِنُونَ بِهَا ۖ وَالَّذِينَ آمَنُوا مُشْفِقُونَ مِنْهَا وَيَعْلَمُونَ أَنَّهَا الْحَقُّ ۗ أَلَا إِنَّ الَّذِينَ يُمَارُونَ فِي السَّاعَةِ لَفِي ضَلَالٍ بَعِيدٍ",
      "verseStringB": "Those who do not believe in it seek to hasten it. But those who believe are concerned about it, and they know it to be the truth. Unquestionably, those who question the Hour are in utmost error."
    },
    {
      "verseNumber": 19,
      "verseString": "اللَّهُ لَطِيفٌ بِعِبَادِهِ يَرْزُقُ مَنْ يَشَاءُ ۖ وَهُوَ الْقَوِيُّ الْعَزِيزُ",
      "verseStringB": "Allah is kind towards His worshipers. He provides for whom He wills. And He is the Powerful, the Honorable."
    },
    {
      "verseNumber": 20,
      "verseString": "مَنْ كَانَ يُرِيدُ حَرْثَ الْآخِرَةِ نَزِدْ لَهُ فِي حَرْثِهِ ۖ وَمَنْ كَانَ يُرِيدُ حَرْثَ الدُّنْيَا نُؤْتِهِ مِنْهَا وَمَا لَهُ فِي الْآخِرَةِ مِنْ نَصِيبٍ",
      "verseStringB": "Whoever desires the harvest of the Hereafter, We will increase for him his harvest. And whoever desires the harvest of this world, We will give them some of it, but He will have no share of the Hereafter."
    },
    {
      "verseNumber": 21,
      "verseString": "أَمْ لَهُمْ شُرَكَاءُ شَرَعُوا لَهُمْ مِنَ الدِّينِ مَا لَمْ يَأْذَنْ بِهِ اللَّهُ ۚ وَلَوْلَا كَلِمَةُ الْفَصْلِ لَقُضِيَ بَيْنَهُمْ ۗ وَإِنَّ الظَّالِمِينَ لَهُمْ عَذَابٌ أَلِيمٌ",
      "verseStringB": "Or do they have partners who litigate for them religious laws never authorized by Allah? Were it not for the decisive Word, it would have been settled between them. The wrongdoers will have a painful punishment."
    },
    {
      "verseNumber": 22,
      "verseString": "تَرَى الظَّالِمِينَ مُشْفِقِينَ مِمَّا كَسَبُوا وَهُوَ وَاقِعٌ بِهِمْ ۗ وَالَّذِينَ آمَنُوا وَعَمِلُوا الصَّالِحَاتِ فِي رَوْضَاتِ الْجَنَّاتِ ۖ لَهُمْ مَا يَشَاءُونَ عِنْدَ رَبِّهِمْ ۚ ذَٰلِكَ هُوَ الْفَضْلُ الْكَبِيرُ",
      "verseStringB": "You see the unjust worried about what they have committed, and it will befall them. As for those who believe and do good deeds, they will be in the Meadows of the Gardens; they will have whatever they please in the presence of their Lord; that is the supreme bounty."
    },
    {
      "verseNumber": 23,
      "verseString": "ذَٰلِكَ الَّذِي يُبَشِّرُ اللَّهُ عِبَادَهُ الَّذِينَ آمَنُوا وَعَمِلُوا الصَّالِحَاتِ ۗ قُلْ لَا أَسْأَلُكُمْ عَلَيْهِ أَجْرًا إِلَّا الْمَوَدَّةَ فِي الْقُرْبَىٰ ۗ وَمَنْ يَقْتَرِفْ حَسَنَةً نَزِدْ لَهُ فِيهَا حُسْنًا ۚ إِنَّ اللَّهَ غَفُورٌ شَكُورٌ",
      "verseStringB": "That is the good news which Allah gives to His servants who believe and do good deeds. Say, “I ask of you no wage for it, except affection among the near of kin.” Whoever does a good deed, We will increase its goodness for him. Allah is Forgiving and Appreciative."
    },
    {
      "verseNumber": 24,
      "verseString": "أَمْ يَقُولُونَ افْتَرَىٰ عَلَى اللَّهِ كَذِبًا ۖ فَإِنْ يَشَإِ اللَّهُ يَخْتِمْ عَلَىٰ قَلْبِكَ ۗ وَيَمْحُ اللَّهُ الْبَاطِلَ وَيُحِقُّ الْحَقَّ بِكَلِمَاتِهِ ۚ إِنَّهُ عَلِيمٌ بِذَاتِ الصُّدُورِ",
      "verseStringB": "Or do they say, “He forged a lie about Allah.” If Allah so willed, He could have sealed your heart. But Allah obliterates the false, and He confirms the truth with His Words. He knows what the hearts contain."
    },
    {
      "verseNumber": 25,
      "verseString": "وَهُوَ الَّذِي يَقْبَلُ التَّوْبَةَ عَنْ عِبَادِهِ وَيَعْفُو عَنِ السَّيِّئَاتِ وَيَعْلَمُ مَا تَفْعَلُونَ",
      "verseStringB": "And it is He who accepts repentance from His worshipers, and remits the sins, and knows what you do."
    },
    {
      "verseNumber": 26,
      "verseString": "وَيَسْتَجِيبُ الَّذِينَ آمَنُوا وَعَمِلُوا الصَّالِحَاتِ وَيَزِيدُهُمْ مِنْ فَضْلِهِ ۚ وَالْكَافِرُونَ لَهُمْ عَذَابٌ شَدِيدٌ",
      "verseStringB": "And He answers those who believe and do good works, and He increases for them out of His grace. But the unbelievers will have a severe punishment."
    },
    {
      "verseNumber": 27,
      "verseString": "وَلَوْ بَسَطَ اللَّهُ الرِّزْقَ لِعِبَادِهِ لَبَغَوْا فِي الْأَرْضِ وَلَٰكِنْ يُنَزِّلُ بِقَدَرٍ مَا يَشَاءُ ۚ إِنَّهُ بِعِبَادِهِ خَبِيرٌ بَصِيرٌ",
      "verseStringB": "If Allah were to expand the provision to His servants, they would transgress on earth. But He sends down in precise measure whatever He wills. Regarding His servants, He is Expert and Observant."
    },
    {
      "verseNumber": 28,
      "verseString": "وَهُوَ الَّذِي يُنَزِّلُ الْغَيْثَ مِنْ بَعْدِ مَا قَنَطُوا وَيَنْشُرُ رَحْمَتَهُ ۚ وَهُوَ الْوَلِيُّ الْحَمِيدُ",
      "verseStringB": "And it is He who brings down rain after they have despaired—and unfolds His mercy. And He is the Guardian, the Praised."
    },
    {
      "verseNumber": 29,
      "verseString": "وَمِنْ آيَاتِهِ خَلْقُ السَّمَاوَاتِ وَالْأَرْضِ وَمَا بَثَّ فِيهِمَا مِنْ دَابَّةٍ ۚ وَهُوَ عَلَىٰ جَمْعِهِمْ إِذَا يَشَاءُ قَدِيرٌ",
      "verseStringB": "And among His signs is the creation of the heavens and the earth, and the creatures He spread throughout them—and He is Able to gather them at will."
    },
    {
      "verseNumber": 30,
      "verseString": "وَمَا أَصَابَكُمْ مِنْ مُصِيبَةٍ فَبِمَا كَسَبَتْ أَيْدِيكُمْ وَيَعْفُو عَنْ كَثِيرٍ",
      "verseStringB": "Whatever misfortune befalls you, it is because of what your hands have committed. Yet He pardons much."
    },
    {
      "verseNumber": 31,
      "verseString": "وَمَا أَنْتُمْ بِمُعْجِزِينَ فِي الْأَرْضِ ۖ وَمَا لَكُمْ مِنْ دُونِ اللَّهِ مِنْ وَلِيٍّ وَلَا نَصِيرٍ",
      "verseStringB": "You can never escape on earth. And besides Allah, you have no ally and no helper."
    },
    {
      "verseNumber": 32,
      "verseString": "وَمِنْ آيَاتِهِ الْجَوَارِ فِي الْبَحْرِ كَالْأَعْلَامِ",
      "verseStringB": "And among His signs are the ships sailing the sea like flags."
    },
    {
      "verseNumber": 33,
      "verseString": "إِنْ يَشَأْ يُسْكِنِ الرِّيحَ فَيَظْلَلْنَ رَوَاكِدَ عَلَىٰ ظَهْرِهِ ۚ إِنَّ فِي ذَٰلِكَ لَآيَاتٍ لِكُلِّ صَبَّارٍ شَكُورٍ",
      "verseStringB": "If He wills, He can calm the wind, leaving them motionless on its surface. Surely in this are signs for every patient, thankful person."
    },
    {
      "verseNumber": 34,
      "verseString": "أَوْ يُوبِقْهُنَّ بِمَا كَسَبُوا وَيَعْفُ عَنْ كَثِيرٍ",
      "verseStringB": "Or He could wreck them because of what they have committed. Yet He forgives much."
    },
    {
      "verseNumber": 35,
      "verseString": "وَيَعْلَمَ الَّذِينَ يُجَادِلُونَ فِي آيَاتِنَا مَا لَهُمْ مِنْ مَحِيصٍ",
      "verseStringB": "So that those who dispute Our signs will know that there is no asylum for them."
    },
    {
      "verseNumber": 36,
      "verseString": "فَمَا أُوتِيتُمْ مِنْ شَيْءٍ فَمَتَاعُ الْحَيَاةِ الدُّنْيَا ۖ وَمَا عِنْدَ اللَّهِ خَيْرٌ وَأَبْقَىٰ لِلَّذِينَ آمَنُوا وَعَلَىٰ رَبِّهِمْ يَتَوَكَّلُونَ",
      "verseStringB": "Whatever you are given is only the enjoyment of this life. But what Allah possesses is better and more lasting for those who believe and trust in their Lord."
    },
    {
      "verseNumber": 37,
      "verseString": "وَالَّذِينَ يَجْتَنِبُونَ كَبَائِرَ الْإِثْمِ وَالْفَوَاحِشَ وَإِذَا مَا غَضِبُوا هُمْ يَغْفِرُونَ",
      "verseStringB": "And those who avoid major sins and indecencies; and when they become angry, they forgive."
    },
    {
      "verseNumber": 38,
      "verseString": "وَالَّذِينَ اسْتَجَابُوا لِرَبِّهِمْ وَأَقَامُوا الصَّلَاةَ وَأَمْرُهُمْ شُورَىٰ بَيْنَهُمْ وَمِمَّا رَزَقْنَاهُمْ يُنْفِقُونَ",
      "verseStringB": "And those who respond to their Lord, and pray regularly, and conduct their affairs by mutual consultation, and donate from what We have provided for them."
    },
    {
      "verseNumber": 39,
      "verseString": "وَالَّذِينَ إِذَا أَصَابَهُمُ الْبَغْيُ هُمْ يَنْتَصِرُونَ",
      "verseStringB": "And those who, when tyranny strikes them, defend themselves."
    },
    {
      "verseNumber": 40,
      "verseString": "وَجَزَاءُ سَيِّئَةٍ سَيِّئَةٌ مِثْلُهَا ۖ فَمَنْ عَفَا وَأَصْلَحَ فَأَجْرُهُ عَلَى اللَّهِ ۚ إِنَّهُ لَا يُحِبُّ الظَّالِمِينَ",
      "verseStringB": "The repayment of a bad action is its equivalent. But whoever forgives and seeks reconciliation, his reward is upon Allah. He certainly does not love the wrongdoers."
    },
    {
      "verseNumber": 41,
      "verseString": "وَلَمَنِ انْتَصَرَ بَعْدَ ظُلْمِهِ فَأُولَٰئِكَ مَا عَلَيْهِمْ مِنْ سَبِيلٍ",
      "verseStringB": "As for those who retaliate after being wronged: there is no blame on them."
    },
    {
      "verseNumber": 42,
      "verseString": "إِنَّمَا السَّبِيلُ عَلَى الَّذِينَ يَظْلِمُونَ النَّاسَ وَيَبْغُونَ فِي الْأَرْضِ بِغَيْرِ الْحَقِّ ۚ أُولَٰئِكَ لَهُمْ عَذَابٌ أَلِيمٌ",
      "verseStringB": "Blame is only on those who wrong people, and unjustifiably commit injustice on earth. These will have a painful punishment."
    },
    {
      "verseNumber": 43,
      "verseString": "وَلَمَنْ صَبَرَ وَغَفَرَ إِنَّ ذَٰلِكَ لَمِنْ عَزْمِ الْأُمُورِ",
      "verseStringB": "But whoever endures patiently and forgives—that is a course worthy of resolve."
    },
    {
      "verseNumber": 44,
      "verseString": "وَمَنْ يُضْلِلِ اللَّهُ فَمَا لَهُ مِنْ وَلِيٍّ مِنْ بَعْدِهِ ۗ وَتَرَى الظَّالِمِينَ لَمَّا رَأَوُا الْعَذَابَ يَقُولُونَ هَلْ إِلَىٰ مَرَدٍّ مِنْ سَبِيلٍ",
      "verseStringB": "Whomever Allah leaves astray has no protector beyond Him. And you will see the wrongdoers, when they see the suffering, saying, “Is there any way back?”"
    },
    {
      "verseNumber": 45,
      "verseString": "وَتَرَاهُمْ يُعْرَضُونَ عَلَيْهَا خَاشِعِينَ مِنَ الذُّلِّ يَنْظُرُونَ مِنْ طَرْفٍ خَفِيٍّ ۗ وَقَالَ الَّذِينَ آمَنُوا إِنَّ الْخَاسِرِينَ الَّذِينَ خَسِرُوا أَنْفُسَهُمْ وَأَهْلِيهِمْ يَوْمَ الْقِيَامَةِ ۗ أَلَا إِنَّ الظَّالِمِينَ فِي عَذَابٍ مُقِيمٍ",
      "verseStringB": "And you will see them exposed to it, cowering from disgrace, glancing around covertly. Those who believed will say, “The losers are those who have lost themselves and their families on the Day of Resurrection.” Surely the wrongdoers will be in lasting suffering."
    },
    {
      "verseNumber": 46,
      "verseString": "وَمَا كَانَ لَهُمْ مِنْ أَوْلِيَاءَ يَنْصُرُونَهُمْ مِنْ دُونِ اللَّهِ ۗ وَمَنْ يُضْلِلِ اللَّهُ فَمَا لَهُ مِنْ سَبِيلٍ",
      "verseStringB": "They will have no allies to help them against Allah. Whoever Allah leaves to stray—for him, there is no way."
    },
    {
      "verseNumber": 47,
      "verseString": "اسْتَجِيبُوا لِرَبِّكُمْ مِنْ قَبْلِ أَنْ يَأْتِيَ يَوْمٌ لَا مَرَدَّ لَهُ مِنَ اللَّهِ ۚ مَا لَكُمْ مِنْ مَلْجَإٍ يَوْمَئِذٍ وَمَا لَكُمْ مِنْ نَكِيرٍ",
      "verseStringB": "Respond to your Lord before the coming of a Day from Allah that cannot be turned back. You will have no refuge on that Day, nor any means of denial."
    },
    {
      "verseNumber": 48,
      "verseString": "فَإِنْ أَعْرَضُوا فَمَا أَرْسَلْنَاكَ عَلَيْهِمْ حَفِيظًا ۖ إِنْ عَلَيْكَ إِلَّا الْبَلَاغُ ۗ وَإِنَّا إِذَا أَذَقْنَا الْإِنْسَانَ مِنَّا رَحْمَةً فَرِحَ بِهَا ۖ وَإِنْ تُصِبْهُمْ سَيِّئَةٌ بِمَا قَدَّمَتْ أَيْدِيهِمْ فَإِنَّ الْإِنْسَانَ كَفُورٌ",
      "verseStringB": "But if they turn away—We did not send you as a guardian over them. Your duty is only to deliver. And when We make the human being taste mercy from Us, he rejoices in it. But when harm afflicts them, because of what their hands have perpetrated, the human being turns blasphemous."
    },
    {
      "verseNumber": 49,
      "verseString": "لِلَّهِ مُلْكُ السَّمَاوَاتِ وَالْأَرْضِ ۚ يَخْلُقُ مَا يَشَاءُ ۚ يَهَبُ لِمَنْ يَشَاءُ إِنَاثًا وَيَهَبُ لِمَنْ يَشَاءُ الذُّكُورَ",
      "verseStringB": "To Allah belongs the kingdom of the heavens and the earth. He creates whatever He wills. He grants females to whomever He wills, and He grants males to whomever He wills."
    },
    {
      "verseNumber": 50,
      "verseString": "أَوْ يُزَوِّجُهُمْ ذُكْرَانًا وَإِنَاثًا ۖ وَيَجْعَلُ مَنْ يَشَاءُ عَقِيمًا ۚ إِنَّهُ عَلِيمٌ قَدِيرٌ",
      "verseStringB": "Or He combines them, males and females; and He renders whomever He wills infertile. He is Knowledgeable and Capable."
    },
    {
      "verseNumber": 51,
      "verseString": "وَمَا كَانَ لِبَشَرٍ أَنْ يُكَلِّمَهُ اللَّهُ إِلَّا وَحْيًا أَوْ مِنْ وَرَاءِ حِجَابٍ أَوْ يُرْسِلَ رَسُولًا فَيُوحِيَ بِإِذْنِهِ مَا يَشَاءُ ۚ إِنَّهُ عَلِيٌّ حَكِيمٌ",
      "verseStringB": "It is not for any human being that Allah should speak to him, except by inspiration, or from behind a veil, or by sending a messenger to reveal whatever He wills by His leave. He is Superior and Wise."
    },
    {
      "verseNumber": 52,
      "verseString": "وَكَذَٰلِكَ أَوْحَيْنَا إِلَيْكَ رُوحًا مِنْ أَمْرِنَا ۚ مَا كُنْتَ تَدْرِي مَا الْكِتَابُ وَلَا الْإِيمَانُ وَلَٰكِنْ جَعَلْنَاهُ نُورًا نَهْدِي بِهِ مَنْ نَشَاءُ مِنْ عِبَادِنَا ۚ وَإِنَّكَ لَتَهْدِي إِلَىٰ صِرَاطٍ مُسْتَقِيمٍ",
      "verseStringB": "We thus inspired in you a Spirit by Our command. You did not know what Scripture was, nor what faith was. But We made it a light, guiding with it whom We will of Our servants. You surely guide to a straight path."
    },
    {
      "verseNumber": 53,
      "verseString": "صِرَاطِ اللَّهِ الَّذِي لَهُ مَا فِي السَّمَاوَاتِ وَمَا فِي الْأَرْضِ ۗ أَلَا إِلَى اللَّهِ تَصِيرُ الْأُمُورُ",
      "verseStringB": "The path of Allah, to Whom belongs everything in the heavens and everything on earth. Surely, to Allah, all matters revert."
    }
  ],
  "nameEnglish": "Consultation",
  "nameTrans": "ash-Shura",
  "nameArabic": "الشورى",
  "chapterNumber": 42,
  "nVerses": 53
}