{
  "verses": [
    {
      "verseNumber": 0,
      "verseString": "بِسْمِ اللَّهِ الرَّحْمَٰنِ الرَّحِيمِ",
      "verseStringB": "In the name of Allah, the Compassionate, the Merciful."
    },
    {
      "verseNumber": 1,
      "verseString": "حم",
      "verseStringB": "Ha. Meem."
    },
    {
      "verseNumber": 2,
      "verseString": "وَالْكِتَابِ الْمُبِينِ",
      "verseStringB": "By the Enlightening Scripture."
    },
    {
      "verseNumber": 3,
      "verseString": "إِنَّا أَنْزَلْنَاهُ فِي لَيْلَةٍ مُبَارَكَةٍ ۚ إِنَّا كُنَّا مُنْذِرِينَ",
      "verseStringB": "We revealed it on a Blessed Night—We have been warning."
    },
    {
      "verseNumber": 4,
      "verseString": "فِيهَا يُفْرَقُ كُلُّ أَمْرٍ حَكِيمٍ",
      "verseStringB": "In it, every wise command is made distinct."
    },
    {
      "verseNumber": 5,
      "verseString": "أَمْرًا مِنْ عِنْدِنَا ۚ إِنَّا كُنَّا مُرْسِلِينَ",
      "verseStringB": "A command from Us. We have been sending messages."
    },
    {
      "verseNumber": 6,
      "verseString": "رَحْمَةً مِنْ رَبِّكَ ۚ إِنَّهُ هُوَ السَّمِيعُ الْعَلِيمُ",
      "verseStringB": "As mercy from your Lord. He is the Hearer, the Knower."
    },
    {
      "verseNumber": 7,
      "verseString": "رَبِّ السَّمَاوَاتِ وَالْأَرْضِ وَمَا بَيْنَهُمَا ۖ إِنْ كُنْتُمْ مُوقِنِينَ",
      "verseStringB": "Lord of the heavens and the earth and everything between them, if you are certain."
    },
    {
      "verseNumber": 8,
      "verseString": "لَا إِلَٰهَ إِلَّا هُوَ يُحْيِي وَيُمِيتُ ۖ رَبُّكُمْ وَرَبُّ آبَائِكُمُ الْأَوَّلِينَ",
      "verseStringB": "There is no god except He. He gives life, and He causes death. Your Lord and Lord of your earliest ancestors."
    },
    {
      "verseNumber": 9,
      "verseString": "بَلْ هُمْ فِي شَكٍّ يَلْعَبُونَ",
      "verseStringB": "Yet they play around in doubt."
    },
    {
      "verseNumber": 10,
      "verseString": "فَارْتَقِبْ يَوْمَ تَأْتِي السَّمَاءُ بِدُخَانٍ مُبِينٍ",
      "verseStringB": "So watch for the Day when the sky produces a visible smoke."
    },
    {
      "verseNumber": 11,
      "verseString": "يَغْشَى النَّاسَ ۖ هَٰذَا عَذَابٌ أَلِيمٌ",
      "verseStringB": "Enveloping humanity. This is a painful punishment."
    },
    {
      "verseNumber": 12,
      "verseString": "رَبَّنَا اكْشِفْ عَنَّا الْعَذَابَ إِنَّا مُؤْمِنُونَ",
      "verseStringB": "“Our Lord, lift the suffering from us, we are believers.”"
    },
    {
      "verseNumber": 13,
      "verseString": "أَنَّىٰ لَهُمُ الذِّكْرَىٰ وَقَدْ جَاءَهُمْ رَسُولٌ مُبِينٌ",
      "verseStringB": "How can there be a reminder for them, and an enlightening messenger has come to them."
    },
    {
      "verseNumber": 14,
      "verseString": "ثُمَّ تَوَلَّوْا عَنْهُ وَقَالُوا مُعَلَّمٌ مَجْنُونٌ",
      "verseStringB": "But they turned away from him, and said, “Educated, but crazy.”"
    },
    {
      "verseNumber": 15,
      "verseString": "إِنَّا كَاشِفُو الْعَذَابِ قَلِيلًا ۚ إِنَّكُمْ عَائِدُونَ",
      "verseStringB": "We will postpone the punishment for a while, but you will return."
    },
    {
      "verseNumber": 16,
      "verseString": "يَوْمَ نَبْطِشُ الْبَطْشَةَ الْكُبْرَىٰ إِنَّا مُنْتَقِمُونَ",
      "verseStringB": "On the Day when We launch the Great Assault—We will avenge."
    },
    {
      "verseNumber": 17,
      "verseString": "وَلَقَدْ فَتَنَّا قَبْلَهُمْ قَوْمَ فِرْعَوْنَ وَجَاءَهُمْ رَسُولٌ كَرِيمٌ",
      "verseStringB": "We tested the people of Pharaoh before them: a noble messenger came to them."
    },
    {
      "verseNumber": 18,
      "verseString": "أَنْ أَدُّوا إِلَيَّ عِبَادَ اللَّهِ ۖ إِنِّي لَكُمْ رَسُولٌ أَمِينٌ",
      "verseStringB": "“Hand over the servants of Allah to me. I am a trustworthy messenger to you.”"
    },
    {
      "verseNumber": 19,
      "verseString": "وَأَنْ لَا تَعْلُوا عَلَى اللَّهِ ۖ إِنِّي آتِيكُمْ بِسُلْطَانٍ مُبِينٍ",
      "verseStringB": "And, “Do not exalt yourselves above Allah. I come to you with clear authority."
    },
    {
      "verseNumber": 20,
      "verseString": "وَإِنِّي عُذْتُ بِرَبِّي وَرَبِّكُمْ أَنْ تَرْجُمُونِ",
      "verseStringB": "And I have sought refuge in my Lord and your Lord, lest you condemn me."
    },
    {
      "verseNumber": 21,
      "verseString": "وَإِنْ لَمْ تُؤْمِنُوا لِي فَاعْتَزِلُونِ",
      "verseStringB": "But if you do not believe in me, then keep away from me.”"
    },
    {
      "verseNumber": 22,
      "verseString": "فَدَعَا رَبَّهُ أَنَّ هَٰؤُلَاءِ قَوْمٌ مُجْرِمُونَ",
      "verseStringB": "Then he then appealed to his Lord: “These are guilty people.”"
    },
    {
      "verseNumber": 23,
      "verseString": "فَأَسْرِ بِعِبَادِي لَيْلًا إِنَّكُمْ مُتَّبَعُونَ",
      "verseStringB": "“Set out with My servants by night—you will be followed."
    },
    {
      "verseNumber": 24,
      "verseString": "وَاتْرُكِ الْبَحْرَ رَهْوًا ۖ إِنَّهُمْ جُنْدٌ مُغْرَقُونَ",
      "verseStringB": "And cross the sea quickly—they are an army to be drowned.”"
    },
    {
      "verseNumber": 25,
      "verseString": "كَمْ تَرَكُوا مِنْ جَنَّاتٍ وَعُيُونٍ",
      "verseStringB": "How many gardens and fountains did they leave behind?"
    },
    {
      "verseNumber": 26,
      "verseString": "وَزُرُوعٍ وَمَقَامٍ كَرِيمٍ",
      "verseStringB": "And plantations, and splendid residences."
    },
    {
      "verseNumber": 27,
      "verseString": "وَنَعْمَةٍ كَانُوا فِيهَا فَاكِهِينَ",
      "verseStringB": "And luxuries they used to enjoy."
    },
    {
      "verseNumber": 28,
      "verseString": "كَذَٰلِكَ ۖ وَأَوْرَثْنَاهَا قَوْمًا آخَرِينَ",
      "verseStringB": "So it was. And We passed it on to another people."
    },
    {
      "verseNumber": 29,
      "verseString": "فَمَا بَكَتْ عَلَيْهِمُ السَّمَاءُ وَالْأَرْضُ وَمَا كَانُوا مُنْظَرِينَ",
      "verseStringB": "Neither heaven nor earth wept over them, nor were they delayed."
    },
    {
      "verseNumber": 30,
      "verseString": "وَلَقَدْ نَجَّيْنَا بَنِي إِسْرَائِيلَ مِنَ الْعَذَابِ الْمُهِينِ",
      "verseStringB": "And We saved the Children of Israel from the humiliating persecution."
    },
    {
      "verseNumber": 31,
      "verseString": "مِنْ فِرْعَوْنَ ۚ إِنَّهُ كَانَ عَالِيًا مِنَ الْمُسْرِفِينَ",
      "verseStringB": "From Pharaoh. He was a tyrant, a transgressor."
    },
    {
      "verseNumber": 32,
      "verseString": "وَلَقَدِ اخْتَرْنَاهُمْ عَلَىٰ عِلْمٍ عَلَى الْعَالَمِينَ",
      "verseStringB": "And We chose them knowingly over all people."
    },
    {
      "verseNumber": 33,
      "verseString": "وَآتَيْنَاهُمْ مِنَ الْآيَاتِ مَا فِيهِ بَلَاءٌ مُبِينٌ",
      "verseStringB": "And We gave them many signs in which was an obvious trial."
    },
    {
      "verseNumber": 34,
      "verseString": "إِنَّ هَٰؤُلَاءِ لَيَقُولُونَ",
      "verseStringB": "Yet these say:"
    },
    {
      "verseNumber": 35,
      "verseString": "إِنْ هِيَ إِلَّا مَوْتَتُنَا الْأُولَىٰ وَمَا نَحْنُ بِمُنْشَرِينَ",
      "verseStringB": "“There is nothing beyond our first death, and we will not be resurrected."
    },
    {
      "verseNumber": 36,
      "verseString": "فَأْتُوا بِآبَائِنَا إِنْ كُنْتُمْ صَادِقِينَ",
      "verseStringB": "Bring back our ancestors, if you are truthful.”"
    },
    {
      "verseNumber": 37,
      "verseString": "أَهُمْ خَيْرٌ أَمْ قَوْمُ تُبَّعٍ وَالَّذِينَ مِنْ قَبْلِهِمْ ۚ أَهْلَكْنَاهُمْ ۖ إِنَّهُمْ كَانُوا مُجْرِمِينَ",
      "verseStringB": "Are they better, or the people of Tubba and those before them? We annihilated them. They were guilty."
    },
    {
      "verseNumber": 38,
      "verseString": "وَمَا خَلَقْنَا السَّمَاوَاتِ وَالْأَرْضَ وَمَا بَيْنَهُمَا لَاعِبِينَ",
      "verseStringB": "We did not create the heavens and the earth and what is between them in play."
    },
    {
      "verseNumber": 39,
      "verseString": "مَا خَلَقْنَاهُمَا إِلَّا بِالْحَقِّ وَلَٰكِنَّ أَكْثَرَهُمْ لَا يَعْلَمُونَ",
      "verseStringB": "We only created them for a purpose, but most of them do not know."
    },
    {
      "verseNumber": 40,
      "verseString": "إِنَّ يَوْمَ الْفَصْلِ مِيقَاتُهُمْ أَجْمَعِينَ",
      "verseStringB": "The Day of Sorting Out is the time appointed for all."
    },
    {
      "verseNumber": 41,
      "verseString": "يَوْمَ لَا يُغْنِي مَوْلًى عَنْ مَوْلًى شَيْئًا وَلَا هُمْ يُنْصَرُونَ",
      "verseStringB": "The Day when no friend will avail a friend in any way, and they will not be helped."
    },
    {
      "verseNumber": 42,
      "verseString": "إِلَّا مَنْ رَحِمَ اللَّهُ ۚ إِنَّهُ هُوَ الْعَزِيزُ الرَّحِيمُ",
      "verseStringB": "Except those on whom Allah has mercy. He is the Powerful, the Merciful."
    },
    {
      "verseNumber": 43,
      "verseString": "إِنَّ شَجَرَتَ الزَّقُّومِ",
      "verseStringB": "The Tree of Bitterness."
    },
    {
      "verseNumber": 44,
      "verseString": "طَعَامُ الْأَثِيمِ",
      "verseStringB": "The food of the sinful."
    },
    {
      "verseNumber": 45,
      "verseString": "كَالْمُهْلِ يَغْلِي فِي الْبُطُونِ",
      "verseStringB": "Like molten lead—boiling inside the bellies."
    },
    {
      "verseNumber": 46,
      "verseString": "كَغَلْيِ الْحَمِيمِ",
      "verseStringB": "Like the boiling of seething water."
    },
    {
      "verseNumber": 47,
      "verseString": "خُذُوهُ فَاعْتِلُوهُ إِلَىٰ سَوَاءِ الْجَحِيمِ",
      "verseStringB": "Seize him and drag him into the depths of Hell."
    },
    {
      "verseNumber": 48,
      "verseString": "ثُمَّ صُبُّوا فَوْقَ رَأْسِهِ مِنْ عَذَابِ الْحَمِيمِ",
      "verseStringB": "Then pour over his head the suffering of the Inferno."
    },
    {
      "verseNumber": 49,
      "verseString": "ذُقْ إِنَّكَ أَنْتَ الْعَزِيزُ الْكَرِيمُ",
      "verseStringB": "Taste! You who were powerful and noble."
    },
    {
      "verseNumber": 50,
      "verseString": "إِنَّ هَٰذَا مَا كُنْتُمْ بِهِ تَمْتَرُونَ",
      "verseStringB": "This is what you used to doubt."
    },
    {
      "verseNumber": 51,
      "verseString": "إِنَّ الْمُتَّقِينَ فِي مَقَامٍ أَمِينٍ",
      "verseStringB": "But the righteous will be in a secure place."
    },
    {
      "verseNumber": 52,
      "verseString": "فِي جَنَّاتٍ وَعُيُونٍ",
      "verseStringB": "Amid Gardens and springs."
    },
    {
      "verseNumber": 53,
      "verseString": "يَلْبَسُونَ مِنْ سُنْدُسٍ وَإِسْتَبْرَقٍ مُتَقَابِلِينَ",
      "verseStringB": "Dressed in fine silk and rich brocade, facing one another."
    },
    {
      "verseNumber": 54,
      "verseString": "كَذَٰلِكَ وَزَوَّجْنَاهُمْ بِحُورٍ عِينٍ",
      "verseStringB": "So it will be. And We will pair them with lovely companions."
    },
    {
      "verseNumber": 55,
      "verseString": "يَدْعُونَ فِيهَا بِكُلِّ فَاكِهَةٍ آمِنِينَ",
      "verseStringB": "In it, they call for every fruit, in serenity."
    },
    {
      "verseNumber": 56,
      "verseString": "لَا يَذُوقُونَ فِيهَا الْمَوْتَ إِلَّا الْمَوْتَةَ الْأُولَىٰ ۖ وَوَقَاهُمْ عَذَابَ الْجَحِيمِ",
      "verseStringB": "They will taste no death in it, except the first death. And He will protect them from the suffering of the Blaze."
    },
    {
      "verseNumber": 57,
      "verseString": "فَضْلًا مِنْ رَبِّكَ ۚ ذَٰلِكَ هُوَ الْفَوْزُ الْعَظِيمُ",
      "verseStringB": "A grace from your Lord. That is the ultimate success."
    },
    {
      "verseNumber": 58,
      "verseString": "فَإِنَّمَا يَسَّرْنَاهُ بِلِسَانِكَ لَعَلَّهُمْ يَتَذَكَّرُونَ",
      "verseStringB": "We made it easy in your language, so that they may remember."
    },
    {
      "verseNumber": 59,
      "verseString": "فَارْتَقِبْ إِنَّهُمْ مُرْتَقِبُونَ",
      "verseStringB": "So be on the watch. They too are on the watch."
    }
  ],
  "nameEnglish": "Smoke",
  "nameTrans": "ad-Dukhan",
  "nameArabic": "الدخان",
  "chapterNumber": 44,
  "nVerses": 59
}