{
  "verses": [
    {
      "verseNumber": 0,
      "verseString": "بِسْمِ اللَّهِ الرَّحْمَٰنِ الرَّحِيمِ",
      "verseStringB": "In the name of Allah, the Compassionate, the Merciful."
    },
    {
      "verseNumber": 1,
      "verseString": "الرَّحْمَٰنُ",
      "verseStringB": "The Compassionate."
    },
    {
      "verseNumber": 2,
      "verseString": "عَلَّمَ الْقُرْآنَ",
      "verseStringB": "Has taught the Quran."
    },
    {
      "verseNumber": 3,
      "verseString": "خَلَقَ الْإِنْسَانَ",
      "verseStringB": "He created the human being."
    },
    {
      "verseNumber": 4,
      "verseString": "عَلَّمَهُ الْبَيَانَ",
      "verseStringB": "And taught him clear expression."
    },
    {
      "verseNumber": 5,
      "verseString": "الشَّمْسُ وَالْقَمَرُ بِحُسْبَانٍ",
      "verseStringB": "The sun and the moon—by calculations."
    },
    {
      "verseNumber": 6,
      "verseString": "وَالنَّجْمُ وَالشَّجَرُ يَسْجُدَانِ",
      "verseStringB": "And the stars and the trees prostrate."
    },
    {
      "verseNumber": 7,
      "verseString": "وَالسَّمَاءَ رَفَعَهَا وَوَضَعَ الْمِيزَانَ",
      "verseStringB": "And the sky, He raised. And He set up the balance."
    },
    {
      "verseNumber": 8,
      "verseString": "أَلَّا تَطْغَوْا فِي الْمِيزَانِ",
      "verseStringB": "So do not transgress in the balance."
    },
    {
      "verseNumber": 9,
      "verseString": "وَأَقِيمُوا الْوَزْنَ بِالْقِسْطِ وَلَا تُخْسِرُوا الْمِيزَانَ",
      "verseStringB": "But maintain the weights with justice. And do not violate the balance."
    },
    {
      "verseNumber": 10,
      "verseString": "وَالْأَرْضَ وَضَعَهَا لِلْأَنَامِ",
      "verseStringB": "And the earth—He set it up for the creatures."
    },
    {
      "verseNumber": 11,
      "verseString": "فِيهَا فَاكِهَةٌ وَالنَّخْلُ ذَاتُ الْأَكْمَامِ",
      "verseStringB": "In it are fruits and date-palms in clusters."
    },
    {
      "verseNumber": 12,
      "verseString": "وَالْحَبُّ ذُو الْعَصْفِ وَالرَّيْحَانُ",
      "verseStringB": "And grains in the blades, and fragrant plants."
    },
    {
      "verseNumber": 13,
      "verseString": "فَبِأَيِّ آلَاءِ رَبِّكُمَا تُكَذِّبَانِ",
      "verseStringB": "So which of your Lord’s marvels will you deny?"
    },
    {
      "verseNumber": 14,
      "verseString": "خَلَقَ الْإِنْسَانَ مِنْ صَلْصَالٍ كَالْفَخَّارِ",
      "verseStringB": "He created the human being from hard clay, like bricks."
    },
    {
      "verseNumber": 15,
      "verseString": "وَخَلَقَ الْجَانَّ مِنْ مَارِجٍ مِنْ نَارٍ",
      "verseStringB": "And He created the jinn from a fusion of fire."
    },
    {
      "verseNumber": 16,
      "verseString": "فَبِأَيِّ آلَاءِ رَبِّكُمَا تُكَذِّبَانِ",
      "verseStringB": "So which of your Lord’s marvels will you deny?"
    },
    {
      "verseNumber": 17,
      "verseString": "رَبُّ الْمَشْرِقَيْنِ وَرَبُّ الْمَغْرِبَيْنِ",
      "verseStringB": "Lord of the two sunrises and Lord of the two sunsets."
    },
    {
      "verseNumber": 18,
      "verseString": "فَبِأَيِّ آلَاءِ رَبِّكُمَا تُكَذِّبَانِ",
      "verseStringB": "So which of your Lord’s marvels will you deny?"
    },
    {
      "verseNumber": 19,
      "verseString": "مَرَجَ الْبَحْرَيْنِ يَلْتَقِيَانِ",
      "verseStringB": "He merged the two bodies of water, converging together."
    },
    {
      "verseNumber": 20,
      "verseString": "بَيْنَهُمَا بَرْزَخٌ لَا يَبْغِيَانِ",
      "verseStringB": "Between them is a barrier that they do not overrun."
    },
    {
      "verseNumber": 21,
      "verseString": "فَبِأَيِّ آلَاءِ رَبِّكُمَا تُكَذِّبَانِ",
      "verseStringB": "So which of your Lord’s marvels will you deny?"
    },
    {
      "verseNumber": 22,
      "verseString": "يَخْرُجُ مِنْهُمَا اللُّؤْلُؤُ وَالْمَرْجَانُ",
      "verseStringB": "From them emerge pearls and coral."
    },
    {
      "verseNumber": 23,
      "verseString": "فَبِأَيِّ آلَاءِ رَبِّكُمَا تُكَذِّبَانِ",
      "verseStringB": "So which of your Lord’s marvels will you deny?"
    },
    {
      "verseNumber": 24,
      "verseString": "وَلَهُ الْجَوَارِ الْمُنْشَآتُ فِي الْبَحْرِ كَالْأَعْلَامِ",
      "verseStringB": "His are the ships, raised above the sea like landmarks."
    },
    {
      "verseNumber": 25,
      "verseString": "فَبِأَيِّ آلَاءِ رَبِّكُمَا تُكَذِّبَانِ",
      "verseStringB": "So which of your Lord’s marvels will you deny?"
    },
    {
      "verseNumber": 26,
      "verseString": "كُلُّ مَنْ عَلَيْهَا فَانٍ",
      "verseStringB": "Everyone on it is perishing."
    },
    {
      "verseNumber": 27,
      "verseString": "وَيَبْقَىٰ وَجْهُ رَبِّكَ ذُو الْجَلَالِ وَالْإِكْرَامِ",
      "verseStringB": "But will remain the Presence of your Lord, Full of Majesty and Splendor."
    },
    {
      "verseNumber": 28,
      "verseString": "فَبِأَيِّ آلَاءِ رَبِّكُمَا تُكَذِّبَانِ",
      "verseStringB": "So which of your Lord’s marvels will you deny?"
    },
    {
      "verseNumber": 29,
      "verseString": "يَسْأَلُهُ مَنْ فِي السَّمَاوَاتِ وَالْأَرْضِ ۚ كُلَّ يَوْمٍ هُوَ فِي شَأْنٍ",
      "verseStringB": "Everyone in the heavens and the earth asks Him. Every day He is managing."
    },
    {
      "verseNumber": 30,
      "verseString": "فَبِأَيِّ آلَاءِ رَبِّكُمَا تُكَذِّبَانِ",
      "verseStringB": "So which of your Lord’s marvels will you deny?"
    },
    {
      "verseNumber": 31,
      "verseString": "سَنَفْرُغُ لَكُمْ أَيُّهَ الثَّقَلَانِ",
      "verseStringB": "We will attend to you, O burdensome two."
    },
    {
      "verseNumber": 32,
      "verseString": "فَبِأَيِّ آلَاءِ رَبِّكُمَا تُكَذِّبَانِ",
      "verseStringB": "So which of your Lord’s marvels will you deny?"
    },
    {
      "verseNumber": 33,
      "verseString": "يَا مَعْشَرَ الْجِنِّ وَالْإِنْسِ إِنِ اسْتَطَعْتُمْ أَنْ تَنْفُذُوا مِنْ أَقْطَارِ السَّمَاوَاتِ وَالْأَرْضِ فَانْفُذُوا ۚ لَا تَنْفُذُونَ إِلَّا بِسُلْطَانٍ",
      "verseStringB": "O society of jinn and humans! If you can penetrate beyond the realms of the heavens and the earth, go ahead and penetrate. But you cannot penetrate except with authorization."
    },
    {
      "verseNumber": 34,
      "verseString": "فَبِأَيِّ آلَاءِ رَبِّكُمَا تُكَذِّبَانِ",
      "verseStringB": "So which of your Lord’s marvels will you deny?"
    },
    {
      "verseNumber": 35,
      "verseString": "يُرْسَلُ عَلَيْكُمَا شُوَاظٌ مِنْ نَارٍ وَنُحَاسٌ فَلَا تَنْتَصِرَانِ",
      "verseStringB": "You will be bombarded with flares of fire and brass, and you will not succeed."
    },
    {
      "verseNumber": 36,
      "verseString": "فَبِأَيِّ آلَاءِ رَبِّكُمَا تُكَذِّبَانِ",
      "verseStringB": "So which of your Lord’s marvels will you deny?"
    },
    {
      "verseNumber": 37,
      "verseString": "فَإِذَا انْشَقَّتِ السَّمَاءُ فَكَانَتْ وَرْدَةً كَالدِّهَانِ",
      "verseStringB": "When the sky splits apart, and it becomes a rose, like paint."
    },
    {
      "verseNumber": 38,
      "verseString": "فَبِأَيِّ آلَاءِ رَبِّكُمَا تُكَذِّبَانِ",
      "verseStringB": "So which of your Lord’s marvels will you deny?"
    },
    {
      "verseNumber": 39,
      "verseString": "فَيَوْمَئِذٍ لَا يُسْأَلُ عَنْ ذَنْبِهِ إِنْسٌ وَلَا جَانٌّ",
      "verseStringB": "On that day, no human and no jinn will be asked about his sin."
    },
    {
      "verseNumber": 40,
      "verseString": "فَبِأَيِّ آلَاءِ رَبِّكُمَا تُكَذِّبَانِ",
      "verseStringB": "So which of your Lord’s marvels will you deny?"
    },
    {
      "verseNumber": 41,
      "verseString": "يُعْرَفُ الْمُجْرِمُونَ بِسِيمَاهُمْ فَيُؤْخَذُ بِالنَّوَاصِي وَالْأَقْدَامِ",
      "verseStringB": "The guilty will be recognized by their marks; they will be seized by the forelocks and the feet."
    },
    {
      "verseNumber": 42,
      "verseString": "فَبِأَيِّ آلَاءِ رَبِّكُمَا تُكَذِّبَانِ",
      "verseStringB": "So which of your Lord’s marvels will you deny?"
    },
    {
      "verseNumber": 43,
      "verseString": "هَٰذِهِ جَهَنَّمُ الَّتِي يُكَذِّبُ بِهَا الْمُجْرِمُونَ",
      "verseStringB": "This is Hell that the criminals denied."
    },
    {
      "verseNumber": 44,
      "verseString": "يَطُوفُونَ بَيْنَهَا وَبَيْنَ حَمِيمٍ آنٍ",
      "verseStringB": "They circulate between it and between a seething bath."
    },
    {
      "verseNumber": 45,
      "verseString": "فَبِأَيِّ آلَاءِ رَبِّكُمَا تُكَذِّبَانِ",
      "verseStringB": "So which of your Lord’s marvels will you deny?"
    },
    {
      "verseNumber": 46,
      "verseString": "وَلِمَنْ خَافَ مَقَامَ رَبِّهِ جَنَّتَانِ",
      "verseStringB": "But for anyone who feared his Lord’s position, there are two Gardens."
    },
    {
      "verseNumber": 47,
      "verseString": "فَبِأَيِّ آلَاءِ رَبِّكُمَا تُكَذِّبَانِ",
      "verseStringB": "So which of your Lord’s marvels will you deny?"
    },
    {
      "verseNumber": 48,
      "verseString": "ذَوَاتَا أَفْنَانٍ",
      "verseStringB": "Full of varieties."
    },
    {
      "verseNumber": 49,
      "verseString": "فَبِأَيِّ آلَاءِ رَبِّكُمَا تُكَذِّبَانِ",
      "verseStringB": "So which of your Lord’s marvels will you deny?"
    },
    {
      "verseNumber": 50,
      "verseString": "فِيهِمَا عَيْنَانِ تَجْرِيَانِ",
      "verseStringB": "In them are two flowing springs."
    },
    {
      "verseNumber": 51,
      "verseString": "فَبِأَيِّ آلَاءِ رَبِّكُمَا تُكَذِّبَانِ",
      "verseStringB": "So which of your Lord’s marvels will you deny?"
    },
    {
      "verseNumber": 52,
      "verseString": "فِيهِمَا مِنْ كُلِّ فَاكِهَةٍ زَوْجَانِ",
      "verseStringB": "In them are fruits of every kind, in pairs."
    },
    {
      "verseNumber": 53,
      "verseString": "فَبِأَيِّ آلَاءِ رَبِّكُمَا تُكَذِّبَانِ",
      "verseStringB": "So which of your Lord’s marvels will you deny?"
    },
    {
      "verseNumber": 54,
      "verseString": "مُتَّكِئِينَ عَلَىٰ فُرُشٍ بَطَائِنُهَا مِنْ إِسْتَبْرَقٍ ۚ وَجَنَى الْجَنَّتَيْنِ دَانٍ",
      "verseStringB": "Reclining on furnishings lined with brocade, and the fruits of the two Gardens are near at hand."
    },
    {
      "verseNumber": 55,
      "verseString": "فَبِأَيِّ آلَاءِ رَبِّكُمَا تُكَذِّبَانِ",
      "verseStringB": "So which of your Lord’s marvels will you deny?"
    },
    {
      "verseNumber": 56,
      "verseString": "فِيهِنَّ قَاصِرَاتُ الطَّرْفِ لَمْ يَطْمِثْهُنَّ إِنْسٌ قَبْلَهُمْ وَلَا جَانٌّ",
      "verseStringB": "In them are maidens of modest gaze, untouched before by any human or jinn."
    },
    {
      "verseNumber": 57,
      "verseString": "فَبِأَيِّ آلَاءِ رَبِّكُمَا تُكَذِّبَانِ",
      "verseStringB": "So which of your Lord’s marvels will you deny?"
    },
    {
      "verseNumber": 58,
      "verseString": "كَأَنَّهُنَّ الْيَاقُوتُ وَالْمَرْجَانُ",
      "verseStringB": "As though they were rubies and corals."
    },
    {
      "verseNumber": 59,
      "verseString": "فَبِأَيِّ آلَاءِ رَبِّكُمَا تُكَذِّبَانِ",
      "verseStringB": "So which of your Lord’s marvels will you deny?"
    },
    {
      "verseNumber": 60,
      "verseString": "هَلْ جَزَاءُ الْإِحْسَانِ إِلَّا الْإِحْسَانُ",
      "verseStringB": "Is the reward of goodness anything except goodness?"
    },
    {
      "verseNumber": 61,
      "verseString": "فَبِأَيِّ آلَاءِ رَبِّكُمَا تُكَذِّبَانِ",
      "verseStringB": "So which of your Lord’s marvels will you deny?"
    },
    {
      "verseNumber": 62,
      "verseString": "وَمِنْ دُونِهِمَا جَنَّتَانِ",
      "verseStringB": "And beyond them are two Gardens."
    },
    {
      "verseNumber": 63,
      "verseString": "فَبِأَيِّ آلَاءِ رَبِّكُمَا تُكَذِّبَانِ",
      "verseStringB": "So which of your Lord’s marvels will you deny?"
    },
    {
      "verseNumber": 64,
      "verseString": "مُدْهَامَّتَانِ",
      "verseStringB": "Deep green."
    },
    {
      "verseNumber": 65,
      "verseString": "فَبِأَيِّ آلَاءِ رَبِّكُمَا تُكَذِّبَانِ",
      "verseStringB": "So which of your Lord’s marvels will you deny?"
    },
    {
      "verseNumber": 66,
      "verseString": "فِيهِمَا عَيْنَانِ نَضَّاخَتَانِ",
      "verseStringB": "In them are two gushing springs."
    },
    {
      "verseNumber": 67,
      "verseString": "فَبِأَيِّ آلَاءِ رَبِّكُمَا تُكَذِّبَانِ",
      "verseStringB": "So which of your Lord’s marvels will you deny?"
    },
    {
      "verseNumber": 68,
      "verseString": "فِيهِمَا فَاكِهَةٌ وَنَخْلٌ وَرُمَّانٌ",
      "verseStringB": "In them are fruits, and date-palms, and pomegranates."
    },
    {
      "verseNumber": 69,
      "verseString": "فَبِأَيِّ آلَاءِ رَبِّكُمَا تُكَذِّبَانِ",
      "verseStringB": "So which of your Lord’s marvels will you deny?"
    },
    {
      "verseNumber": 70,
      "verseString": "فِيهِنَّ خَيْرَاتٌ حِسَانٌ",
      "verseStringB": "In them are good and beautiful ones."
    },
    {
      "verseNumber": 71,
      "verseString": "فَبِأَيِّ آلَاءِ رَبِّكُمَا تُكَذِّبَانِ",
      "verseStringB": "So which of your Lord’s marvels will you deny?"
    },
    {
      "verseNumber": 72,
      "verseString": "حُورٌ مَقْصُورَاتٌ فِي الْخِيَامِ",
      "verseStringB": "Companions, secluded in the pavilions."
    },
    {
      "verseNumber": 73,
      "verseString": "فَبِأَيِّ آلَاءِ رَبِّكُمَا تُكَذِّبَانِ",
      "verseStringB": "So which of your Lord’s marvels will you deny?"
    },
    {
      "verseNumber": 74,
      "verseString": "لَمْ يَطْمِثْهُنَّ إِنْسٌ قَبْلَهُمْ وَلَا جَانٌّ",
      "verseStringB": "Whom no human has touched before, nor Jinn."
    },
    {
      "verseNumber": 75,
      "verseString": "فَبِأَيِّ آلَاءِ رَبِّكُمَا تُكَذِّبَانِ",
      "verseStringB": "So which of your Lord’s marvels will you deny?"
    },
    {
      "verseNumber": 76,
      "verseString": "مُتَّكِئِينَ عَلَىٰ رَفْرَفٍ خُضْرٍ وَعَبْقَرِيٍّ حِسَانٍ",
      "verseStringB": "Reclining on green cushions, and exquisite wonders."
    },
    {
      "verseNumber": 77,
      "verseString": "فَبِأَيِّ آلَاءِ رَبِّكُمَا تُكَذِّبَانِ",
      "verseStringB": "So which of your Lord’s marvels will you deny?"
    },
    {
      "verseNumber": 78,
      "verseString": "تَبَارَكَ اسْمُ رَبِّكَ ذِي الْجَلَالِ وَالْإِكْرَامِ",
      "verseStringB": "Blessed is the Name of your Lord, Full of Majesty and Nobility."
    }
  ],
  "nameEnglish": "The Compassionate",
  "nameTrans": "ar-Rahman",
  "nameArabic": "الـرحـمـن",
  "chapterNumber": 55,
  "nVerses": 78
}