{
  "verses": [
    {
      "verseNumber": 0,
      "verseString": "بِسْمِ اللَّهِ الرَّحْمَٰنِ الرَّحِيمِ",
      "verseStringB": "In the name of Allah, the Compassionate, the Merciful."
    },
    {
      "verseNumber": 1,
      "verseString": "قَدْ سَمِعَ اللَّهُ قَوْلَ الَّتِي تُجَادِلُكَ فِي زَوْجِهَا وَتَشْتَكِي إِلَى اللَّهِ وَاللَّهُ يَسْمَعُ تَحَاوُرَكُمَا ۚ إِنَّ اللَّهَ سَمِيعٌ بَصِيرٌ",
      "verseStringB": "Allah has heard the statement of she who argued with you about her husband, as she complained to Allah. And Allah heard your conversation. Allah is Hearing and Seeing."
    },
    {
      "verseNumber": 2,
      "verseString": "الَّذِينَ يُظَاهِرُونَ مِنْكُمْ مِنْ نِسَائِهِمْ مَا هُنَّ أُمَّهَاتِهِمْ ۖ إِنْ أُمَّهَاتُهُمْ إِلَّا اللَّائِي وَلَدْنَهُمْ ۚ وَإِنَّهُمْ لَيَقُولُونَ مُنْكَرًا مِنَ الْقَوْلِ وَزُورًا ۚ وَإِنَّ اللَّهَ لَعَفُوٌّ غَفُورٌ",
      "verseStringB": "Those among you who estrange their wives by equating them with their mothers—they are not their mothers. None are their mothers except those who gave birth to them. What they say is wrong, and a blatant lie. But Allah is Pardoning, Forgiving."
    },
    {
      "verseNumber": 3,
      "verseString": "وَالَّذِينَ يُظَاهِرُونَ مِنْ نِسَائِهِمْ ثُمَّ يَعُودُونَ لِمَا قَالُوا فَتَحْرِيرُ رَقَبَةٍ مِنْ قَبْلِ أَنْ يَتَمَاسَّا ۚ ذَٰلِكُمْ تُوعَظُونَ بِهِ ۚ وَاللَّهُ بِمَا تَعْمَلُونَ خَبِيرٌ",
      "verseStringB": "Those who estrange their wives by equating them with their mothers, then go back on what they said, must set free a slave before they may touch one another. To that, you are counseled. Allah is aware of what you do."
    },
    {
      "verseNumber": 4,
      "verseString": "فَمَنْ لَمْ يَجِدْ فَصِيَامُ شَهْرَيْنِ مُتَتَابِعَيْنِ مِنْ قَبْلِ أَنْ يَتَمَاسَّا ۖ فَمَنْ لَمْ يَسْتَطِعْ فَإِطْعَامُ سِتِّينَ مِسْكِينًا ۚ ذَٰلِكَ لِتُؤْمِنُوا بِاللَّهِ وَرَسُولِهِ ۚ وَتِلْكَ حُدُودُ اللَّهِ ۗ وَلِلْكَافِرِينَ عَذَابٌ أَلِيمٌ",
      "verseStringB": "But whoever cannot find the means must fast for two consecutive months before they may touch one another. But if he is unable, then the feeding of sixty needy people. This is to affirm your faith in Allah and His Messenger. These are the limits set by Allah. And the unbelievers will have a painful punishment."
    },
    {
      "verseNumber": 5,
      "verseString": "إِنَّ الَّذِينَ يُحَادُّونَ اللَّهَ وَرَسُولَهُ كُبِتُوا كَمَا كُبِتَ الَّذِينَ مِنْ قَبْلِهِمْ ۚ وَقَدْ أَنْزَلْنَا آيَاتٍ بَيِّنَاتٍ ۚ وَلِلْكَافِرِينَ عَذَابٌ مُهِينٌ",
      "verseStringB": "Those who oppose Allah and His Messenger will be subdued, just like those before them were subdued. We have revealed explicit messages, and the unbelievers will have a demeaning punishment."
    },
    {
      "verseNumber": 6,
      "verseString": "يَوْمَ يَبْعَثُهُمُ اللَّهُ جَمِيعًا فَيُنَبِّئُهُمْ بِمَا عَمِلُوا ۚ أَحْصَاهُ اللَّهُ وَنَسُوهُ ۚ وَاللَّهُ عَلَىٰ كُلِّ شَيْءٍ شَهِيدٌ",
      "verseStringB": "On the Day when Allah resurrects them all together, and He informs them of what they did. Allah has kept count of it, but they have forgotten it. Allah is Witness over all things."
    },
    {
      "verseNumber": 7,
      "verseString": "أَلَمْ تَرَ أَنَّ اللَّهَ يَعْلَمُ مَا فِي السَّمَاوَاتِ وَمَا فِي الْأَرْضِ ۖ مَا يَكُونُ مِنْ نَجْوَىٰ ثَلَاثَةٍ إِلَّا هُوَ رَابِعُهُمْ وَلَا خَمْسَةٍ إِلَّا هُوَ سَادِسُهُمْ وَلَا أَدْنَىٰ مِنْ ذَٰلِكَ وَلَا أَكْثَرَ إِلَّا هُوَ مَعَهُمْ أَيْنَ مَا كَانُوا ۖ ثُمَّ يُنَبِّئُهُمْ بِمَا عَمِلُوا يَوْمَ الْقِيَامَةِ ۚ إِنَّ اللَّهَ بِكُلِّ شَيْءٍ عَلِيمٌ",
      "verseStringB": "Do you not realize that Allah knows everything in the heavens and everything on earth? There is no secret conversation between three, but He is their fourth; nor between five, but He is their sixth; nor less than that, nor more, but He is with them wherever they may be. Then, on the Day of Resurrection, He will inform them of what they did. Allah has knowledge of all things."
    },
    {
      "verseNumber": 8,
      "verseString": "أَلَمْ تَرَ إِلَى الَّذِينَ نُهُوا عَنِ النَّجْوَىٰ ثُمَّ يَعُودُونَ لِمَا نُهُوا عَنْهُ وَيَتَنَاجَوْنَ بِالْإِثْمِ وَالْعُدْوَانِ وَمَعْصِيَتِ الرَّسُولِ وَإِذَا جَاءُوكَ حَيَّوْكَ بِمَا لَمْ يُحَيِّكَ بِهِ اللَّهُ وَيَقُولُونَ فِي أَنْفُسِهِمْ لَوْلَا يُعَذِّبُنَا اللَّهُ بِمَا نَقُولُ ۚ حَسْبُهُمْ جَهَنَّمُ يَصْلَوْنَهَا ۖ فَبِئْسَ الْمَصِيرُ",
      "verseStringB": "Have you not noticed those who were prohibited from conspiring secretly, but then reverted to what they were prohibited from? They conspire to commit wrongdoing, aggression, and disobedience of the Messenger. And when they come to you, they greet you with a greeting Allah never greeted you with. And they say within themselves, “Why does Allah not punish us for what we say?” Hell is enough for them. They will roast in it. What a miserable destination."
    },
    {
      "verseNumber": 9,
      "verseString": "يَا أَيُّهَا الَّذِينَ آمَنُوا إِذَا تَنَاجَيْتُمْ فَلَا تَتَنَاجَوْا بِالْإِثْمِ وَالْعُدْوَانِ وَمَعْصِيَتِ الرَّسُولِ وَتَنَاجَوْا بِالْبِرِّ وَالتَّقْوَىٰ ۖ وَاتَّقُوا اللَّهَ الَّذِي إِلَيْهِ تُحْشَرُونَ",
      "verseStringB": "O you who believe! When you converse privately, do not converse in wrongdoing, aggression, or disobedience of the Messenger; but converse in virtue and piety. And fear Allah, to Whom you will be gathered."
    },
    {
      "verseNumber": 10,
      "verseString": "إِنَّمَا النَّجْوَىٰ مِنَ الشَّيْطَانِ لِيَحْزُنَ الَّذِينَ آمَنُوا وَلَيْسَ بِضَارِّهِمْ شَيْئًا إِلَّا بِإِذْنِ اللَّهِ ۚ وَعَلَى اللَّهِ فَلْيَتَوَكَّلِ الْمُؤْمِنُونَ",
      "verseStringB": "Conspiracies are from Satan, so that he may dishearten those who believe. But he cannot harm them whatsoever, except with Allah’s permission. So in Allah, let the believers put their trust."
    },
    {
      "verseNumber": 11,
      "verseString": "يَا أَيُّهَا الَّذِينَ آمَنُوا إِذَا قِيلَ لَكُمْ تَفَسَّحُوا فِي الْمَجَالِسِ فَافْسَحُوا يَفْسَحِ اللَّهُ لَكُمْ ۖ وَإِذَا قِيلَ انْشُزُوا فَانْشُزُوا يَرْفَعِ اللَّهُ الَّذِينَ آمَنُوا مِنْكُمْ وَالَّذِينَ أُوتُوا الْعِلْمَ دَرَجَاتٍ ۚ وَاللَّهُ بِمَا تَعْمَلُونَ خَبِيرٌ",
      "verseStringB": "O you who believe! When you are told to make room in gatherings, make room; Allah will make room for you. And when you are told to disperse, disperse. Allah elevates those among you who believe and those given knowledge, many steps. And Allah is Aware of what you do."
    },
    {
      "verseNumber": 12,
      "verseString": "يَا أَيُّهَا الَّذِينَ آمَنُوا إِذَا نَاجَيْتُمُ الرَّسُولَ فَقَدِّمُوا بَيْنَ يَدَيْ نَجْوَاكُمْ صَدَقَةً ۚ ذَٰلِكَ خَيْرٌ لَكُمْ وَأَطْهَرُ ۚ فَإِنْ لَمْ تَجِدُوا فَإِنَّ اللَّهَ غَفُورٌ رَحِيمٌ",
      "verseStringB": "O you who believe! When you consult the Messenger privately, give something in charity before your consultation. That is better for you, and purer. But if you lack the means—Allah is Forgiving and Merciful."
    },
    {
      "verseNumber": 13,
      "verseString": "أَأَشْفَقْتُمْ أَنْ تُقَدِّمُوا بَيْنَ يَدَيْ نَجْوَاكُمْ صَدَقَاتٍ ۚ فَإِذْ لَمْ تَفْعَلُوا وَتَابَ اللَّهُ عَلَيْكُمْ فَأَقِيمُوا الصَّلَاةَ وَآتُوا الزَّكَاةَ وَأَطِيعُوا اللَّهَ وَرَسُولَهُ ۚ وَاللَّهُ خَبِيرٌ بِمَا تَعْمَلُونَ",
      "verseStringB": "Are you reluctant to offer charity before your private consultations? Since you are unable to do so, and Allah has pardoned you, then perform the prayers, and give charitable gifts, and obey Allah and His Messenger. Allah is Aware of what you do."
    },
    {
      "verseNumber": 14,
      "verseString": "أَلَمْ تَرَ إِلَى الَّذِينَ تَوَلَّوْا قَوْمًا غَضِبَ اللَّهُ عَلَيْهِمْ مَا هُمْ مِنْكُمْ وَلَا مِنْهُمْ وَيَحْلِفُونَ عَلَى الْكَذِبِ وَهُمْ يَعْلَمُونَ",
      "verseStringB": "Have you considered those who befriend a people with whom Allah has become angry? They are not of you, nor of them. And they knowingly swear to lies."
    },
    {
      "verseNumber": 15,
      "verseString": "أَعَدَّ اللَّهُ لَهُمْ عَذَابًا شَدِيدًا ۖ إِنَّهُمْ سَاءَ مَا كَانُوا يَعْمَلُونَ",
      "verseStringB": "Allah has prepared for them a terrible punishment. Evil is what they used to do."
    },
    {
      "verseNumber": 16,
      "verseString": "اتَّخَذُوا أَيْمَانَهُمْ جُنَّةً فَصَدُّوا عَنْ سَبِيلِ اللَّهِ فَلَهُمْ عَذَابٌ مُهِينٌ",
      "verseStringB": "They took their oaths as a cover-up, and they prevented others from Allah’s path. They will have a humiliating punishment."
    },
    {
      "verseNumber": 17,
      "verseString": "لَنْ تُغْنِيَ عَنْهُمْ أَمْوَالُهُمْ وَلَا أَوْلَادُهُمْ مِنَ اللَّهِ شَيْئًا ۚ أُولَٰئِكَ أَصْحَابُ النَّارِ ۖ هُمْ فِيهَا خَالِدُونَ",
      "verseStringB": "Neither their wealth nor their children will avail them anything against Allah. These are the residents of the Fire, where they will remain forever."
    },
    {
      "verseNumber": 18,
      "verseString": "يَوْمَ يَبْعَثُهُمُ اللَّهُ جَمِيعًا فَيَحْلِفُونَ لَهُ كَمَا يَحْلِفُونَ لَكُمْ ۖ وَيَحْسَبُونَ أَنَّهُمْ عَلَىٰ شَيْءٍ ۚ أَلَا إِنَّهُمْ هُمُ الْكَاذِبُونَ",
      "verseStringB": "On the Day when Allah will resurrect them all. They will swear to Him, as they swear to you, thinking that they are upon something. They themselves are the liars."
    },
    {
      "verseNumber": 19,
      "verseString": "اسْتَحْوَذَ عَلَيْهِمُ الشَّيْطَانُ فَأَنْسَاهُمْ ذِكْرَ اللَّهِ ۚ أُولَٰئِكَ حِزْبُ الشَّيْطَانِ ۚ أَلَا إِنَّ حِزْبَ الشَّيْطَانِ هُمُ الْخَاسِرُونَ",
      "verseStringB": "Satan has taken hold of them, and so has caused them to forget the remembrance of Allah. These are the partisans of Satan. Unquestionably, it is Satan’s partisans who are the losers."
    },
    {
      "verseNumber": 20,
      "verseString": "إِنَّ الَّذِينَ يُحَادُّونَ اللَّهَ وَرَسُولَهُ أُولَٰئِكَ فِي الْأَذَلِّينَ",
      "verseStringB": "Those who oppose Allah and His Messenger are among the lowliest."
    },
    {
      "verseNumber": 21,
      "verseString": "كَتَبَ اللَّهُ لَأَغْلِبَنَّ أَنَا وَرُسُلِي ۚ إِنَّ اللَّهَ قَوِيٌّ عَزِيزٌ",
      "verseStringB": "Allah has written: “I will certainly prevail, I and My messengers.” Allah is Strong, Mighty."
    },
    {
      "verseNumber": 22,
      "verseString": "لَا تَجِدُ قَوْمًا يُؤْمِنُونَ بِاللَّهِ وَالْيَوْمِ الْآخِرِ يُوَادُّونَ مَنْ حَادَّ اللَّهَ وَرَسُولَهُ وَلَوْ كَانُوا آبَاءَهُمْ أَوْ أَبْنَاءَهُمْ أَوْ إِخْوَانَهُمْ أَوْ عَشِيرَتَهُمْ ۚ أُولَٰئِكَ كَتَبَ فِي قُلُوبِهِمُ الْإِيمَانَ وَأَيَّدَهُمْ بِرُوحٍ مِنْهُ ۖ وَيُدْخِلُهُمْ جَنَّاتٍ تَجْرِي مِنْ تَحْتِهَا الْأَنْهَارُ خَالِدِينَ فِيهَا ۚ رَضِيَ اللَّهُ عَنْهُمْ وَرَضُوا عَنْهُ ۚ أُولَٰئِكَ حِزْبُ اللَّهِ ۚ أَلَا إِنَّ حِزْبَ اللَّهِ هُمُ الْمُفْلِحُونَ",
      "verseStringB": "You will not find a people who believe in Allah and the Last Day, loving those who oppose Allah and His Messenger, even if they were their parents, or their children, or their siblings, or their close relatives. These: He has instilled faith in their hearts, and He has supported them with a Spirit from Him. And He will admit them into Gardens under which rivers flow, where they will dwell forever. Allah is pleased with them, and they are pleased with Him. These are the partisans of Allah. Unquestionably, it is Allah’s partisans who are the successful."
    }
  ],
  "nameEnglish": "The Argument",
  "nameTrans": "al-Mujadilah",
  "nameArabic": "الـمجادلـة",
  "chapterNumber": 58,
  "nVerses": 22
}