{
  "verses": [
    {
      "verseNumber": 0,
      "verseString": "بِسْمِ اللَّهِ الرَّحْمَٰنِ الرَّحِيمِ",
      "verseStringB": "In the name of Allah, the Compassionate, the Merciful."
    },
    {
      "verseNumber": 1,
      "verseString": "إِذَا جَاءَكَ الْمُنَافِقُونَ قَالُوا نَشْهَدُ إِنَّكَ لَرَسُولُ اللَّهِ ۗ وَاللَّهُ يَعْلَمُ إِنَّكَ لَرَسُولُهُ وَاللَّهُ يَشْهَدُ إِنَّ الْمُنَافِقِينَ لَكَاذِبُونَ",
      "verseStringB": "When the hypocrites come to you, they say, “We testify that you are Allah’s Messenger.” Yet Allah knows that you are His Messenger, and Allah testifies that the hypocrites are liars."
    },
    {
      "verseNumber": 2,
      "verseString": "اتَّخَذُوا أَيْمَانَهُمْ جُنَّةً فَصَدُّوا عَنْ سَبِيلِ اللَّهِ ۚ إِنَّهُمْ سَاءَ مَا كَانُوا يَعْمَلُونَ",
      "verseStringB": "They have taken their oaths as a shield, hindering others from Allah’s path. Evil is what they do."
    },
    {
      "verseNumber": 3,
      "verseString": "ذَٰلِكَ بِأَنَّهُمْ آمَنُوا ثُمَّ كَفَرُوا فَطُبِعَ عَلَىٰ قُلُوبِهِمْ فَهُمْ لَا يَفْقَهُونَ",
      "verseStringB": "That is because they believed and then disbelieved. So a seal was set upon their hearts, so they do not understand."
    },
    {
      "verseNumber": 4,
      "verseString": "وَإِذَا رَأَيْتَهُمْ تُعْجِبُكَ أَجْسَامُهُمْ ۖ وَإِنْ يَقُولُوا تَسْمَعْ لِقَوْلِهِمْ ۖ كَأَنَّهُمْ خُشُبٌ مُسَنَّدَةٌ ۖ يَحْسَبُونَ كُلَّ صَيْحَةٍ عَلَيْهِمْ ۚ هُمُ الْعَدُوُّ فَاحْذَرْهُمْ ۚ قَاتَلَهُمُ اللَّهُ ۖ أَنَّىٰ يُؤْفَكُونَ",
      "verseStringB": "And when you see them, their appearance impresses you. And when they speak, you listen to what they say. They are like propped-up timber. They think that every shout is aimed at them. They are the enemy, so beware of them. Allah destroy them; how deluded they are!"
    },
    {
      "verseNumber": 5,
      "verseString": "وَإِذَا قِيلَ لَهُمْ تَعَالَوْا يَسْتَغْفِرْ لَكُمْ رَسُولُ اللَّهِ لَوَّوْا رُءُوسَهُمْ وَرَأَيْتَهُمْ يَصُدُّونَ وَهُمْ مُسْتَكْبِرُونَ",
      "verseStringB": "And when it is said to them, “Come, the Messenger of Allah will ask forgiveness for you,” they turn their heads, and you see them turning away arrogantly."
    },
    {
      "verseNumber": 6,
      "verseString": "سَوَاءٌ عَلَيْهِمْ أَسْتَغْفَرْتَ لَهُمْ أَمْ لَمْ تَسْتَغْفِرْ لَهُمْ لَنْ يَغْفِرَ اللَّهُ لَهُمْ ۚ إِنَّ اللَّهَ لَا يَهْدِي الْقَوْمَ الْفَاسِقِينَ",
      "verseStringB": "It is the same for them, whether you ask forgiveness for them, or you do not ask forgiveness for them, Allah will not forgive them. Allah does not guide the disobedient people."
    },
    {
      "verseNumber": 7,
      "verseString": "هُمُ الَّذِينَ يَقُولُونَ لَا تُنْفِقُوا عَلَىٰ مَنْ عِنْدَ رَسُولِ اللَّهِ حَتَّىٰ يَنْفَضُّوا ۗ وَلِلَّهِ خَزَائِنُ السَّمَاوَاتِ وَالْأَرْضِ وَلَٰكِنَّ الْمُنَافِقِينَ لَا يَفْقَهُونَ",
      "verseStringB": "It is they who say: “Do not spend on those who are with Allah’s Messenger, unless they have dispersed.” Yet to Allah belong the treasuries of the heavens and the earth, but the hypocrites do not comprehend."
    },
    {
      "verseNumber": 8,
      "verseString": "يَقُولُونَ لَئِنْ رَجَعْنَا إِلَى الْمَدِينَةِ لَيُخْرِجَنَّ الْأَعَزُّ مِنْهَا الْأَذَلَّ ۚ وَلِلَّهِ الْعِزَّةُ وَلِرَسُولِهِ وَلِلْمُؤْمِنِينَ وَلَٰكِنَّ الْمُنَافِقِينَ لَا يَعْلَمُونَ",
      "verseStringB": "They say, “If we return to Medina, the stronger will expel the weaker therefrom.” Yet might belongs to Allah, His Messenger, and the believers, but the hypocrites do not know."
    },
    {
      "verseNumber": 9,
      "verseString": "يَا أَيُّهَا الَّذِينَ آمَنُوا لَا تُلْهِكُمْ أَمْوَالُكُمْ وَلَا أَوْلَادُكُمْ عَنْ ذِكْرِ اللَّهِ ۚ وَمَنْ يَفْعَلْ ذَٰلِكَ فَأُولَٰئِكَ هُمُ الْخَاسِرُونَ",
      "verseStringB": "O you who believe! Let neither your possessions nor your children divert you from Allah’s remembrance. Whoever does that—these are the losers."
    },
    {
      "verseNumber": 10,
      "verseString": "وَأَنْفِقُوا مِنْ مَا رَزَقْنَاكُمْ مِنْ قَبْلِ أَنْ يَأْتِيَ أَحَدَكُمُ الْمَوْتُ فَيَقُولَ رَبِّ لَوْلَا أَخَّرْتَنِي إِلَىٰ أَجَلٍ قَرِيبٍ فَأَصَّدَّقَ وَأَكُنْ مِنَ الصَّالِحِينَ",
      "verseStringB": "And donate from what We have provided for you—before death approaches one of you, and he says, “My Lord: if only You would postpone me for a short while, so that I may be charitable, and be of the righteous.”"
    },
    {
      "verseNumber": 11,
      "verseString": "وَلَنْ يُؤَخِّرَ اللَّهُ نَفْسًا إِذَا جَاءَ أَجَلُهَا ۚ وَاللَّهُ خَبِيرٌ بِمَا تَعْمَلُونَ",
      "verseStringB": "But Allah will not postpone a soul when its appointed time has come. And Allah is Aware of whatever you do."
    }
  ],
  "nameEnglish": "The Hypocrites",
  "nameTrans": "al-Munafiqun",
  "nameArabic": "الـمنافقون",
  "chapterNumber": 63,
  "nVerses": 11
}