{
  "verses": [
    {
      "verseNumber": 0,
      "verseString": "بِسْمِ اللَّهِ الرَّحْمَٰنِ الرَّحِيمِ",
      "verseStringB": "In the name of Allah, the Compassionate, the Merciful."
    },
    {
      "verseNumber": 1,
      "verseString": "يَا أَيُّهَا النَّبِيُّ إِذَا طَلَّقْتُمُ النِّسَاءَ فَطَلِّقُوهُنَّ لِعِدَّتِهِنَّ وَأَحْصُوا الْعِدَّةَ ۖ وَاتَّقُوا اللَّهَ رَبَّكُمْ ۖ لَا تُخْرِجُوهُنَّ مِنْ بُيُوتِهِنَّ وَلَا يَخْرُجْنَ إِلَّا أَنْ يَأْتِينَ بِفَاحِشَةٍ مُبَيِّنَةٍ ۚ وَتِلْكَ حُدُودُ اللَّهِ ۚ وَمَنْ يَتَعَدَّ حُدُودَ اللَّهِ فَقَدْ ظَلَمَ نَفْسَهُ ۚ لَا تَدْرِي لَعَلَّ اللَّهَ يُحْدِثُ بَعْدَ ذَٰلِكَ أَمْرًا",
      "verseStringB": "O Prophet! If any of you divorce women, divorce them during their period of purity—and calculate their term. And reverence Allah, your Lord. And do not expel them from their homes, nor shall they leave, unless they have committed a proven indecency. These are the limits set by Allah. Whoever oversteps the limits set by Allah has wronged his own soul. You never know; Allah may afterward bring about a new situation."
    },
    {
      "verseNumber": 2,
      "verseString": "فَإِذَا بَلَغْنَ أَجَلَهُنَّ فَأَمْسِكُوهُنَّ بِمَعْرُوفٍ أَوْ فَارِقُوهُنَّ بِمَعْرُوفٍ وَأَشْهِدُوا ذَوَيْ عَدْلٍ مِنْكُمْ وَأَقِيمُوا الشَّهَادَةَ لِلَّهِ ۚ ذَٰلِكُمْ يُوعَظُ بِهِ مَنْ كَانَ يُؤْمِنُ بِاللَّهِ وَالْيَوْمِ الْآخِرِ ۚ وَمَنْ يَتَّقِ اللَّهَ يَجْعَلْ لَهُ مَخْرَجًا",
      "verseStringB": "Once they have reached their term, either retain them nicely or separate from them nicely. And call to witness two just people from among you. And give upright testimony for Allah. By this is exhorted whoever believes in Allah and the Last Day. And whoever reverences Allah: He will make a way out for him."
    },
    {
      "verseNumber": 3,
      "verseString": "وَيَرْزُقْهُ مِنْ حَيْثُ لَا يَحْتَسِبُ ۚ وَمَنْ يَتَوَكَّلْ عَلَى اللَّهِ فَهُوَ حَسْبُهُ ۚ إِنَّ اللَّهَ بَالِغُ أَمْرِهِ ۚ قَدْ جَعَلَ اللَّهُ لِكُلِّ شَيْءٍ قَدْرًا",
      "verseStringB": "And will provide for him from where he never expected. Whoever relies on Allah: He is enough for him. Allah fulfills His Will. Allah has set a measure for all things."
    },
    {
      "verseNumber": 4,
      "verseString": "وَاللَّائِي يَئِسْنَ مِنَ الْمَحِيضِ مِنْ نِسَائِكُمْ إِنِ ارْتَبْتُمْ فَعِدَّتُهُنَّ ثَلَاثَةُ أَشْهُرٍ وَاللَّائِي لَمْ يَحِضْنَ ۚ وَأُولَاتُ الْأَحْمَالِ أَجَلُهُنَّ أَنْ يَضَعْنَ حَمْلَهُنَّ ۚ وَمَنْ يَتَّقِ اللَّهَ يَجْعَلْ لَهُ مِنْ أَمْرِهِ يُسْرًا",
      "verseStringB": "As for your women who have reached menopause: if you have any doubts, their term shall be three months—as well as for those who are yet to menstruate. As for those who are pregnant: their term shall be until they have delivered. Whoever is conscious of Allah: He will make things easy for him."
    },
    {
      "verseNumber": 5,
      "verseString": "ذَٰلِكَ أَمْرُ اللَّهِ أَنْزَلَهُ إِلَيْكُمْ ۚ وَمَنْ يَتَّقِ اللَّهَ يُكَفِّرْ عَنْهُ سَيِّئَاتِهِ وَيُعْظِمْ لَهُ أَجْرًا",
      "verseStringB": "That is the command of Allah, which He has revealed to you. Whoever is mindful of Allah: He will remit his sins, and will amplify his reward."
    },
    {
      "verseNumber": 6,
      "verseString": "أَسْكِنُوهُنَّ مِنْ حَيْثُ سَكَنْتُمْ مِنْ وُجْدِكُمْ وَلَا تُضَارُّوهُنَّ لِتُضَيِّقُوا عَلَيْهِنَّ ۚ وَإِنْ كُنَّ أُولَاتِ حَمْلٍ فَأَنْفِقُوا عَلَيْهِنَّ حَتَّىٰ يَضَعْنَ حَمْلَهُنَّ ۚ فَإِنْ أَرْضَعْنَ لَكُمْ فَآتُوهُنَّ أُجُورَهُنَّ ۖ وَأْتَمِرُوا بَيْنَكُمْ بِمَعْرُوفٍ ۖ وَإِنْ تَعَاسَرْتُمْ فَسَتُرْضِعُ لَهُ أُخْرَىٰ",
      "verseStringB": "Let them reside where you reside, according to your means. And do not harm them to pressure them. And if they are pregnant, then spend on them until they have delivered. And if they nurse for you, compensate them fairly. And maintain your relationship in amity. And if you have difficulty with one another, then let another woman nurse for him."
    },
    {
      "verseNumber": 7,
      "verseString": "لِيُنْفِقْ ذُو سَعَةٍ مِنْ سَعَتِهِ ۖ وَمَنْ قُدِرَ عَلَيْهِ رِزْقُهُ فَلْيُنْفِقْ مِمَّا آتَاهُ اللَّهُ ۚ لَا يُكَلِّفُ اللَّهُ نَفْسًا إِلَّا مَا آتَاهَا ۚ سَيَجْعَلُ اللَّهُ بَعْدَ عُسْرٍ يُسْرًا",
      "verseStringB": "The wealthy shall spend according to his means. As for the one with limited resources, let him spend according to what Allah has given him. Allah never burdens a soul beyond what He has given it. Allah will bring ease after hardship."
    },
    {
      "verseNumber": 8,
      "verseString": "وَكَأَيِّنْ مِنْ قَرْيَةٍ عَتَتْ عَنْ أَمْرِ رَبِّهَا وَرُسُلِهِ فَحَاسَبْنَاهَا حِسَابًا شَدِيدًا وَعَذَّبْنَاهَا عَذَابًا نُكْرًا",
      "verseStringB": "How many a society rebelled against the commandments of its Lord and His messengers? So We held it strictly accountable, and We subjected it to a dreadful punishment."
    },
    {
      "verseNumber": 9,
      "verseString": "فَذَاقَتْ وَبَالَ أَمْرِهَا وَكَانَ عَاقِبَةُ أَمْرِهَا خُسْرًا",
      "verseStringB": "So it tasted the bad consequences of its decisions, and the outcome of its decisions was perdition."
    },
    {
      "verseNumber": 10,
      "verseString": "أَعَدَّ اللَّهُ لَهُمْ عَذَابًا شَدِيدًا ۖ فَاتَّقُوا اللَّهَ يَا أُولِي الْأَلْبَابِ الَّذِينَ آمَنُوا ۚ قَدْ أَنْزَلَ اللَّهُ إِلَيْكُمْ ذِكْرًا",
      "verseStringB": "Allah has prepared for them a severe punishment. So beware of Allah, O you who possess intellect and have believed. Allah has revealed to you a Reminder."
    },
    {
      "verseNumber": 11,
      "verseString": "رَسُولًا يَتْلُو عَلَيْكُمْ آيَاتِ اللَّهِ مُبَيِّنَاتٍ لِيُخْرِجَ الَّذِينَ آمَنُوا وَعَمِلُوا الصَّالِحَاتِ مِنَ الظُّلُمَاتِ إِلَى النُّورِ ۚ وَمَنْ يُؤْمِنْ بِاللَّهِ وَيَعْمَلْ صَالِحًا يُدْخِلْهُ جَنَّاتٍ تَجْرِي مِنْ تَحْتِهَا الْأَنْهَارُ خَالِدِينَ فِيهَا أَبَدًا ۖ قَدْ أَحْسَنَ اللَّهُ لَهُ رِزْقًا",
      "verseStringB": "A messenger reciting to you the Clear Verses of Allah, to bring those who believe and work righteousness from darkness into light. Whoever believes in Allah and acts with integrity, He will admit him into Gardens beneath which rivers flow, to stay there forever. Allah has given him an excellent provision."
    },
    {
      "verseNumber": 12,
      "verseString": "اللَّهُ الَّذِي خَلَقَ سَبْعَ سَمَاوَاتٍ وَمِنَ الْأَرْضِ مِثْلَهُنَّ يَتَنَزَّلُ الْأَمْرُ بَيْنَهُنَّ لِتَعْلَمُوا أَنَّ اللَّهَ عَلَىٰ كُلِّ شَيْءٍ قَدِيرٌ وَأَنَّ اللَّهَ قَدْ أَحَاطَ بِكُلِّ شَيْءٍ عِلْمًا",
      "verseStringB": "Allah is He Who created seven heavens, and from the earth the like thereof. The command descends through them, so you may know that Allah is capable of everything, and that Allah has encompassed everything in knowledge."
    }
  ],
  "nameEnglish": "Divorce",
  "nameTrans": "at-Talaq",
  "nameArabic": "الـطلاق",
  "chapterNumber": 65,
  "nVerses": 12
}