{
  "verses": [
    {
      "verseNumber": 0,
      "verseString": "بِسْمِ اللَّهِ الرَّحْمَٰنِ الرَّحِيمِ",
      "verseStringB": "In the name of Allah, the Compassionate, the Merciful."
    },
    {
      "verseNumber": 1,
      "verseString": "يَا أَيُّهَا النَّبِيُّ لِمَ تُحَرِّمُ مَا أَحَلَّ اللَّهُ لَكَ ۖ تَبْتَغِي مَرْضَاتَ أَزْوَاجِكَ ۚ وَاللَّهُ غَفُورٌ رَحِيمٌ",
      "verseStringB": "O prophet! Why do you prohibit what Allah has permitted for you, seeking to please your wives? Allah is Forgiving and Merciful."
    },
    {
      "verseNumber": 2,
      "verseString": "قَدْ فَرَضَ اللَّهُ لَكُمْ تَحِلَّةَ أَيْمَانِكُمْ ۚ وَاللَّهُ مَوْلَاكُمْ ۖ وَهُوَ الْعَلِيمُ الْحَكِيمُ",
      "verseStringB": "Allah has mandated for you the dissolution of your oaths. And Allah is your Master. And He is the Knower, the Wise."
    },
    {
      "verseNumber": 3,
      "verseString": "وَإِذْ أَسَرَّ النَّبِيُّ إِلَىٰ بَعْضِ أَزْوَاجِهِ حَدِيثًا فَلَمَّا نَبَّأَتْ بِهِ وَأَظْهَرَهُ اللَّهُ عَلَيْهِ عَرَّفَ بَعْضَهُ وَأَعْرَضَ عَنْ بَعْضٍ ۖ فَلَمَّا نَبَّأَهَا بِهِ قَالَتْ مَنْ أَنْبَأَكَ هَٰذَا ۖ قَالَ نَبَّأَنِيَ الْعَلِيمُ الْخَبِيرُ",
      "verseStringB": "The Prophet had confided something to one of his wives. But when she disclosed it, and Allah made it known to him: he confirmed part of it, and he avoided another part. Then, when he informed her of it, she said, “Who informed you of this?” He said, “The Knower, the Aware informed me.”"
    },
    {
      "verseNumber": 4,
      "verseString": "إِنْ تَتُوبَا إِلَى اللَّهِ فَقَدْ صَغَتْ قُلُوبُكُمَا ۖ وَإِنْ تَظَاهَرَا عَلَيْهِ فَإِنَّ اللَّهَ هُوَ مَوْلَاهُ وَجِبْرِيلُ وَصَالِحُ الْمُؤْمِنِينَ ۖ وَالْمَلَائِكَةُ بَعْدَ ذَٰلِكَ ظَهِيرٌ",
      "verseStringB": "If you repent to Allah, then your hearts have inclined. But if you collaborate against him, then Allah is his Protector, as are Gabriel and the righteous believers. In addition, the angels will support him."
    },
    {
      "verseNumber": 5,
      "verseString": "عَسَىٰ رَبُّهُ إِنْ طَلَّقَكُنَّ أَنْ يُبْدِلَهُ أَزْوَاجًا خَيْرًا مِنْكُنَّ مُسْلِمَاتٍ مُؤْمِنَاتٍ قَانِتَاتٍ تَائِبَاتٍ عَابِدَاتٍ سَائِحَاتٍ ثَيِّبَاتٍ وَأَبْكَارًا",
      "verseStringB": "Perhaps, if he divorces you, his Lord will give him in exchange wives better than you: submissive, believing, obedient, penitent, dedicated to worship, and given to wayfaring—previously married, or virgins."
    },
    {
      "verseNumber": 6,
      "verseString": "يَا أَيُّهَا الَّذِينَ آمَنُوا قُوا أَنْفُسَكُمْ وَأَهْلِيكُمْ نَارًا وَقُودُهَا النَّاسُ وَالْحِجَارَةُ عَلَيْهَا مَلَائِكَةٌ غِلَاظٌ شِدَادٌ لَا يَعْصُونَ اللَّهَ مَا أَمَرَهُمْ وَيَفْعَلُونَ مَا يُؤْمَرُونَ",
      "verseStringB": "O you who believe! Protect yourselves and your families from a Fire, whose fuel is people and stones. Overseeing it are angels, fierce and severe. They never disobey Allah in anything He has commanded them, and they carry out whatever they are commanded."
    },
    {
      "verseNumber": 7,
      "verseString": "يَا أَيُّهَا الَّذِينَ كَفَرُوا لَا تَعْتَذِرُوا الْيَوْمَ ۖ إِنَّمَا تُجْزَوْنَ مَا كُنْتُمْ تَعْمَلُونَ",
      "verseStringB": "O you who disbelieved! Make no excuses today. You are being penalized for what you used to do."
    },
    {
      "verseNumber": 8,
      "verseString": "يَا أَيُّهَا الَّذِينَ آمَنُوا تُوبُوا إِلَى اللَّهِ تَوْبَةً نَصُوحًا عَسَىٰ رَبُّكُمْ أَنْ يُكَفِّرَ عَنْكُمْ سَيِّئَاتِكُمْ وَيُدْخِلَكُمْ جَنَّاتٍ تَجْرِي مِنْ تَحْتِهَا الْأَنْهَارُ يَوْمَ لَا يُخْزِي اللَّهُ النَّبِيَّ وَالَّذِينَ آمَنُوا مَعَهُ ۖ نُورُهُمْ يَسْعَىٰ بَيْنَ أَيْدِيهِمْ وَبِأَيْمَانِهِمْ يَقُولُونَ رَبَّنَا أَتْمِمْ لَنَا نُورَنَا وَاغْفِرْ لَنَا ۖ إِنَّكَ عَلَىٰ كُلِّ شَيْءٍ قَدِيرٌ",
      "verseStringB": "O you who believe! Repent to Allah with sincere repentance. Perhaps your Lord will remit your sins, and admit you into Gardens under which rivers flow—on the Day when Allah will not disappoint the Prophet and those who believed with him. Their light streaming ahead of them, and to their right, and they say, “Our Lord, complete our light for us, and forgive us; You are capable of all things.”"
    },
    {
      "verseNumber": 9,
      "verseString": "يَا أَيُّهَا النَّبِيُّ جَاهِدِ الْكُفَّارَ وَالْمُنَافِقِينَ وَاغْلُظْ عَلَيْهِمْ ۚ وَمَأْوَاهُمْ جَهَنَّمُ ۖ وَبِئْسَ الْمَصِيرُ",
      "verseStringB": "O prophet! Strive hard against the unbelievers and the hypocrites, and be stern with them. Their dwelling is Gehenna. What a miserable destination."
    },
    {
      "verseNumber": 10,
      "verseString": "ضَرَبَ اللَّهُ مَثَلًا لِلَّذِينَ كَفَرُوا امْرَأَتَ نُوحٍ وَامْرَأَتَ لُوطٍ ۖ كَانَتَا تَحْتَ عَبْدَيْنِ مِنْ عِبَادِنَا صَالِحَيْنِ فَخَانَتَاهُمَا فَلَمْ يُغْنِيَا عَنْهُمَا مِنَ اللَّهِ شَيْئًا وَقِيلَ ادْخُلَا النَّارَ مَعَ الدَّاخِلِينَ",
      "verseStringB": "Allah illustrates an example for those who disbelieve: the wife of Noah and the wife of Lot. They were under two of Our righteous servants, but they betrayed them. They availed them nothing against Allah, and it was said, “Enter the Fire with those who are entering.”"
    },
    {
      "verseNumber": 11,
      "verseString": "وَضَرَبَ اللَّهُ مَثَلًا لِلَّذِينَ آمَنُوا امْرَأَتَ فِرْعَوْنَ إِذْ قَالَتْ رَبِّ ابْنِ لِي عِنْدَكَ بَيْتًا فِي الْجَنَّةِ وَنَجِّنِي مِنْ فِرْعَوْنَ وَعَمَلِهِ وَنَجِّنِي مِنَ الْقَوْمِ الظَّالِمِينَ",
      "verseStringB": "And Allah illustrates an example for those who believe: the wife of Pharaoh, when she said, “My Lord! Build for me a house in Paradise near You, and rescue me from Pharaoh and his works, and rescue me from the wrongdoing people.”"
    },
    {
      "verseNumber": 12,
      "verseString": "وَمَرْيَمَ ابْنَتَ عِمْرَانَ الَّتِي أَحْصَنَتْ فَرْجَهَا فَنَفَخْنَا فِيهِ مِنْ رُوحِنَا وَصَدَّقَتْ بِكَلِمَاتِ رَبِّهَا وَكُتُبِهِ وَكَانَتْ مِنَ الْقَانِتِينَ",
      "verseStringB": "And Mary, the daughter of Imran, who guarded her womb, and so We blew into her of Our Spirit, and she testified to the Words of her Lord and His Scriptures—and was among the devout."
    }
  ],
  "nameEnglish": "Prohibition",
  "nameTrans": "at-Tahrim",
  "nameArabic": "الـتحريم",
  "chapterNumber": 66,
  "nVerses": 12
}