{
  "verses": [
    {
      "verseNumber": 0,
      "verseString": "بِسْمِ اللَّهِ الرَّحْمَٰنِ الرَّحِيمِ",
      "verseStringB": "In the name of Allah, the Compassionate, the Merciful."
    },
    {
      "verseNumber": 1,
      "verseString": "ن ۚ وَالْقَلَمِ وَمَا يَسْطُرُونَ",
      "verseStringB": "Nuun. By the pen, and by what they write."
    },
    {
      "verseNumber": 2,
      "verseString": "مَا أَنْتَ بِنِعْمَةِ رَبِّكَ بِمَجْنُونٍ",
      "verseStringB": "By the grace of your Lord, you are not insane."
    },
    {
      "verseNumber": 3,
      "verseString": "وَإِنَّ لَكَ لَأَجْرًا غَيْرَ مَمْنُونٍ",
      "verseStringB": "In fact, you will have an unending reward."
    },
    {
      "verseNumber": 4,
      "verseString": "وَإِنَّكَ لَعَلَىٰ خُلُقٍ عَظِيمٍ",
      "verseStringB": "And you are of a great moral character."
    },
    {
      "verseNumber": 5,
      "verseString": "فَسَتُبْصِرُ وَيُبْصِرُونَ",
      "verseStringB": "You will see, and they will see."
    },
    {
      "verseNumber": 6,
      "verseString": "بِأَيْيِكُمُ الْمَفْتُونُ",
      "verseStringB": "Which of you is the afflicted."
    },
    {
      "verseNumber": 7,
      "verseString": "إِنَّ رَبَّكَ هُوَ أَعْلَمُ بِمَنْ ضَلَّ عَنْ سَبِيلِهِ وَهُوَ أَعْلَمُ بِالْمُهْتَدِينَ",
      "verseStringB": "Your Lord knows best who has strayed from His path, and He knows best the well-guided."
    },
    {
      "verseNumber": 8,
      "verseString": "فَلَا تُطِعِ الْمُكَذِّبِينَ",
      "verseStringB": "So do not obey the deniers."
    },
    {
      "verseNumber": 9,
      "verseString": "وَدُّوا لَوْ تُدْهِنُ فَيُدْهِنُونَ",
      "verseStringB": "They wish that you would compromise, so they would compromise."
    },
    {
      "verseNumber": 10,
      "verseString": "وَلَا تُطِعْ كُلَّ حَلَّافٍ مَهِينٍ",
      "verseStringB": "And do not obey any vile swearer."
    },
    {
      "verseNumber": 11,
      "verseString": "هَمَّازٍ مَشَّاءٍ بِنَمِيمٍ",
      "verseStringB": "Backbiter, spreader of slander."
    },
    {
      "verseNumber": 12,
      "verseString": "مَنَّاعٍ لِلْخَيْرِ مُعْتَدٍ أَثِيمٍ",
      "verseStringB": "Preventer of good, transgressor, sinful."
    },
    {
      "verseNumber": 13,
      "verseString": "عُتُلٍّ بَعْدَ ذَٰلِكَ زَنِيمٍ",
      "verseStringB": "Rude and fake besides."
    },
    {
      "verseNumber": 14,
      "verseString": "أَنْ كَانَ ذَا مَالٍ وَبَنِينَ",
      "verseStringB": "Just because he has money and children."
    },
    {
      "verseNumber": 15,
      "verseString": "إِذَا تُتْلَىٰ عَلَيْهِ آيَاتُنَا قَالَ أَسَاطِيرُ الْأَوَّلِينَ",
      "verseStringB": "When Our Verses are recited to him, he says, “Myths of the ancients!”"
    },
    {
      "verseNumber": 16,
      "verseString": "سَنَسِمُهُ عَلَى الْخُرْطُومِ",
      "verseStringB": "We will mark him on the snout."
    },
    {
      "verseNumber": 17,
      "verseString": "إِنَّا بَلَوْنَاهُمْ كَمَا بَلَوْنَا أَصْحَابَ الْجَنَّةِ إِذْ أَقْسَمُوا لَيَصْرِمُنَّهَا مُصْبِحِينَ",
      "verseStringB": "We tested them, as We tested the owners of the garden—when they vowed to harvest it in the morning."
    },
    {
      "verseNumber": 18,
      "verseString": "وَلَا يَسْتَثْنُونَ",
      "verseStringB": "And they made no exception."
    },
    {
      "verseNumber": 19,
      "verseString": "فَطَافَ عَلَيْهَا طَائِفٌ مِنْ رَبِّكَ وَهُمْ نَائِمُونَ",
      "verseStringB": "But a disaster from your Lord went around it while they slept."
    },
    {
      "verseNumber": 20,
      "verseString": "فَأَصْبَحَتْ كَالصَّرِيمِ",
      "verseStringB": "And it became as if picked."
    },
    {
      "verseNumber": 21,
      "verseString": "فَتَنَادَوْا مُصْبِحِينَ",
      "verseStringB": "In the morning, they called one another."
    },
    {
      "verseNumber": 22,
      "verseString": "أَنِ اغْدُوا عَلَىٰ حَرْثِكُمْ إِنْ كُنْتُمْ صَارِمِينَ",
      "verseStringB": "“Go early to your plantation, if you want to harvest.”"
    },
    {
      "verseNumber": 23,
      "verseString": "فَانْطَلَقُوا وَهُمْ يَتَخَافَتُونَ",
      "verseStringB": "So they set out, whispering to one another."
    },
    {
      "verseNumber": 24,
      "verseString": "أَنْ لَا يَدْخُلَنَّهَا الْيَوْمَ عَلَيْكُمْ مِسْكِينٌ",
      "verseStringB": "“No poor person is to enter it upon you today.”"
    },
    {
      "verseNumber": 25,
      "verseString": "وَغَدَوْا عَلَىٰ حَرْدٍ قَادِرِينَ",
      "verseStringB": "And they proceeded early, resolved in intent."
    },
    {
      "verseNumber": 26,
      "verseString": "فَلَمَّا رَأَوْهَا قَالُوا إِنَّا لَضَالُّونَ",
      "verseStringB": "But when they saw it, they said, “We are lost."
    },
    {
      "verseNumber": 27,
      "verseString": "بَلْ نَحْنُ مَحْرُومُونَ",
      "verseStringB": "In fact, we are deprived.”"
    },
    {
      "verseNumber": 28,
      "verseString": "قَالَ أَوْسَطُهُمْ أَلَمْ أَقُلْ لَكُمْ لَوْلَا تُسَبِّحُونَ",
      "verseStringB": "The most moderate of them said, “Did I not say to you, ‘if only you would praise?’”"
    },
    {
      "verseNumber": 29,
      "verseString": "قَالُوا سُبْحَانَ رَبِّنَا إِنَّا كُنَّا ظَالِمِينَ",
      "verseStringB": "They said, “Glory be to our Lord—We were in the wrong.”"
    },
    {
      "verseNumber": 30,
      "verseString": "فَأَقْبَلَ بَعْضُهُمْ عَلَىٰ بَعْضٍ يَتَلَاوَمُونَ",
      "verseStringB": "Then they turned to one another, blaming one another."
    },
    {
      "verseNumber": 31,
      "verseString": "قَالُوا يَا وَيْلَنَا إِنَّا كُنَّا طَاغِينَ",
      "verseStringB": "They said, “Woe to us—we were domineering."
    },
    {
      "verseNumber": 32,
      "verseString": "عَسَىٰ رَبُّنَا أَنْ يُبْدِلَنَا خَيْرًا مِنْهَا إِنَّا إِلَىٰ رَبِّنَا رَاغِبُونَ",
      "verseStringB": "Perhaps our Lord will give us a better substitute for it. We are turning to our Lord in hope .”"
    },
    {
      "verseNumber": 33,
      "verseString": "كَذَٰلِكَ الْعَذَابُ ۖ وَلَعَذَابُ الْآخِرَةِ أَكْبَرُ ۚ لَوْ كَانُوا يَعْلَمُونَ",
      "verseStringB": "Such is the punishment. But the punishment of the Hereafter is greater—if they only knew."
    },
    {
      "verseNumber": 34,
      "verseString": "إِنَّ لِلْمُتَّقِينَ عِنْدَ رَبِّهِمْ جَنَّاتِ النَّعِيمِ",
      "verseStringB": "For the righteous are Gardens of Delight with their Lord."
    },
    {
      "verseNumber": 35,
      "verseString": "أَفَنَجْعَلُ الْمُسْلِمِينَ كَالْمُجْرِمِينَ",
      "verseStringB": "Shall We treat the submitters like the villains?"
    },
    {
      "verseNumber": 36,
      "verseString": "مَا لَكُمْ كَيْفَ تَحْكُمُونَ",
      "verseStringB": "What is the matter with you? How do you judge?"
    },
    {
      "verseNumber": 37,
      "verseString": "أَمْ لَكُمْ كِتَابٌ فِيهِ تَدْرُسُونَ",
      "verseStringB": "Or do you have a scripture in which you study?"
    },
    {
      "verseNumber": 38,
      "verseString": "إِنَّ لَكُمْ فِيهِ لَمَا تَخَيَّرُونَ",
      "verseStringB": "That you will have in it whatever you choose?"
    },
    {
      "verseNumber": 39,
      "verseString": "أَمْ لَكُمْ أَيْمَانٌ عَلَيْنَا بَالِغَةٌ إِلَىٰ يَوْمِ الْقِيَامَةِ ۙ إِنَّ لَكُمْ لَمَا تَحْكُمُونَ",
      "verseStringB": "Or do you have oaths from Us, binding until Resurrection Day, that whatever you demand is yours?"
    },
    {
      "verseNumber": 40,
      "verseString": "سَلْهُمْ أَيُّهُمْ بِذَٰلِكَ زَعِيمٌ",
      "verseStringB": "Ask them, which of them will guarantee that!"
    },
    {
      "verseNumber": 41,
      "verseString": "أَمْ لَهُمْ شُرَكَاءُ فَلْيَأْتُوا بِشُرَكَائِهِمْ إِنْ كَانُوا صَادِقِينَ",
      "verseStringB": "Or do they have partners? Then let them bring their partners—if they are truthful."
    },
    {
      "verseNumber": 42,
      "verseString": "يَوْمَ يُكْشَفُ عَنْ سَاقٍ وَيُدْعَوْنَ إِلَى السُّجُودِ فَلَا يَسْتَطِيعُونَ",
      "verseStringB": "On the Day when the Shin will be exposed, and they will be called to bow down, but they will be unable."
    },
    {
      "verseNumber": 43,
      "verseString": "خَاشِعَةً أَبْصَارُهُمْ تَرْهَقُهُمْ ذِلَّةٌ ۖ وَقَدْ كَانُوا يُدْعَوْنَ إِلَى السُّجُودِ وَهُمْ سَالِمُونَ",
      "verseStringB": "Their eyes subdued, covered with shame. They were invited to prostrate when they were sound."
    },
    {
      "verseNumber": 44,
      "verseString": "فَذَرْنِي وَمَنْ يُكَذِّبُ بِهَٰذَا الْحَدِيثِ ۖ سَنَسْتَدْرِجُهُمْ مِنْ حَيْثُ لَا يَعْلَمُونَ",
      "verseStringB": "So leave Me to those who reject this message. We will proceed against them gradually, from where they do not know."
    },
    {
      "verseNumber": 45,
      "verseString": "وَأُمْلِي لَهُمْ ۚ إِنَّ كَيْدِي مَتِينٌ",
      "verseStringB": "And I will give them time. My plan is firm."
    },
    {
      "verseNumber": 46,
      "verseString": "أَمْ تَسْأَلُهُمْ أَجْرًا فَهُمْ مِنْ مَغْرَمٍ مُثْقَلُونَ",
      "verseStringB": "Or are you asking them for a fee, so they are burdened with debt?"
    },
    {
      "verseNumber": 47,
      "verseString": "أَمْ عِنْدَهُمُ الْغَيْبُ فَهُمْ يَكْتُبُونَ",
      "verseStringB": "Or do they know the future, and so they write it down?"
    },
    {
      "verseNumber": 48,
      "verseString": "فَاصْبِرْ لِحُكْمِ رَبِّكَ وَلَا تَكُنْ كَصَاحِبِ الْحُوتِ إِذْ نَادَىٰ وَهُوَ مَكْظُومٌ",
      "verseStringB": "So be patient with your Lord’s Judgment. And do not be like the Fellow of the Whale who cried out in despair."
    },
    {
      "verseNumber": 49,
      "verseString": "لَوْلَا أَنْ تَدَارَكَهُ نِعْمَةٌ مِنْ رَبِّهِ لَنُبِذَ بِالْعَرَاءِ وَهُوَ مَذْمُومٌ",
      "verseStringB": "Had the blessing from his Lord not reached him, he would have been thrown onto the barren shore, and he was blamed."
    },
    {
      "verseNumber": 50,
      "verseString": "فَاجْتَبَاهُ رَبُّهُ فَجَعَلَهُ مِنَ الصَّالِحِينَ",
      "verseStringB": "But his Lord chose him, and He made him of the righteous."
    },
    {
      "verseNumber": 51,
      "verseString": "وَإِنْ يَكَادُ الَّذِينَ كَفَرُوا لَيُزْلِقُونَكَ بِأَبْصَارِهِمْ لَمَّا سَمِعُوا الذِّكْرَ وَيَقُولُونَ إِنَّهُ لَمَجْنُونٌ",
      "verseStringB": "Those who disbelieve almost stab you with their glances when they hear the message, and they say, “He is crazy!”"
    },
    {
      "verseNumber": 52,
      "verseString": "وَمَا هُوَ إِلَّا ذِكْرٌ لِلْعَالَمِينَ",
      "verseStringB": "But it is only a reminder for humankind."
    }
  ],
  "nameEnglish": "The Pen",
  "nameTrans": "al-Qalam",
  "nameArabic": "الـقـلـم",
  "chapterNumber": 68,
  "nVerses": 52
}