{
  "verses": [
    {
      "verseNumber": 0,
      "verseString": "بِسْمِ اللَّهِ الرَّحْمَٰنِ الرَّحِيمِ",
      "verseStringB": "In the name of Allah, the Compassionate, the Merciful."
    },
    {
      "verseNumber": 1,
      "verseString": "الْحَاقَّةُ",
      "verseStringB": "The Reality."
    },
    {
      "verseNumber": 2,
      "verseString": "مَا الْحَاقَّةُ",
      "verseStringB": "What is the Reality?"
    },
    {
      "verseNumber": 3,
      "verseString": "وَمَا أَدْرَاكَ مَا الْحَاقَّةُ",
      "verseStringB": "What will make you understand what the Reality is?"
    },
    {
      "verseNumber": 4,
      "verseString": "كَذَّبَتْ ثَمُودُ وَعَادٌ بِالْقَارِعَةِ",
      "verseStringB": "Thamood and Aad denied the Catastrophe."
    },
    {
      "verseNumber": 5,
      "verseString": "فَأَمَّا ثَمُودُ فَأُهْلِكُوا بِالطَّاغِيَةِ",
      "verseStringB": "As for Thamood, they were annihilated by the Overwhelming."
    },
    {
      "verseNumber": 6,
      "verseString": "وَأَمَّا عَادٌ فَأُهْلِكُوا بِرِيحٍ صَرْصَرٍ عَاتِيَةٍ",
      "verseStringB": "And as for Aad, they were annihilated by a furious, roaring wind."
    },
    {
      "verseNumber": 7,
      "verseString": "سَخَّرَهَا عَلَيْهِمْ سَبْعَ لَيَالٍ وَثَمَانِيَةَ أَيَّامٍ حُسُومًا فَتَرَى الْقَوْمَ فِيهَا صَرْعَىٰ كَأَنَّهُمْ أَعْجَازُ نَخْلٍ خَاوِيَةٍ",
      "verseStringB": "He unleashed it against them for seven nights and eight days, in succession. You could see the people tossed around, as if they were hollow palm trunks."
    },
    {
      "verseNumber": 8,
      "verseString": "فَهَلْ تَرَىٰ لَهُمْ مِنْ بَاقِيَةٍ",
      "verseStringB": "Can you see any remnant of them?"
    },
    {
      "verseNumber": 9,
      "verseString": "وَجَاءَ فِرْعَوْنُ وَمَنْ قَبْلَهُ وَالْمُؤْتَفِكَاتُ بِالْخَاطِئَةِ",
      "verseStringB": "Then came Pharaoh, and those before him, and the Overturned Cities indulged in sin."
    },
    {
      "verseNumber": 10,
      "verseString": "فَعَصَوْا رَسُولَ رَبِّهِمْ فَأَخَذَهُمْ أَخْذَةً رَابِيَةً",
      "verseStringB": "They disobeyed their Lord's messenger, so He seized them with a devastating grip."
    },
    {
      "verseNumber": 11,
      "verseString": "إِنَّا لَمَّا طَغَى الْمَاءُ حَمَلْنَاكُمْ فِي الْجَارِيَةِ",
      "verseStringB": "When the waters overflowed, We carried you in the cruising Ark."
    },
    {
      "verseNumber": 12,
      "verseString": "لِنَجْعَلَهَا لَكُمْ تَذْكِرَةً وَتَعِيَهَا أُذُنٌ وَاعِيَةٌ",
      "verseStringB": "To make it a lesson for you—and so that retaining ears may retain it."
    },
    {
      "verseNumber": 13,
      "verseString": "فَإِذَا نُفِخَ فِي الصُّورِ نَفْخَةٌ وَاحِدَةٌ",
      "verseStringB": "Then, when the Trumpet is blown, a single blow."
    },
    {
      "verseNumber": 14,
      "verseString": "وَحُمِلَتِ الْأَرْضُ وَالْجِبَالُ فَدُكَّتَا دَكَّةً وَاحِدَةً",
      "verseStringB": "And the earth and the mountains are lifted, and crushed with a single blow."
    },
    {
      "verseNumber": 15,
      "verseString": "فَيَوْمَئِذٍ وَقَعَتِ الْوَاقِعَةُ",
      "verseStringB": "On that Day, the Inevitable will come to pass."
    },
    {
      "verseNumber": 16,
      "verseString": "وَانْشَقَّتِ السَّمَاءُ فَهِيَ يَوْمَئِذٍ وَاهِيَةٌ",
      "verseStringB": "And the sky will crack. On that Day, it will be frail."
    },
    {
      "verseNumber": 17,
      "verseString": "وَالْمَلَكُ عَلَىٰ أَرْجَائِهَا ۚ وَيَحْمِلُ عَرْشَ رَبِّكَ فَوْقَهُمْ يَوْمَئِذٍ ثَمَانِيَةٌ",
      "verseStringB": "And the angels will be ranged around its borders, while on that day eight will be carrying your Lord’s throne above them."
    },
    {
      "verseNumber": 18,
      "verseString": "يَوْمَئِذٍ تُعْرَضُونَ لَا تَخْفَىٰ مِنْكُمْ خَافِيَةٌ",
      "verseStringB": "On that Day, you will be exposed, and no secret of yours will remain hidden."
    },
    {
      "verseNumber": 19,
      "verseString": "فَأَمَّا مَنْ أُوتِيَ كِتَابَهُ بِيَمِينِهِ فَيَقُولُ هَاؤُمُ اقْرَءُوا كِتَابِيَهْ",
      "verseStringB": "As for him who is given his book in his right hand, he will say, “Here, take my book and read it."
    },
    {
      "verseNumber": 20,
      "verseString": "إِنِّي ظَنَنْتُ أَنِّي مُلَاقٍ حِسَابِيَهْ",
      "verseStringB": "I knew I would be held accountable.”"
    },
    {
      "verseNumber": 21,
      "verseString": "فَهُوَ فِي عِيشَةٍ رَاضِيَةٍ",
      "verseStringB": "So he will be in pleasant living."
    },
    {
      "verseNumber": 22,
      "verseString": "فِي جَنَّةٍ عَالِيَةٍ",
      "verseStringB": "In a lofty Garden."
    },
    {
      "verseNumber": 23,
      "verseString": "قُطُوفُهَا دَانِيَةٌ",
      "verseStringB": "Its pickings are within reach."
    },
    {
      "verseNumber": 24,
      "verseString": "كُلُوا وَاشْرَبُوا هَنِيئًا بِمَا أَسْلَفْتُمْ فِي الْأَيَّامِ الْخَالِيَةِ",
      "verseStringB": "“Eat and drink merrily for what you did in days gone by.”"
    },
    {
      "verseNumber": 25,
      "verseString": "وَأَمَّا مَنْ أُوتِيَ كِتَابَهُ بِشِمَالِهِ فَيَقُولُ يَا لَيْتَنِي لَمْ أُوتَ كِتَابِيَهْ",
      "verseStringB": "But as for him who is given his book in his left hand, he will say, “I wish I was never given my book."
    },
    {
      "verseNumber": 26,
      "verseString": "وَلَمْ أَدْرِ مَا حِسَابِيَهْ",
      "verseStringB": "And never knew what my account was."
    },
    {
      "verseNumber": 27,
      "verseString": "يَا لَيْتَهَا كَانَتِ الْقَاضِيَةَ",
      "verseStringB": "I wish it was the end."
    },
    {
      "verseNumber": 28,
      "verseString": "مَا أَغْنَىٰ عَنِّي مَالِيَهْ ۜ",
      "verseStringB": "My money did not avail me."
    },
    {
      "verseNumber": 29,
      "verseString": "هَلَكَ عَنِّي سُلْطَانِيَهْ",
      "verseStringB": "My power has vanished from me.”"
    },
    {
      "verseNumber": 30,
      "verseString": "خُذُوهُ فَغُلُّوهُ",
      "verseStringB": "“Take him and shackle him."
    },
    {
      "verseNumber": 31,
      "verseString": "ثُمَّ الْجَحِيمَ صَلُّوهُ",
      "verseStringB": "Then scorch him in the Blaze."
    },
    {
      "verseNumber": 32,
      "verseString": "ثُمَّ فِي سِلْسِلَةٍ ذَرْعُهَا سَبْعُونَ ذِرَاعًا فَاسْلُكُوهُ",
      "verseStringB": "Then in a chain whose length is seventy cubits, tie him up."
    },
    {
      "verseNumber": 33,
      "verseString": "إِنَّهُ كَانَ لَا يُؤْمِنُ بِاللَّهِ الْعَظِيمِ",
      "verseStringB": "For he would not believe in Allah, the Great."
    },
    {
      "verseNumber": 34,
      "verseString": "وَلَا يَحُضُّ عَلَىٰ طَعَامِ الْمِسْكِينِ",
      "verseStringB": "Nor would he advocate the feeding of the destitute."
    },
    {
      "verseNumber": 35,
      "verseString": "فَلَيْسَ لَهُ الْيَوْمَ هَاهُنَا حَمِيمٌ",
      "verseStringB": "So he has no friend here today."
    },
    {
      "verseNumber": 36,
      "verseString": "وَلَا طَعَامٌ إِلَّا مِنْ غِسْلِينٍ",
      "verseStringB": "And no food, except scum."
    },
    {
      "verseNumber": 37,
      "verseString": "لَا يَأْكُلُهُ إِلَّا الْخَاطِئُونَ",
      "verseStringB": "Which none will eat, except the sinners.”"
    },
    {
      "verseNumber": 38,
      "verseString": "فَلَا أُقْسِمُ بِمَا تُبْصِرُونَ",
      "verseStringB": "So I swear by what you see."
    },
    {
      "verseNumber": 39,
      "verseString": "وَمَا لَا تُبْصِرُونَ",
      "verseStringB": "And by what you do not see."
    },
    {
      "verseNumber": 40,
      "verseString": "إِنَّهُ لَقَوْلُ رَسُولٍ كَرِيمٍ",
      "verseStringB": "It is the speech of a noble messenger."
    },
    {
      "verseNumber": 41,
      "verseString": "وَمَا هُوَ بِقَوْلِ شَاعِرٍ ۚ قَلِيلًا مَا تُؤْمِنُونَ",
      "verseStringB": "And it is not the speech of a poet—little do you believe."
    },
    {
      "verseNumber": 42,
      "verseString": "وَلَا بِقَوْلِ كَاهِنٍ ۚ قَلِيلًا مَا تَذَكَّرُونَ",
      "verseStringB": "Nor is it the speech of a fortune-teller. Little do you reflect."
    },
    {
      "verseNumber": 43,
      "verseString": "تَنْزِيلٌ مِنْ رَبِّ الْعَالَمِينَ",
      "verseStringB": "A revelation from the Lord of the Worlds."
    },
    {
      "verseNumber": 44,
      "verseString": "وَلَوْ تَقَوَّلَ عَلَيْنَا بَعْضَ الْأَقَاوِيلِ",
      "verseStringB": "Had he falsely attributed some statements to Us."
    },
    {
      "verseNumber": 45,
      "verseString": "لَأَخَذْنَا مِنْهُ بِالْيَمِينِ",
      "verseStringB": "We would have seized him by the right arm."
    },
    {
      "verseNumber": 46,
      "verseString": "ثُمَّ لَقَطَعْنَا مِنْهُ الْوَتِينَ",
      "verseStringB": "Then slashed his lifeline."
    },
    {
      "verseNumber": 47,
      "verseString": "فَمَا مِنْكُمْ مِنْ أَحَدٍ عَنْهُ حَاجِزِينَ",
      "verseStringB": "And none of you could have restrained Us from him."
    },
    {
      "verseNumber": 48,
      "verseString": "وَإِنَّهُ لَتَذْكِرَةٌ لِلْمُتَّقِينَ",
      "verseStringB": "And it is a reminder for the righteous."
    },
    {
      "verseNumber": 49,
      "verseString": "وَإِنَّا لَنَعْلَمُ أَنَّ مِنْكُمْ مُكَذِّبِينَ",
      "verseStringB": "And We know that some of you will deny it."
    },
    {
      "verseNumber": 50,
      "verseString": "وَإِنَّهُ لَحَسْرَةٌ عَلَى الْكَافِرِينَ",
      "verseStringB": "And it is a source of regret for the unbelievers."
    },
    {
      "verseNumber": 51,
      "verseString": "وَإِنَّهُ لَحَقُّ الْيَقِينِ",
      "verseStringB": "Yet it is the truth of certainty."
    },
    {
      "verseNumber": 52,
      "verseString": "فَسَبِّحْ بِاسْمِ رَبِّكَ الْعَظِيمِ",
      "verseStringB": "So glorify the Name of your Lord, the Magnificent."
    }
  ],
  "nameEnglish": "The Reality",
  "nameTrans": "al-Haqqah",
  "nameArabic": "الـحاقـة",
  "chapterNumber": 69,
  "nVerses": 52
}