{
  "verses": [
    {
      "verseNumber": 0,
      "verseString": "بِسْمِ اللَّهِ الرَّحْمَٰنِ الرَّحِيمِ",
      "verseStringB": "In the name of Allah, the Compassionate, the Merciful."
    },
    {
      "verseNumber": 1,
      "verseString": "سَأَلَ سَائِلٌ بِعَذَابٍ وَاقِعٍ",
      "verseStringB": "A questioner asked about the impending punishment."
    },
    {
      "verseNumber": 2,
      "verseString": "لِلْكَافِرِينَ لَيْسَ لَهُ دَافِعٌ",
      "verseStringB": "For the disbelievers—to be repelled by none."
    },
    {
      "verseNumber": 3,
      "verseString": "مِنَ اللَّهِ ذِي الْمَعَارِجِ",
      "verseStringB": "From Allah, Lord of the ascending ways."
    },
    {
      "verseNumber": 4,
      "verseString": "تَعْرُجُ الْمَلَائِكَةُ وَالرُّوحُ إِلَيْهِ فِي يَوْمٍ كَانَ مِقْدَارُهُ خَمْسِينَ أَلْفَ سَنَةٍ",
      "verseStringB": "To Him ascend the angels and the Spirit on a Day whose duration is fifty thousand years."
    },
    {
      "verseNumber": 5,
      "verseString": "فَاصْبِرْ صَبْرًا جَمِيلًا",
      "verseStringB": "So be patient, with beautiful patience."
    },
    {
      "verseNumber": 6,
      "verseString": "إِنَّهُمْ يَرَوْنَهُ بَعِيدًا",
      "verseStringB": "They see it distant."
    },
    {
      "verseNumber": 7,
      "verseString": "وَنَرَاهُ قَرِيبًا",
      "verseStringB": "But We see it near."
    },
    {
      "verseNumber": 8,
      "verseString": "يَوْمَ تَكُونُ السَّمَاءُ كَالْمُهْلِ",
      "verseStringB": "On the Day when the sky becomes like molten brass."
    },
    {
      "verseNumber": 9,
      "verseString": "وَتَكُونُ الْجِبَالُ كَالْعِهْنِ",
      "verseStringB": "And the mountains become like tufted wool."
    },
    {
      "verseNumber": 10,
      "verseString": "وَلَا يَسْأَلُ حَمِيمٌ حَمِيمًا",
      "verseStringB": "No friend will ask about a friend."
    },
    {
      "verseNumber": 11,
      "verseString": "يُبَصَّرُونَهُمْ ۚ يَوَدُّ الْمُجْرِمُ لَوْ يَفْتَدِي مِنْ عَذَابِ يَوْمِئِذٍ بِبَنِيهِ",
      "verseStringB": "They will be shown each other. The criminal will wish he could be redeemed from the punishment of that Day by his children."
    },
    {
      "verseNumber": 12,
      "verseString": "وَصَاحِبَتِهِ وَأَخِيهِ",
      "verseStringB": "And his spouse, and his brother."
    },
    {
      "verseNumber": 13,
      "verseString": "وَفَصِيلَتِهِ الَّتِي تُؤْوِيهِ",
      "verseStringB": "And his family that sheltered him."
    },
    {
      "verseNumber": 14,
      "verseString": "وَمَنْ فِي الْأَرْضِ جَمِيعًا ثُمَّ يُنْجِيهِ",
      "verseStringB": "And everyone on earth altogether, just to save him."
    },
    {
      "verseNumber": 15,
      "verseString": "كَلَّا ۖ إِنَّهَا لَظَىٰ",
      "verseStringB": "By no means! It is a Raging Flame."
    },
    {
      "verseNumber": 16,
      "verseString": "نَزَّاعَةً لِلشَّوَىٰ",
      "verseStringB": "It strips away the scalps."
    },
    {
      "verseNumber": 17,
      "verseString": "تَدْعُو مَنْ أَدْبَرَ وَتَوَلَّىٰ",
      "verseStringB": "It invites him who once turned his back and fled."
    },
    {
      "verseNumber": 18,
      "verseString": "وَجَمَعَ فَأَوْعَىٰ",
      "verseStringB": "And accumulated and hoarded."
    },
    {
      "verseNumber": 19,
      "verseString": "إِنَّ الْإِنْسَانَ خُلِقَ هَلُوعًا",
      "verseStringB": "The human being was created anxious."
    },
    {
      "verseNumber": 20,
      "verseString": "إِذَا مَسَّهُ الشَّرُّ جَزُوعًا",
      "verseStringB": "Touched by adversity, he is fretful."
    },
    {
      "verseNumber": 21,
      "verseString": "وَإِذَا مَسَّهُ الْخَيْرُ مَنُوعًا",
      "verseStringB": "Touched by good, he is ungenerous."
    },
    {
      "verseNumber": 22,
      "verseString": "إِلَّا الْمُصَلِّينَ",
      "verseStringB": "Except for the prayerful."
    },
    {
      "verseNumber": 23,
      "verseString": "الَّذِينَ هُمْ عَلَىٰ صَلَاتِهِمْ دَائِمُونَ",
      "verseStringB": "Those who are constant in their prayers."
    },
    {
      "verseNumber": 24,
      "verseString": "وَالَّذِينَ فِي أَمْوَالِهِمْ حَقٌّ مَعْلُومٌ",
      "verseStringB": "And those in whose wealth is a rightful share."
    },
    {
      "verseNumber": 25,
      "verseString": "لِلسَّائِلِ وَالْمَحْرُومِ",
      "verseStringB": "For the beggar and the deprived."
    },
    {
      "verseNumber": 26,
      "verseString": "وَالَّذِينَ يُصَدِّقُونَ بِيَوْمِ الدِّينِ",
      "verseStringB": "And those who affirm the Day of Judgment."
    },
    {
      "verseNumber": 27,
      "verseString": "وَالَّذِينَ هُمْ مِنْ عَذَابِ رَبِّهِمْ مُشْفِقُونَ",
      "verseStringB": "And those who dread their Lord’s punishment."
    },
    {
      "verseNumber": 28,
      "verseString": "إِنَّ عَذَابَ رَبِّهِمْ غَيْرُ مَأْمُونٍ",
      "verseStringB": "Their Lord’s punishment is not to be taken for granted."
    },
    {
      "verseNumber": 29,
      "verseString": "وَالَّذِينَ هُمْ لِفُرُوجِهِمْ حَافِظُونَ",
      "verseStringB": "And those who guard their private parts."
    },
    {
      "verseNumber": 30,
      "verseString": "إِلَّا عَلَىٰ أَزْوَاجِهِمْ أَوْ مَا مَلَكَتْ أَيْمَانُهُمْ فَإِنَّهُمْ غَيْرُ مَلُومِينَ",
      "verseStringB": "Except from their spouses, or those living under their control, for then they are blameless."
    },
    {
      "verseNumber": 31,
      "verseString": "فَمَنِ ابْتَغَىٰ وَرَاءَ ذَٰلِكَ فَأُولَٰئِكَ هُمُ الْعَادُونَ",
      "verseStringB": "But whoever seeks beyond that—these are the transgressors."
    },
    {
      "verseNumber": 32,
      "verseString": "وَالَّذِينَ هُمْ لِأَمَانَاتِهِمْ وَعَهْدِهِمْ رَاعُونَ",
      "verseStringB": "And those who observe their trusts and their promises."
    },
    {
      "verseNumber": 33,
      "verseString": "وَالَّذِينَ هُمْ بِشَهَادَاتِهِمْ قَائِمُونَ",
      "verseStringB": "And those who uphold their testimony."
    },
    {
      "verseNumber": 34,
      "verseString": "وَالَّذِينَ هُمْ عَلَىٰ صَلَاتِهِمْ يُحَافِظُونَ",
      "verseStringB": "And those who are dedicated to their prayers."
    },
    {
      "verseNumber": 35,
      "verseString": "أُولَٰئِكَ فِي جَنَّاتٍ مُكْرَمُونَ",
      "verseStringB": "These will be honored in Gardens."
    },
    {
      "verseNumber": 36,
      "verseString": "فَمَالِ الَّذِينَ كَفَرُوا قِبَلَكَ مُهْطِعِينَ",
      "verseStringB": "What is with those who disbelieve, scrambling towards you?"
    },
    {
      "verseNumber": 37,
      "verseString": "عَنِ الْيَمِينِ وَعَنِ الشِّمَالِ عِزِينَ",
      "verseStringB": "From the right, and from the left, in droves?"
    },
    {
      "verseNumber": 38,
      "verseString": "أَيَطْمَعُ كُلُّ امْرِئٍ مِنْهُمْ أَنْ يُدْخَلَ جَنَّةَ نَعِيمٍ",
      "verseStringB": "Is every one of them aspiring to be admitted into a Garden of Bliss?"
    },
    {
      "verseNumber": 39,
      "verseString": "كَلَّا ۖ إِنَّا خَلَقْنَاهُمْ مِمَّا يَعْلَمُونَ",
      "verseStringB": "No indeed! We created them from what they know."
    },
    {
      "verseNumber": 40,
      "verseString": "فَلَا أُقْسِمُ بِرَبِّ الْمَشَارِقِ وَالْمَغَارِبِ إِنَّا لَقَادِرُونَ",
      "verseStringB": "I swear by the Lord of the Easts and the Wests, that We are Capable."
    },
    {
      "verseNumber": 41,
      "verseString": "عَلَىٰ أَنْ نُبَدِّلَ خَيْرًا مِنْهُمْ وَمَا نَحْنُ بِمَسْبُوقِينَ",
      "verseStringB": "Of replacing them with what is better than they, and We are not to be surpassed."
    },
    {
      "verseNumber": 42,
      "verseString": "فَذَرْهُمْ يَخُوضُوا وَيَلْعَبُوا حَتَّىٰ يُلَاقُوا يَوْمَهُمُ الَّذِي يُوعَدُونَ",
      "verseStringB": "So leave them to blunder and play, until they meet their Day which they are promised."
    },
    {
      "verseNumber": 43,
      "verseString": "يَوْمَ يَخْرُجُونَ مِنَ الْأَجْدَاثِ سِرَاعًا كَأَنَّهُمْ إِلَىٰ نُصُبٍ يُوفِضُونَ",
      "verseStringB": "The Day when they will emerge from the graves in a rush, as if they were racing to a target."
    },
    {
      "verseNumber": 44,
      "verseString": "خَاشِعَةً أَبْصَارُهُمْ تَرْهَقُهُمْ ذِلَّةٌ ۚ ذَٰلِكَ الْيَوْمُ الَّذِي كَانُوا يُوعَدُونَ",
      "verseStringB": "Their eyes downcast, overwhelmed by disgrace. This is the Day which they were promised."
    }
  ],
  "nameEnglish": "Ways of Ascent",
  "nameTrans": "al-Ma'arij",
  "nameArabic": "الـمعارج",
  "chapterNumber": 70,
  "nVerses": 44
}