{
  "verses": [
    {
      "verseNumber": 0,
      "verseString": "بِسْمِ اللَّهِ الرَّحْمَٰنِ الرَّحِيمِ",
      "verseStringB": "In the name of Allah, the Compassionate, the Merciful."
    },
    {
      "verseNumber": 1,
      "verseString": "يَا أَيُّهَا الْمُدَّثِّرُ",
      "verseStringB": "O you covered up."
    },
    {
      "verseNumber": 2,
      "verseString": "قُمْ فَأَنْذِرْ",
      "verseStringB": "Arise and warn."
    },
    {
      "verseNumber": 3,
      "verseString": "وَرَبَّكَ فَكَبِّرْ",
      "verseStringB": "And glorify your Lord."
    },
    {
      "verseNumber": 4,
      "verseString": "وَثِيَابَكَ فَطَهِّرْ",
      "verseStringB": "And purify your clothes."
    },
    {
      "verseNumber": 5,
      "verseString": "وَالرُّجْزَ فَاهْجُرْ",
      "verseStringB": "And abandon abominations."
    },
    {
      "verseNumber": 6,
      "verseString": "وَلَا تَمْنُنْ تَسْتَكْثِرُ",
      "verseStringB": "And show no favor, seeking gain."
    },
    {
      "verseNumber": 7,
      "verseString": "وَلِرَبِّكَ فَاصْبِرْ",
      "verseStringB": "And be constant for your Lord."
    },
    {
      "verseNumber": 8,
      "verseString": "فَإِذَا نُقِرَ فِي النَّاقُورِ",
      "verseStringB": "When the Trumpet is sounded."
    },
    {
      "verseNumber": 9,
      "verseString": "فَذَٰلِكَ يَوْمَئِذٍ يَوْمٌ عَسِيرٌ",
      "verseStringB": "That Day will be a difficult day."
    },
    {
      "verseNumber": 10,
      "verseString": "عَلَى الْكَافِرِينَ غَيْرُ يَسِيرٍ",
      "verseStringB": "For the disbelievers—not easy."
    },
    {
      "verseNumber": 11,
      "verseString": "ذَرْنِي وَمَنْ خَلَقْتُ وَحِيدًا",
      "verseStringB": "Leave Me alone to him whom I created."
    },
    {
      "verseNumber": 12,
      "verseString": "وَجَعَلْتُ لَهُ مَالًا مَمْدُودًا",
      "verseStringB": "And gave him vast wealth."
    },
    {
      "verseNumber": 13,
      "verseString": "وَبَنِينَ شُهُودًا",
      "verseStringB": "And children as witnesses."
    },
    {
      "verseNumber": 14,
      "verseString": "وَمَهَّدْتُ لَهُ تَمْهِيدًا",
      "verseStringB": "And smoothed things for him."
    },
    {
      "verseNumber": 15,
      "verseString": "ثُمَّ يَطْمَعُ أَنْ أَزِيدَ",
      "verseStringB": "Yet he desires that I should add more."
    },
    {
      "verseNumber": 16,
      "verseString": "كَلَّا ۖ إِنَّهُ كَانَ لِآيَاتِنَا عَنِيدًا",
      "verseStringB": "By no means! He was stubborn towards Our revelations."
    },
    {
      "verseNumber": 17,
      "verseString": "سَأُرْهِقُهُ صَعُودًا",
      "verseStringB": "I will exhaust him increasingly."
    },
    {
      "verseNumber": 18,
      "verseString": "إِنَّهُ فَكَّرَ وَقَدَّرَ",
      "verseStringB": "He thought and analyzed."
    },
    {
      "verseNumber": 19,
      "verseString": "فَقُتِلَ كَيْفَ قَدَّرَ",
      "verseStringB": "May he perish, how he analyzed."
    },
    {
      "verseNumber": 20,
      "verseString": "ثُمَّ قُتِلَ كَيْفَ قَدَّرَ",
      "verseStringB": "Again: may he perish, how he analyzed."
    },
    {
      "verseNumber": 21,
      "verseString": "ثُمَّ نَظَرَ",
      "verseStringB": "Then he looked."
    },
    {
      "verseNumber": 22,
      "verseString": "ثُمَّ عَبَسَ وَبَسَرَ",
      "verseStringB": "Then he frowned and whined."
    },
    {
      "verseNumber": 23,
      "verseString": "ثُمَّ أَدْبَرَ وَاسْتَكْبَرَ",
      "verseStringB": "Then he turned his back and was proud."
    },
    {
      "verseNumber": 24,
      "verseString": "فَقَالَ إِنْ هَٰذَا إِلَّا سِحْرٌ يُؤْثَرُ",
      "verseStringB": "And said, “This is nothing but magic from the past."
    },
    {
      "verseNumber": 25,
      "verseString": "إِنْ هَٰذَا إِلَّا قَوْلُ الْبَشَرِ",
      "verseStringB": "This is nothing but the word of a human being.”"
    },
    {
      "verseNumber": 26,
      "verseString": "سَأُصْلِيهِ سَقَرَ",
      "verseStringB": "I will roast him in Saqar."
    },
    {
      "verseNumber": 27,
      "verseString": "وَمَا أَدْرَاكَ مَا سَقَرُ",
      "verseStringB": "But what will explain to you what Saqar is?"
    },
    {
      "verseNumber": 28,
      "verseString": "لَا تُبْقِي وَلَا تَذَرُ",
      "verseStringB": "It neither leaves nor spares."
    },
    {
      "verseNumber": 29,
      "verseString": "لَوَّاحَةٌ لِلْبَشَرِ",
      "verseStringB": "It scorches the skin."
    },
    {
      "verseNumber": 30,
      "verseString": "عَلَيْهَا تِسْعَةَ عَشَرَ",
      "verseStringB": "Over it are Nineteen."
    },
    {
      "verseNumber": 31,
      "verseString": "وَمَا جَعَلْنَا أَصْحَابَ النَّارِ إِلَّا مَلَائِكَةً ۙ وَمَا جَعَلْنَا عِدَّتَهُمْ إِلَّا فِتْنَةً لِلَّذِينَ كَفَرُوا لِيَسْتَيْقِنَ الَّذِينَ أُوتُوا الْكِتَابَ وَيَزْدَادَ الَّذِينَ آمَنُوا إِيمَانًا ۙ وَلَا يَرْتَابَ الَّذِينَ أُوتُوا الْكِتَابَ وَالْمُؤْمِنُونَ ۙ وَلِيَقُولَ الَّذِينَ فِي قُلُوبِهِمْ مَرَضٌ وَالْكَافِرُونَ مَاذَا أَرَادَ اللَّهُ بِهَٰذَا مَثَلًا ۚ كَذَٰلِكَ يُضِلُّ اللَّهُ مَنْ يَشَاءُ وَيَهْدِي مَنْ يَشَاءُ ۚ وَمَا يَعْلَمُ جُنُودَ رَبِّكَ إِلَّا هُوَ ۚ وَمَا هِيَ إِلَّا ذِكْرَىٰ لِلْبَشَرِ",
      "verseStringB": "We have appointed none but angels as wardens of the Fire; and We caused their number to be a stumbling block for those who disbelieve; so that those given the Scripture may attain certainty; and those who believe may increase in faith; and those given the Scripture and the believers may not doubt; and those in whose hearts is sickness and the unbelievers may say, “What did Allah intend by this parable?” Thus Allah leads astray whom He wills, and He guides whom He wills. And none knows the soldiers of your Lord except He. And it is but a reminder to the humans."
    },
    {
      "verseNumber": 32,
      "verseString": "كَلَّا وَالْقَمَرِ",
      "verseStringB": "But no! By the moon."
    },
    {
      "verseNumber": 33,
      "verseString": "وَاللَّيْلِ إِذْ أَدْبَرَ",
      "verseStringB": "And the night as it retreats."
    },
    {
      "verseNumber": 34,
      "verseString": "وَالصُّبْحِ إِذَا أَسْفَرَ",
      "verseStringB": "And the morning as it brightens."
    },
    {
      "verseNumber": 35,
      "verseString": "إِنَّهَا لَإِحْدَى الْكُبَرِ",
      "verseStringB": "It is one of the greatest."
    },
    {
      "verseNumber": 36,
      "verseString": "نَذِيرًا لِلْبَشَرِ",
      "verseStringB": "A warning to humans."
    },
    {
      "verseNumber": 37,
      "verseString": "لِمَنْ شَاءَ مِنْكُمْ أَنْ يَتَقَدَّمَ أَوْ يَتَأَخَّرَ",
      "verseStringB": "To those among you who wish to advance, or lag behind."
    },
    {
      "verseNumber": 38,
      "verseString": "كُلُّ نَفْسٍ بِمَا كَسَبَتْ رَهِينَةٌ",
      "verseStringB": "Every soul is hostage to what it has done."
    },
    {
      "verseNumber": 39,
      "verseString": "إِلَّا أَصْحَابَ الْيَمِينِ",
      "verseStringB": "Except for those on the Right."
    },
    {
      "verseNumber": 40,
      "verseString": "فِي جَنَّاتٍ يَتَسَاءَلُونَ",
      "verseStringB": "In Gardens, asking one another."
    },
    {
      "verseNumber": 41,
      "verseString": "عَنِ الْمُجْرِمِينَ",
      "verseStringB": "About the guilty."
    },
    {
      "verseNumber": 42,
      "verseString": "مَا سَلَكَكُمْ فِي سَقَرَ",
      "verseStringB": "“What led you into Saqar?”"
    },
    {
      "verseNumber": 43,
      "verseString": "قَالُوا لَمْ نَكُ مِنَ الْمُصَلِّينَ",
      "verseStringB": "They will say, “We were not of those who prayed."
    },
    {
      "verseNumber": 44,
      "verseString": "وَلَمْ نَكُ نُطْعِمُ الْمِسْكِينَ",
      "verseStringB": "Nor did we feed the poor."
    },
    {
      "verseNumber": 45,
      "verseString": "وَكُنَّا نَخُوضُ مَعَ الْخَائِضِينَ",
      "verseStringB": "And we used to indulge with those who indulge."
    },
    {
      "verseNumber": 46,
      "verseString": "وَكُنَّا نُكَذِّبُ بِيَوْمِ الدِّينِ",
      "verseStringB": "And we used to deny Judgement Day."
    },
    {
      "verseNumber": 47,
      "verseString": "حَتَّىٰ أَتَانَا الْيَقِينُ",
      "verseStringB": "Until certainty came upon us.”"
    },
    {
      "verseNumber": 48,
      "verseString": "فَمَا تَنْفَعُهُمْ شَفَاعَةُ الشَّافِعِينَ",
      "verseStringB": "But the intercession of intercessors will not benefit them."
    },
    {
      "verseNumber": 49,
      "verseString": "فَمَا لَهُمْ عَنِ التَّذْكِرَةِ مُعْرِضِينَ",
      "verseStringB": "So what is the matter with them, turning away from the Reminder?"
    },
    {
      "verseNumber": 50,
      "verseString": "كَأَنَّهُمْ حُمُرٌ مُسْتَنْفِرَةٌ",
      "verseStringB": "As if they were panicked donkeys."
    },
    {
      "verseNumber": 51,
      "verseString": "فَرَّتْ مِنْ قَسْوَرَةٍ",
      "verseStringB": "Fleeing from a lion."
    },
    {
      "verseNumber": 52,
      "verseString": "بَلْ يُرِيدُ كُلُّ امْرِئٍ مِنْهُمْ أَنْ يُؤْتَىٰ صُحُفًا مُنَشَّرَةً",
      "verseStringB": "Yet every one of them wants to be given scrolls unrolled."
    },
    {
      "verseNumber": 53,
      "verseString": "كَلَّا ۖ بَلْ لَا يَخَافُونَ الْآخِرَةَ",
      "verseStringB": "No indeed! But they do not fear the Hereafter."
    },
    {
      "verseNumber": 54,
      "verseString": "كَلَّا إِنَّهُ تَذْكِرَةٌ",
      "verseStringB": "Nevertheless, it is a reminder."
    },
    {
      "verseNumber": 55,
      "verseString": "فَمَنْ شَاءَ ذَكَرَهُ",
      "verseStringB": "So whoever wills, shall remember it."
    },
    {
      "verseNumber": 56,
      "verseString": "وَمَا يَذْكُرُونَ إِلَّا أَنْ يَشَاءَ اللَّهُ ۚ هُوَ أَهْلُ التَّقْوَىٰ وَأَهْلُ الْمَغْفِرَةِ",
      "verseStringB": "But they will not remember—unless Allah wills. He is the Source of Righteousness and the Source of Forgiveness."
    }
  ],
  "nameEnglish": "The Enrobed",
  "nameTrans": "al-Muddathir",
  "nameArabic": "الـمـدثـر",
  "chapterNumber": 74,
  "nVerses": 56
}