{
  "verses": [
    {
      "verseNumber": 0,
      "verseString": "بِسْمِ اللَّهِ الرَّحْمَٰنِ الرَّحِيمِ",
      "verseStringB": "In the name of Allah, the Compassionate, the Merciful."
    },
    {
      "verseNumber": 1,
      "verseString": "لَا أُقْسِمُ بِيَوْمِ الْقِيَامَةِ",
      "verseStringB": "I swear by the Day of Resurrection."
    },
    {
      "verseNumber": 2,
      "verseString": "وَلَا أُقْسِمُ بِالنَّفْسِ اللَّوَّامَةِ",
      "verseStringB": "And I swear by the blaming soul."
    },
    {
      "verseNumber": 3,
      "verseString": "أَيَحْسَبُ الْإِنْسَانُ أَلَّنْ نَجْمَعَ عِظَامَهُ",
      "verseStringB": "Does the human being think that We will not gather his bones?"
    },
    {
      "verseNumber": 4,
      "verseString": "بَلَىٰ قَادِرِينَ عَلَىٰ أَنْ نُسَوِّيَ بَنَانَهُ",
      "verseStringB": "Yes indeed! We are able to reconstruct his fingertips."
    },
    {
      "verseNumber": 5,
      "verseString": "بَلْ يُرِيدُ الْإِنْسَانُ لِيَفْجُرَ أَمَامَهُ",
      "verseStringB": "But the human being wants to deny what lies ahead of him."
    },
    {
      "verseNumber": 6,
      "verseString": "يَسْأَلُ أَيَّانَ يَوْمُ الْقِيَامَةِ",
      "verseStringB": "He asks, “When is the Day of Resurrection?”"
    },
    {
      "verseNumber": 7,
      "verseString": "فَإِذَا بَرِقَ الْبَصَرُ",
      "verseStringB": "When vision is dazzled."
    },
    {
      "verseNumber": 8,
      "verseString": "وَخَسَفَ الْقَمَرُ",
      "verseStringB": "And the moon is eclipsed."
    },
    {
      "verseNumber": 9,
      "verseString": "وَجُمِعَ الشَّمْسُ وَالْقَمَرُ",
      "verseStringB": "And the sun and the moon are joined together."
    },
    {
      "verseNumber": 10,
      "verseString": "يَقُولُ الْإِنْسَانُ يَوْمَئِذٍ أَيْنَ الْمَفَرُّ",
      "verseStringB": "On that Day, man will say, “Where is the escape?”"
    },
    {
      "verseNumber": 11,
      "verseString": "كَلَّا لَا وَزَرَ",
      "verseStringB": "No indeed! There is no refuge."
    },
    {
      "verseNumber": 12,
      "verseString": "إِلَىٰ رَبِّكَ يَوْمَئِذٍ الْمُسْتَقَرُّ",
      "verseStringB": "To your Lord on that Day is the settlement."
    },
    {
      "verseNumber": 13,
      "verseString": "يُنَبَّأُ الْإِنْسَانُ يَوْمَئِذٍ بِمَا قَدَّمَ وَأَخَّرَ",
      "verseStringB": "On that Day, man will be informed of what he put forward, and what he left behind."
    },
    {
      "verseNumber": 14,
      "verseString": "بَلِ الْإِنْسَانُ عَلَىٰ نَفْسِهِ بَصِيرَةٌ",
      "verseStringB": "And man will be evidence against himself."
    },
    {
      "verseNumber": 15,
      "verseString": "وَلَوْ أَلْقَىٰ مَعَاذِيرَهُ",
      "verseStringB": "Even as he presents his excuses."
    },
    {
      "verseNumber": 16,
      "verseString": "لَا تُحَرِّكْ بِهِ لِسَانَكَ لِتَعْجَلَ بِهِ",
      "verseStringB": "Do not move your tongue with it, to hurry on with it."
    },
    {
      "verseNumber": 17,
      "verseString": "إِنَّ عَلَيْنَا جَمْعَهُ وَقُرْآنَهُ",
      "verseStringB": "Upon Us are its collection and its recitation."
    },
    {
      "verseNumber": 18,
      "verseString": "فَإِذَا قَرَأْنَاهُ فَاتَّبِعْ قُرْآنَهُ",
      "verseStringB": "Then, when We have recited it, follow its recitation."
    },
    {
      "verseNumber": 19,
      "verseString": "ثُمَّ إِنَّ عَلَيْنَا بَيَانَهُ",
      "verseStringB": "Then upon Us is its explanation."
    },
    {
      "verseNumber": 20,
      "verseString": "كَلَّا بَلْ تُحِبُّونَ الْعَاجِلَةَ",
      "verseStringB": "Alas! But you love the Fleeting."
    },
    {
      "verseNumber": 21,
      "verseString": "وَتَذَرُونَ الْآخِرَةَ",
      "verseStringB": "And you disregard the Hereafter."
    },
    {
      "verseNumber": 22,
      "verseString": "وُجُوهٌ يَوْمَئِذٍ نَاضِرَةٌ",
      "verseStringB": "Faces on that Day will be radiant."
    },
    {
      "verseNumber": 23,
      "verseString": "إِلَىٰ رَبِّهَا نَاظِرَةٌ",
      "verseStringB": "Looking towards their Lord."
    },
    {
      "verseNumber": 24,
      "verseString": "وَوُجُوهٌ يَوْمَئِذٍ بَاسِرَةٌ",
      "verseStringB": "And faces on that Day will be gloomy."
    },
    {
      "verseNumber": 25,
      "verseString": "تَظُنُّ أَنْ يُفْعَلَ بِهَا فَاقِرَةٌ",
      "verseStringB": "Realizing that a back-breaker has befallen them."
    },
    {
      "verseNumber": 26,
      "verseString": "كَلَّا إِذَا بَلَغَتِ التَّرَاقِيَ",
      "verseStringB": "Indeed, when it has reached the collarbones."
    },
    {
      "verseNumber": 27,
      "verseString": "وَقِيلَ مَنْ ۜ رَاقٍ",
      "verseStringB": "And it is said, “Who is the healer?”"
    },
    {
      "verseNumber": 28,
      "verseString": "وَظَنَّ أَنَّهُ الْفِرَاقُ",
      "verseStringB": "And he realizes that it is the parting."
    },
    {
      "verseNumber": 29,
      "verseString": "وَالْتَفَّتِ السَّاقُ بِالسَّاقِ",
      "verseStringB": "And the leg is entwined with the leg."
    },
    {
      "verseNumber": 30,
      "verseString": "إِلَىٰ رَبِّكَ يَوْمَئِذٍ الْمَسَاقُ",
      "verseStringB": "To your Lord on that Day is the drive."
    },
    {
      "verseNumber": 31,
      "verseString": "فَلَا صَدَّقَ وَلَا صَلَّىٰ",
      "verseStringB": "He neither believed nor prayed."
    },
    {
      "verseNumber": 32,
      "verseString": "وَلَٰكِنْ كَذَّبَ وَتَوَلَّىٰ",
      "verseStringB": "But he denied and turned away."
    },
    {
      "verseNumber": 33,
      "verseString": "ثُمَّ ذَهَبَ إِلَىٰ أَهْلِهِ يَتَمَطَّىٰ",
      "verseStringB": "Then he went to his family, walking proudly."
    },
    {
      "verseNumber": 34,
      "verseString": "أَوْلَىٰ لَكَ فَأَوْلَىٰ",
      "verseStringB": "So nearer to you! And nearer!"
    },
    {
      "verseNumber": 35,
      "verseString": "ثُمَّ أَوْلَىٰ لَكَ فَأَوْلَىٰ",
      "verseStringB": "Then again: Nearer to you! And nearer!"
    },
    {
      "verseNumber": 36,
      "verseString": "أَيَحْسَبُ الْإِنْسَانُ أَنْ يُتْرَكَ سُدًى",
      "verseStringB": "Does the human being think that he will be left without purpose?"
    },
    {
      "verseNumber": 37,
      "verseString": "أَلَمْ يَكُ نُطْفَةً مِنْ مَنِيٍّ يُمْنَىٰ",
      "verseStringB": "Was he not a fertilized egg from ejaculated semen?"
    },
    {
      "verseNumber": 38,
      "verseString": "ثُمَّ كَانَ عَلَقَةً فَخَلَقَ فَسَوَّىٰ",
      "verseStringB": "Then he became a clot. And He created and proportioned?"
    },
    {
      "verseNumber": 39,
      "verseString": "فَجَعَلَ مِنْهُ الزَّوْجَيْنِ الذَّكَرَ وَالْأُنْثَىٰ",
      "verseStringB": "And He made of him the two sexes: the male, and the female?"
    },
    {
      "verseNumber": 40,
      "verseString": "أَلَيْسَ ذَٰلِكَ بِقَادِرٍ عَلَىٰ أَنْ يُحْيِيَ الْمَوْتَىٰ",
      "verseStringB": "Is not such able to give life to the dead?"
    }
  ],
  "nameEnglish": "Resurrection",
  "nameTrans": "al-Qiyamah",
  "nameArabic": "الـقـيامـة",
  "chapterNumber": 75,
  "nVerses": 40
}