{
  "verses": [
    {
      "verseNumber": 0,
      "verseString": "بِسْمِ اللَّهِ الرَّحْمَٰنِ الرَّحِيمِ",
      "verseStringB": "In the name of Allah, the Compassionate, the Merciful."
    },
    {
      "verseNumber": 1,
      "verseString": "عَمَّ يَتَسَاءَلُونَ",
      "verseStringB": "What are they asking one another about?"
    },
    {
      "verseNumber": 2,
      "verseString": "عَنِ النَّبَإِ الْعَظِيمِ",
      "verseStringB": "About the Momentous News."
    },
    {
      "verseNumber": 3,
      "verseString": "الَّذِي هُمْ فِيهِ مُخْتَلِفُونَ",
      "verseStringB": "About which they disagree."
    },
    {
      "verseNumber": 4,
      "verseString": "كَلَّا سَيَعْلَمُونَ",
      "verseStringB": "Surely, they will know."
    },
    {
      "verseNumber": 5,
      "verseString": "ثُمَّ كَلَّا سَيَعْلَمُونَ",
      "verseStringB": "Most certainly, they will know."
    },
    {
      "verseNumber": 6,
      "verseString": "أَلَمْ نَجْعَلِ الْأَرْضَ مِهَادًا",
      "verseStringB": "Did We not make the earth a cradle?"
    },
    {
      "verseNumber": 7,
      "verseString": "وَالْجِبَالَ أَوْتَادًا",
      "verseStringB": "And the mountains pegs?"
    },
    {
      "verseNumber": 8,
      "verseString": "وَخَلَقْنَاكُمْ أَزْوَاجًا",
      "verseStringB": "And created you in pairs?"
    },
    {
      "verseNumber": 9,
      "verseString": "وَجَعَلْنَا نَوْمَكُمْ سُبَاتًا",
      "verseStringB": "And made your sleep for rest?"
    },
    {
      "verseNumber": 10,
      "verseString": "وَجَعَلْنَا اللَّيْلَ لِبَاسًا",
      "verseStringB": "And made the night a cover?"
    },
    {
      "verseNumber": 11,
      "verseString": "وَجَعَلْنَا النَّهَارَ مَعَاشًا",
      "verseStringB": "And made the day for livelihood?"
    },
    {
      "verseNumber": 12,
      "verseString": "وَبَنَيْنَا فَوْقَكُمْ سَبْعًا شِدَادًا",
      "verseStringB": "And constructed above you seven firmaments?"
    },
    {
      "verseNumber": 13,
      "verseString": "وَجَعَلْنَا سِرَاجًا وَهَّاجًا",
      "verseStringB": "And placed a blazing lamp?"
    },
    {
      "verseNumber": 14,
      "verseString": "وَأَنْزَلْنَا مِنَ الْمُعْصِرَاتِ مَاءً ثَجَّاجًا",
      "verseStringB": "And sent down from the clouds pouring water?"
    },
    {
      "verseNumber": 15,
      "verseString": "لِنُخْرِجَ بِهِ حَبًّا وَنَبَاتًا",
      "verseStringB": "To produce with it grains and vegetation?"
    },
    {
      "verseNumber": 16,
      "verseString": "وَجَنَّاتٍ أَلْفَافًا",
      "verseStringB": "And lush gardens?"
    },
    {
      "verseNumber": 17,
      "verseString": "إِنَّ يَوْمَ الْفَصْلِ كَانَ مِيقَاتًا",
      "verseStringB": "The Day of Sorting has been appointed."
    },
    {
      "verseNumber": 18,
      "verseString": "يَوْمَ يُنْفَخُ فِي الصُّورِ فَتَأْتُونَ أَفْوَاجًا",
      "verseStringB": "The Day when the Trumpet is blown, and you will come in crowds."
    },
    {
      "verseNumber": 19,
      "verseString": "وَفُتِحَتِ السَّمَاءُ فَكَانَتْ أَبْوَابًا",
      "verseStringB": "And the sky is opened up, and it becomes gateways."
    },
    {
      "verseNumber": 20,
      "verseString": "وَسُيِّرَتِ الْجِبَالُ فَكَانَتْ سَرَابًا",
      "verseStringB": "And the mountains are set in motion, and they become a mirage."
    },
    {
      "verseNumber": 21,
      "verseString": "إِنَّ جَهَنَّمَ كَانَتْ مِرْصَادًا",
      "verseStringB": "Hell is lying in ambush."
    },
    {
      "verseNumber": 22,
      "verseString": "لِلطَّاغِينَ مَآبًا",
      "verseStringB": "For the oppressors, a destination."
    },
    {
      "verseNumber": 23,
      "verseString": "لَابِثِينَ فِيهَا أَحْقَابًا",
      "verseStringB": "Where they will remain for eons."
    },
    {
      "verseNumber": 24,
      "verseString": "لَا يَذُوقُونَ فِيهَا بَرْدًا وَلَا شَرَابًا",
      "verseStringB": "They will taste in it neither coolness nor drink."
    },
    {
      "verseNumber": 25,
      "verseString": "إِلَّا حَمِيمًا وَغَسَّاقًا",
      "verseStringB": "Except boiling water and freezing hail."
    },
    {
      "verseNumber": 26,
      "verseString": "جَزَاءً وِفَاقًا",
      "verseStringB": "An appropriate punishment."
    },
    {
      "verseNumber": 27,
      "verseString": "إِنَّهُمْ كَانُوا لَا يَرْجُونَ حِسَابًا",
      "verseStringB": "They were not anticipating any reckoning."
    },
    {
      "verseNumber": 28,
      "verseString": "وَكَذَّبُوا بِآيَاتِنَا كِذَّابًا",
      "verseStringB": "And they denied Our signs with utter denial."
    },
    {
      "verseNumber": 29,
      "verseString": "وَكُلَّ شَيْءٍ أَحْصَيْنَاهُ كِتَابًا",
      "verseStringB": "And We have recorded everything in a book."
    },
    {
      "verseNumber": 30,
      "verseString": "فَذُوقُوا فَلَنْ نَزِيدَكُمْ إِلَّا عَذَابًا",
      "verseStringB": "So taste! We will increase you in nothing but suffering."
    },
    {
      "verseNumber": 31,
      "verseString": "إِنَّ لِلْمُتَّقِينَ مَفَازًا",
      "verseStringB": "But for the righteous, there is triumph."
    },
    {
      "verseNumber": 32,
      "verseString": "حَدَائِقَ وَأَعْنَابًا",
      "verseStringB": "Gardens and vineyards."
    },
    {
      "verseNumber": 33,
      "verseString": "وَكَوَاعِبَ أَتْرَابًا",
      "verseStringB": "And splendid spouses, well-matched."
    },
    {
      "verseNumber": 34,
      "verseString": "وَكَأْسًا دِهَاقًا",
      "verseStringB": "And overflowing cups."
    },
    {
      "verseNumber": 35,
      "verseString": "لَا يَسْمَعُونَ فِيهَا لَغْوًا وَلَا كِذَّابًا",
      "verseStringB": "They will hear in it neither gossip nor lies."
    },
    {
      "verseNumber": 36,
      "verseString": "جَزَاءً مِنْ رَبِّكَ عَطَاءً حِسَابًا",
      "verseStringB": "A reward from your Lord, a calculated reward."
    },
    {
      "verseNumber": 37,
      "verseString": "رَبِّ السَّمَاوَاتِ وَالْأَرْضِ وَمَا بَيْنَهُمَا الرَّحْمَٰنِ ۖ لَا يَمْلِكُونَ مِنْهُ خِطَابًا",
      "verseStringB": "Lord of the heavens and the earth, and whatever is between them—The Most Merciful—they will have no authorization from Him to speak."
    },
    {
      "verseNumber": 38,
      "verseString": "يَوْمَ يَقُومُ الرُّوحُ وَالْمَلَائِكَةُ صَفًّا ۖ لَا يَتَكَلَّمُونَ إِلَّا مَنْ أَذِنَ لَهُ الرَّحْمَٰنُ وَقَالَ صَوَابًا",
      "verseStringB": "On the Day when the Spirit and the angels stand in a row. They will not speak, except those granted permission by the Compassionate and whose words are true."
    },
    {
      "verseNumber": 39,
      "verseString": "ذَٰلِكَ الْيَوْمُ الْحَقُّ ۖ فَمَنْ شَاءَ اتَّخَذَ إِلَىٰ رَبِّهِ مَآبًا",
      "verseStringB": "This is the Day of Reality. So whoever wills, let him take a path back to his Lord."
    },
    {
      "verseNumber": 40,
      "verseString": "إِنَّا أَنْذَرْنَاكُمْ عَذَابًا قَرِيبًا يَوْمَ يَنْظُرُ الْمَرْءُ مَا قَدَّمَتْ يَدَاهُ وَيَقُولُ الْكَافِرُ يَا لَيْتَنِي كُنْتُ تُرَابًا",
      "verseStringB": "We have warned you of an imminent punishment—the Day when a person will observe what his hands have produced, and the unbeliever will say, “I wish I were dust.”"
    }
  ],
  "nameEnglish": "The Event",
  "nameTrans": "an-Naba'",
  "nameArabic": "الـنبإ",
  "chapterNumber": 78,
  "nVerses": 40
}