{
  "verses": [
    {
      "verseNumber": 0,
      "verseString": "بِسْمِ اللَّهِ الرَّحْمَٰنِ الرَّحِيمِ",
      "verseStringB": "In the name of Allah, the Compassionate, the Merciful."
    },
    {
      "verseNumber": 1,
      "verseString": "عَبَسَ وَتَوَلَّىٰ",
      "verseStringB": "He frowned and turned away."
    },
    {
      "verseNumber": 2,
      "verseString": "أَنْ جَاءَهُ الْأَعْمَىٰ",
      "verseStringB": "Because the blind man came to him."
    },
    {
      "verseNumber": 3,
      "verseString": "وَمَا يُدْرِيكَ لَعَلَّهُ يَزَّكَّىٰ",
      "verseStringB": "But how do you know? Perhaps he was seeking to purify himself."
    },
    {
      "verseNumber": 4,
      "verseString": "أَوْ يَذَّكَّرُ فَتَنْفَعَهُ الذِّكْرَىٰ",
      "verseStringB": "Or be reminded, and the message would benefit him."
    },
    {
      "verseNumber": 5,
      "verseString": "أَمَّا مَنِ اسْتَغْنَىٰ",
      "verseStringB": "But as for him who was indifferent."
    },
    {
      "verseNumber": 6,
      "verseString": "فَأَنْتَ لَهُ تَصَدَّىٰ",
      "verseStringB": "You gave him your attention."
    },
    {
      "verseNumber": 7,
      "verseString": "وَمَا عَلَيْكَ أَلَّا يَزَّكَّىٰ",
      "verseStringB": "Though you are not liable if he does not purify himself."
    },
    {
      "verseNumber": 8,
      "verseString": "وَأَمَّا مَنْ جَاءَكَ يَسْعَىٰ",
      "verseStringB": "But as for him who came to you seeking."
    },
    {
      "verseNumber": 9,
      "verseString": "وَهُوَ يَخْشَىٰ",
      "verseStringB": "In awe."
    },
    {
      "verseNumber": 10,
      "verseString": "فَأَنْتَ عَنْهُ تَلَهَّىٰ",
      "verseStringB": "To him you were inattentive."
    },
    {
      "verseNumber": 11,
      "verseString": "كَلَّا إِنَّهَا تَذْكِرَةٌ",
      "verseStringB": "Do not. This is a Lesson."
    },
    {
      "verseNumber": 12,
      "verseString": "فَمَنْ شَاءَ ذَكَرَهُ",
      "verseStringB": "So whoever wills, shall take notice from it."
    },
    {
      "verseNumber": 13,
      "verseString": "فِي صُحُفٍ مُكَرَّمَةٍ",
      "verseStringB": "In honorable pages."
    },
    {
      "verseNumber": 14,
      "verseString": "مَرْفُوعَةٍ مُطَهَّرَةٍ",
      "verseStringB": "Elevated and purified."
    },
    {
      "verseNumber": 15,
      "verseString": "بِأَيْدِي سَفَرَةٍ",
      "verseStringB": "By the hands of scribes."
    },
    {
      "verseNumber": 16,
      "verseString": "كِرَامٍ بَرَرَةٍ",
      "verseStringB": "Noble and virtuous."
    },
    {
      "verseNumber": 17,
      "verseString": "قُتِلَ الْإِنْسَانُ مَا أَكْفَرَهُ",
      "verseStringB": "Perish the human being! How ungrateful he is!"
    },
    {
      "verseNumber": 18,
      "verseString": "مِنْ أَيِّ شَيْءٍ خَلَقَهُ",
      "verseStringB": "From what thing did He create him?"
    },
    {
      "verseNumber": 19,
      "verseString": "مِنْ نُطْفَةٍ خَلَقَهُ فَقَدَّرَهُ",
      "verseStringB": "From a drop He created him. Then He proportioned him."
    },
    {
      "verseNumber": 20,
      "verseString": "ثُمَّ السَّبِيلَ يَسَّرَهُ",
      "verseStringB": "Then He eased the way for him."
    },
    {
      "verseNumber": 21,
      "verseString": "ثُمَّ أَمَاتَهُ فَأَقْبَرَهُ",
      "verseStringB": "Then He puts him to death, and He buries him."
    },
    {
      "verseNumber": 22,
      "verseString": "ثُمَّ إِذَا شَاءَ أَنْشَرَهُ",
      "verseStringB": "Then, whenever He wills, He will resurrect him."
    },
    {
      "verseNumber": 23,
      "verseString": "كَلَّا لَمَّا يَقْضِ مَا أَمَرَهُ",
      "verseStringB": "But no, he did not fulfill what He commanded him."
    },
    {
      "verseNumber": 24,
      "verseString": "فَلْيَنْظُرِ الْإِنْسَانُ إِلَىٰ طَعَامِهِ",
      "verseStringB": "Let the human being look at his food."
    },
    {
      "verseNumber": 25,
      "verseString": "أَنَّا صَبَبْنَا الْمَاءَ صَبًّا",
      "verseStringB": "How We pour down water in abundance."
    },
    {
      "verseNumber": 26,
      "verseString": "ثُمَّ شَقَقْنَا الْأَرْضَ شَقًّا",
      "verseStringB": "Then crack the soil open."
    },
    {
      "verseNumber": 27,
      "verseString": "فَأَنْبَتْنَا فِيهَا حَبًّا",
      "verseStringB": "And grow in it grains."
    },
    {
      "verseNumber": 28,
      "verseString": "وَعِنَبًا وَقَضْبًا",
      "verseStringB": "And grapes and herbs."
    },
    {
      "verseNumber": 29,
      "verseString": "وَزَيْتُونًا وَنَخْلًا",
      "verseStringB": "And olives and dates."
    },
    {
      "verseNumber": 30,
      "verseString": "وَحَدَائِقَ غُلْبًا",
      "verseStringB": "And luscious gardens."
    },
    {
      "verseNumber": 31,
      "verseString": "وَفَاكِهَةً وَأَبًّا",
      "verseStringB": "And fruits and vegetables."
    },
    {
      "verseNumber": 32,
      "verseString": "مَتَاعًا لَكُمْ وَلِأَنْعَامِكُمْ",
      "verseStringB": "As sustenance for you and for your livestock."
    },
    {
      "verseNumber": 33,
      "verseString": "فَإِذَا جَاءَتِ الصَّاخَّةُ",
      "verseStringB": "But when the Deafening Blast comes to pass."
    },
    {
      "verseNumber": 34,
      "verseString": "يَوْمَ يَفِرُّ الْمَرْءُ مِنْ أَخِيهِ",
      "verseStringB": "The Day when a person will flee from his brother."
    },
    {
      "verseNumber": 35,
      "verseString": "وَأُمِّهِ وَأَبِيهِ",
      "verseStringB": "And his mother and his father."
    },
    {
      "verseNumber": 36,
      "verseString": "وَصَاحِبَتِهِ وَبَنِيهِ",
      "verseStringB": "And his spouse and his children."
    },
    {
      "verseNumber": 37,
      "verseString": "لِكُلِّ امْرِئٍ مِنْهُمْ يَوْمَئِذٍ شَأْنٌ يُغْنِيهِ",
      "verseStringB": "Every one of them, on that Day, will have enough to preoccupy him."
    },
    {
      "verseNumber": 38,
      "verseString": "وُجُوهٌ يَوْمَئِذٍ مُسْفِرَةٌ",
      "verseStringB": "Faces on that Day will be radiant."
    },
    {
      "verseNumber": 39,
      "verseString": "ضَاحِكَةٌ مُسْتَبْشِرَةٌ",
      "verseStringB": "Laughing and rejoicing."
    },
    {
      "verseNumber": 40,
      "verseString": "وَوُجُوهٌ يَوْمَئِذٍ عَلَيْهَا غَبَرَةٌ",
      "verseStringB": "And faces on that Day will be covered with dust."
    },
    {
      "verseNumber": 41,
      "verseString": "تَرْهَقُهَا قَتَرَةٌ",
      "verseStringB": "Covered by darkness."
    },
    {
      "verseNumber": 42,
      "verseString": "أُولَٰئِكَ هُمُ الْكَفَرَةُ الْفَجَرَةُ",
      "verseStringB": "These are the faithless, the vicious."
    }
  ],
  "nameEnglish": "He Frowned",
  "nameTrans": "'Abasa",
  "nameArabic": "عبس",
  "chapterNumber": 80,
  "nVerses": 42
}