{
  "verses": [
    {
      "verseNumber": 0,
      "verseString": "بِسْمِ اللَّهِ الرَّحْمَٰنِ الرَّحِيمِ",
      "verseStringB": "In the name of Allah, the Compassionate, the Merciful."
    },
    {
      "verseNumber": 1,
      "verseString": "إِذَا الشَّمْسُ كُوِّرَتْ",
      "verseStringB": "When the sun is rolled."
    },
    {
      "verseNumber": 2,
      "verseString": "وَإِذَا النُّجُومُ انْكَدَرَتْ",
      "verseStringB": "And the stars are dimmed."
    },
    {
      "verseNumber": 3,
      "verseString": "وَإِذَا الْجِبَالُ سُيِّرَتْ",
      "verseStringB": "And the mountains are set in motion."
    },
    {
      "verseNumber": 4,
      "verseString": "وَإِذَا الْعِشَارُ عُطِّلَتْ",
      "verseStringB": "And the relationships are suspended."
    },
    {
      "verseNumber": 5,
      "verseString": "وَإِذَا الْوُحُوشُ حُشِرَتْ",
      "verseStringB": "And the beasts are gathered."
    },
    {
      "verseNumber": 6,
      "verseString": "وَإِذَا الْبِحَارُ سُجِّرَتْ",
      "verseStringB": "And the oceans are set aflame."
    },
    {
      "verseNumber": 7,
      "verseString": "وَإِذَا النُّفُوسُ زُوِّجَتْ",
      "verseStringB": "And the souls are paired."
    },
    {
      "verseNumber": 8,
      "verseString": "وَإِذَا الْمَوْءُودَةُ سُئِلَتْ",
      "verseStringB": "And the girl, buried alive, is asked:"
    },
    {
      "verseNumber": 9,
      "verseString": "بِأَيِّ ذَنْبٍ قُتِلَتْ",
      "verseStringB": "For what crime was she killed?"
    },
    {
      "verseNumber": 10,
      "verseString": "وَإِذَا الصُّحُفُ نُشِرَتْ",
      "verseStringB": "And when the pages are made public."
    },
    {
      "verseNumber": 11,
      "verseString": "وَإِذَا السَّمَاءُ كُشِطَتْ",
      "verseStringB": "And the sky is peeled away."
    },
    {
      "verseNumber": 12,
      "verseString": "وَإِذَا الْجَحِيمُ سُعِّرَتْ",
      "verseStringB": "And the Fire is set ablaze."
    },
    {
      "verseNumber": 13,
      "verseString": "وَإِذَا الْجَنَّةُ أُزْلِفَتْ",
      "verseStringB": "And Paradise is brought near."
    },
    {
      "verseNumber": 14,
      "verseString": "عَلِمَتْ نَفْسٌ مَا أَحْضَرَتْ",
      "verseStringB": "Each soul will know what it has readied."
    },
    {
      "verseNumber": 15,
      "verseString": "فَلَا أُقْسِمُ بِالْخُنَّسِ",
      "verseStringB": "I swear by the galaxies."
    },
    {
      "verseNumber": 16,
      "verseString": "الْجَوَارِ الْكُنَّسِ",
      "verseStringB": "Precisely running their courses."
    },
    {
      "verseNumber": 17,
      "verseString": "وَاللَّيْلِ إِذَا عَسْعَسَ",
      "verseStringB": "And by the night, as it dissipates."
    },
    {
      "verseNumber": 18,
      "verseString": "وَالصُّبْحِ إِذَا تَنَفَّسَ",
      "verseStringB": "And by the morning, as it breathes."
    },
    {
      "verseNumber": 19,
      "verseString": "إِنَّهُ لَقَوْلُ رَسُولٍ كَرِيمٍ",
      "verseStringB": "This is the speech of a noble messenger."
    },
    {
      "verseNumber": 20,
      "verseString": "ذِي قُوَّةٍ عِنْدَ ذِي الْعَرْشِ مَكِينٍ",
      "verseStringB": "Endowed with strength, secure with the Lord of the Throne."
    },
    {
      "verseNumber": 21,
      "verseString": "مُطَاعٍ ثَمَّ أَمِينٍ",
      "verseStringB": "Obeyed and trustworthy."
    },
    {
      "verseNumber": 22,
      "verseString": "وَمَا صَاحِبُكُمْ بِمَجْنُونٍ",
      "verseStringB": "Your friend is not possessed."
    },
    {
      "verseNumber": 23,
      "verseString": "وَلَقَدْ رَآهُ بِالْأُفُقِ الْمُبِينِ",
      "verseStringB": "He saw him on the clear horizon."
    },
    {
      "verseNumber": 24,
      "verseString": "وَمَا هُوَ عَلَى الْغَيْبِ بِضَنِينٍ",
      "verseStringB": "And He does not withhold knowledge of the Unseen."
    },
    {
      "verseNumber": 25,
      "verseString": "وَمَا هُوَ بِقَوْلِ شَيْطَانٍ رَجِيمٍ",
      "verseStringB": "And it is not the word of an outcast devil."
    },
    {
      "verseNumber": 26,
      "verseString": "فَأَيْنَ تَذْهَبُونَ",
      "verseStringB": "So where are you heading?"
    },
    {
      "verseNumber": 27,
      "verseString": "إِنْ هُوَ إِلَّا ذِكْرٌ لِلْعَالَمِينَ",
      "verseStringB": "It is nothing but a reminder for humankind."
    },
    {
      "verseNumber": 28,
      "verseString": "لِمَنْ شَاءَ مِنْكُمْ أَنْ يَسْتَقِيمَ",
      "verseStringB": "To whoever among you wills to go straight."
    },
    {
      "verseNumber": 29,
      "verseString": "وَمَا تَشَاءُونَ إِلَّا أَنْ يَشَاءَ اللَّهُ رَبُّ الْعَالَمِينَ",
      "verseStringB": "But you cannot will, unless Allah wills, Lord of the Worlds."
    }
  ],
  "nameEnglish": "The Rolling",
  "nameTrans": "at-Takwir",
  "nameArabic": "التكوير",
  "chapterNumber": 81,
  "nVerses": 29
}