{
  "verses": [
    {
      "verseNumber": 0,
      "verseString": "بِسْمِ اللَّهِ الرَّحْمَٰنِ الرَّحِيمِ",
      "verseStringB": "In the name of Allah, the Compassionate, the Merciful."
    },
    {
      "verseNumber": 1,
      "verseString": "إِذَا السَّمَاءُ انْشَقَّتْ",
      "verseStringB": "When the sky is ruptured."
    },
    {
      "verseNumber": 2,
      "verseString": "وَأَذِنَتْ لِرَبِّهَا وَحُقَّتْ",
      "verseStringB": "And obeys its Lord, as it must."
    },
    {
      "verseNumber": 3,
      "verseString": "وَإِذَا الْأَرْضُ مُدَّتْ",
      "verseStringB": "And when the earth is stretched."
    },
    {
      "verseNumber": 4,
      "verseString": "وَأَلْقَتْ مَا فِيهَا وَتَخَلَّتْ",
      "verseStringB": "And ejects its contents and becomes empty."
    },
    {
      "verseNumber": 5,
      "verseString": "وَأَذِنَتْ لِرَبِّهَا وَحُقَّتْ",
      "verseStringB": "And obeys its Lord, as it must."
    },
    {
      "verseNumber": 6,
      "verseString": "يَا أَيُّهَا الْإِنْسَانُ إِنَّكَ كَادِحٌ إِلَىٰ رَبِّكَ كَدْحًا فَمُلَاقِيهِ",
      "verseStringB": "O, man! You are laboring towards your Lord, and you will meet Him."
    },
    {
      "verseNumber": 7,
      "verseString": "فَأَمَّا مَنْ أُوتِيَ كِتَابَهُ بِيَمِينِهِ",
      "verseStringB": "As for him who is given his book in his right hand."
    },
    {
      "verseNumber": 8,
      "verseString": "فَسَوْفَ يُحَاسَبُ حِسَابًا يَسِيرًا",
      "verseStringB": "He will be reckoned with an easy reckoning."
    },
    {
      "verseNumber": 9,
      "verseString": "وَيَنْقَلِبُ إِلَىٰ أَهْلِهِ مَسْرُورًا",
      "verseStringB": "And will return to his family delighted."
    },
    {
      "verseNumber": 10,
      "verseString": "وَأَمَّا مَنْ أُوتِيَ كِتَابَهُ وَرَاءَ ظَهْرِهِ",
      "verseStringB": "But as for him who is given his book behind his back."
    },
    {
      "verseNumber": 11,
      "verseString": "فَسَوْفَ يَدْعُو ثُبُورًا",
      "verseStringB": "He will call for destruction."
    },
    {
      "verseNumber": 12,
      "verseString": "وَيَصْلَىٰ سَعِيرًا",
      "verseStringB": "And will enter a Blaze."
    },
    {
      "verseNumber": 13,
      "verseString": "إِنَّهُ كَانَ فِي أَهْلِهِ مَسْرُورًا",
      "verseStringB": "He used to be happy among his family."
    },
    {
      "verseNumber": 14,
      "verseString": "إِنَّهُ ظَنَّ أَنْ لَنْ يَحُورَ",
      "verseStringB": "He thought he would not return."
    },
    {
      "verseNumber": 15,
      "verseString": "بَلَىٰ إِنَّ رَبَّهُ كَانَ بِهِ بَصِيرًا",
      "verseStringB": "In fact, His Lord was watching him."
    },
    {
      "verseNumber": 16,
      "verseString": "فَلَا أُقْسِمُ بِالشَّفَقِ",
      "verseStringB": "I swear by the twilight."
    },
    {
      "verseNumber": 17,
      "verseString": "وَاللَّيْلِ وَمَا وَسَقَ",
      "verseStringB": "And by the night, and what it enshrouds."
    },
    {
      "verseNumber": 18,
      "verseString": "وَالْقَمَرِ إِذَا اتَّسَقَ",
      "verseStringB": "And by the moon, when it is full."
    },
    {
      "verseNumber": 19,
      "verseString": "لَتَرْكَبُنَّ طَبَقًا عَنْ طَبَقٍ",
      "verseStringB": "You will mount stage by stage."
    },
    {
      "verseNumber": 20,
      "verseString": "فَمَا لَهُمْ لَا يُؤْمِنُونَ",
      "verseStringB": "So what is the matter with them, that they do not believe?"
    },
    {
      "verseNumber": 21,
      "verseString": "وَإِذَا قُرِئَ عَلَيْهِمُ الْقُرْآنُ لَا يَسْجُدُونَ ۩",
      "verseStringB": "And when the Quran is read to them, they do not bow down?"
    },
    {
      "verseNumber": 22,
      "verseString": "بَلِ الَّذِينَ كَفَرُوا يُكَذِّبُونَ",
      "verseStringB": "In fact, those who disbelieve are in denial."
    },
    {
      "verseNumber": 23,
      "verseString": "وَاللَّهُ أَعْلَمُ بِمَا يُوعُونَ",
      "verseStringB": "But Allah knows what they hide inside."
    },
    {
      "verseNumber": 24,
      "verseString": "فَبَشِّرْهُمْ بِعَذَابٍ أَلِيمٍ",
      "verseStringB": "So inform them of a painful punishment."
    },
    {
      "verseNumber": 25,
      "verseString": "إِلَّا الَّذِينَ آمَنُوا وَعَمِلُوا الصَّالِحَاتِ لَهُمْ أَجْرٌ غَيْرُ مَمْنُونٍ",
      "verseStringB": "Except for those who believe and do good deeds—they will have a never-ending reward."
    }
  ],
  "nameEnglish": "The Rupture",
  "nameTrans": "al-Inshiqaq",
  "nameArabic": "الانشقاق",
  "chapterNumber": 84,
  "nVerses": 25
}