{
  "verses": [
    {
      "verseNumber": 0,
      "verseString": "بِسْمِ اللَّهِ الرَّحْمَٰنِ الرَّحِيمِ",
      "verseStringB": "In the name of Allah, the Compassionate, the Merciful."
    },
    {
      "verseNumber": 1,
      "verseString": "هَلْ أَتَاكَ حَدِيثُ الْغَاشِيَةِ",
      "verseStringB": "Has the news of the Overwhelming reached you?"
    },
    {
      "verseNumber": 2,
      "verseString": "وُجُوهٌ يَوْمَئِذٍ خَاشِعَةٌ",
      "verseStringB": "Faces on that Day will be downcast."
    },
    {
      "verseNumber": 3,
      "verseString": "عَامِلَةٌ نَاصِبَةٌ",
      "verseStringB": "Laboring and exhausted."
    },
    {
      "verseNumber": 4,
      "verseString": "تَصْلَىٰ نَارًا حَامِيَةً",
      "verseStringB": "Entering a scorching Fire."
    },
    {
      "verseNumber": 5,
      "verseString": "تُسْقَىٰ مِنْ عَيْنٍ آنِيَةٍ",
      "verseStringB": "Given to drink from a flaming spring."
    },
    {
      "verseNumber": 6,
      "verseString": "لَيْسَ لَهُمْ طَعَامٌ إِلَّا مِنْ ضَرِيعٍ",
      "verseStringB": "They will have no food except thorns."
    },
    {
      "verseNumber": 7,
      "verseString": "لَا يُسْمِنُ وَلَا يُغْنِي مِنْ جُوعٍ",
      "verseStringB": "Neither nourishing nor satisfying hunger."
    },
    {
      "verseNumber": 8,
      "verseString": "وُجُوهٌ يَوْمَئِذٍ نَاعِمَةٌ",
      "verseStringB": "Faces on that Day will be radiant."
    },
    {
      "verseNumber": 9,
      "verseString": "لِسَعْيِهَا رَاضِيَةٌ",
      "verseStringB": "Satisfied with their endeavor."
    },
    {
      "verseNumber": 10,
      "verseString": "فِي جَنَّةٍ عَالِيَةٍ",
      "verseStringB": "In a lofty Garden."
    },
    {
      "verseNumber": 11,
      "verseString": "لَا تَسْمَعُ فِيهَا لَاغِيَةً",
      "verseStringB": "In it, you will hear no nonsense."
    },
    {
      "verseNumber": 12,
      "verseString": "فِيهَا عَيْنٌ جَارِيَةٌ",
      "verseStringB": "In it, is a flowing spring."
    },
    {
      "verseNumber": 13,
      "verseString": "فِيهَا سُرُرٌ مَرْفُوعَةٌ",
      "verseStringB": "In it, are raised beds."
    },
    {
      "verseNumber": 14,
      "verseString": "وَأَكْوَابٌ مَوْضُوعَةٌ",
      "verseStringB": "And cups set in place."
    },
    {
      "verseNumber": 15,
      "verseString": "وَنَمَارِقُ مَصْفُوفَةٌ",
      "verseStringB": "And cushions lined up."
    },
    {
      "verseNumber": 16,
      "verseString": "وَزَرَابِيُّ مَبْثُوثَةٌ",
      "verseStringB": "And carpets spread around."
    },
    {
      "verseNumber": 17,
      "verseString": "أَفَلَا يَنْظُرُونَ إِلَى الْإِبِلِ كَيْفَ خُلِقَتْ",
      "verseStringB": "Do they not look at the camels—how they are created?"
    },
    {
      "verseNumber": 18,
      "verseString": "وَإِلَى السَّمَاءِ كَيْفَ رُفِعَتْ",
      "verseStringB": "And at the sky—how it is raised?"
    },
    {
      "verseNumber": 19,
      "verseString": "وَإِلَى الْجِبَالِ كَيْفَ نُصِبَتْ",
      "verseStringB": "And at the mountains—how they are installed?"
    },
    {
      "verseNumber": 20,
      "verseString": "وَإِلَى الْأَرْضِ كَيْفَ سُطِحَتْ",
      "verseStringB": "And at the earth—how it is spread out?"
    },
    {
      "verseNumber": 21,
      "verseString": "فَذَكِّرْ إِنَّمَا أَنْتَ مُذَكِّرٌ",
      "verseStringB": "So remind. You are only a reminder."
    },
    {
      "verseNumber": 22,
      "verseString": "لَسْتَ عَلَيْهِمْ بِمُصَيْطِرٍ",
      "verseStringB": "You have no control over them."
    },
    {
      "verseNumber": 23,
      "verseString": "إِلَّا مَنْ تَوَلَّىٰ وَكَفَرَ",
      "verseStringB": "But whoever turns away and disbelieves."
    },
    {
      "verseNumber": 24,
      "verseString": "فَيُعَذِّبُهُ اللَّهُ الْعَذَابَ الْأَكْبَرَ",
      "verseStringB": "Allah will punish him with the greatest punishment."
    },
    {
      "verseNumber": 25,
      "verseString": "إِنَّ إِلَيْنَا إِيَابَهُمْ",
      "verseStringB": "To Us is their return."
    },
    {
      "verseNumber": 26,
      "verseString": "ثُمَّ إِنَّ عَلَيْنَا حِسَابَهُمْ",
      "verseStringB": "Then upon Us rests their reckoning."
    }
  ],
  "nameEnglish": "The Overwhelming",
  "nameTrans": "al-Ghashiyah",
  "nameArabic": "الغاشـيـة",
  "chapterNumber": 88,
  "nVerses": 26
}