{
  "verses": [
    {
      "verseNumber": 0,
      "verseString": "بِسْمِ اللَّهِ الرَّحْمَٰنِ الرَّحِيمِ",
      "verseStringB": "In the name of Allah, the Compassionate, the Merciful."
    },
    {
      "verseNumber": 1,
      "verseString": "وَالشَّمْسِ وَضُحَاهَا",
      "verseStringB": "By the sun and its brightness."
    },
    {
      "verseNumber": 2,
      "verseString": "وَالْقَمَرِ إِذَا تَلَاهَا",
      "verseStringB": "And the moon as it follows it."
    },
    {
      "verseNumber": 3,
      "verseString": "وَالنَّهَارِ إِذَا جَلَّاهَا",
      "verseStringB": "And the day as it reveals it."
    },
    {
      "verseNumber": 4,
      "verseString": "وَاللَّيْلِ إِذَا يَغْشَاهَا",
      "verseStringB": "And the night as it conceals it."
    },
    {
      "verseNumber": 5,
      "verseString": "وَالسَّمَاءِ وَمَا بَنَاهَا",
      "verseStringB": "And the sky, and He who built it."
    },
    {
      "verseNumber": 6,
      "verseString": "وَالْأَرْضِ وَمَا طَحَاهَا",
      "verseStringB": "And the earth, and He who spread it."
    },
    {
      "verseNumber": 7,
      "verseString": "وَنَفْسٍ وَمَا سَوَّاهَا",
      "verseStringB": "And the soul, and He who formed it."
    },
    {
      "verseNumber": 8,
      "verseString": "فَأَلْهَمَهَا فُجُورَهَا وَتَقْوَاهَا",
      "verseStringB": "And inspired it to its immoralities and its righteousness."
    },
    {
      "verseNumber": 9,
      "verseString": "قَدْ أَفْلَحَ مَنْ زَكَّاهَا",
      "verseStringB": "Successful is he who purifies it."
    },
    {
      "verseNumber": 10,
      "verseString": "وَقَدْ خَابَ مَنْ دَسَّاهَا",
      "verseStringB": "And failing is he who corrupts it."
    },
    {
      "verseNumber": 11,
      "verseString": "كَذَّبَتْ ثَمُودُ بِطَغْوَاهَا",
      "verseStringB": "Thamood denied in its rebelliousness."
    },
    {
      "verseNumber": 12,
      "verseString": "إِذِ انْبَعَثَ أَشْقَاهَا",
      "verseStringB": "When it followed its most wretched."
    },
    {
      "verseNumber": 13,
      "verseString": "فَقَالَ لَهُمْ رَسُولُ اللَّهِ نَاقَةَ اللَّهِ وَسُقْيَاهَا",
      "verseStringB": "The messenger of Allah said to them, “Allah's female camel, so let her drink.”"
    },
    {
      "verseNumber": 14,
      "verseString": "فَكَذَّبُوهُ فَعَقَرُوهَا فَدَمْدَمَ عَلَيْهِمْ رَبُّهُمْ بِذَنْبِهِمْ فَسَوَّاهَا",
      "verseStringB": "But they denied him, then hamstrung her. So their Lord crushed them for their sin, and He leveled it."
    },
    {
      "verseNumber": 15,
      "verseString": "وَلَا يَخَافُ عُقْبَاهَا",
      "verseStringB": "He does not fear its consequences."
    }
  ],
  "nameEnglish": "The Sun",
  "nameTrans": "ash-Shams",
  "nameArabic": "الـشـمـس",
  "chapterNumber": 91,
  "nVerses": 15
}