{
  "verses": [
    {
      "verseNumber": 0,
      "verseString": "بِسْمِ اللَّهِ الرَّحْمَٰنِ الرَّحِيمِ",
      "verseStringB": "In the name of Allah, the Compassionate, the Merciful."
    },
    {
      "verseNumber": 1,
      "verseString": "اقْرَأْ بِاسْمِ رَبِّكَ الَّذِي خَلَقَ",
      "verseStringB": "Read: In the Name of your Lord, who created."
    },
    {
      "verseNumber": 2,
      "verseString": "خَلَقَ الْإِنْسَانَ مِنْ عَلَقٍ",
      "verseStringB": "Created man from a clinging clot."
    },
    {
      "verseNumber": 3,
      "verseString": "اقْرَأْ وَرَبُّكَ الْأَكْرَمُ",
      "verseStringB": "Read: And your Lord is the Most Generous."
    },
    {
      "verseNumber": 4,
      "verseString": "الَّذِي عَلَّمَ بِالْقَلَمِ",
      "verseStringB": "He Who taught by the pen."
    },
    {
      "verseNumber": 5,
      "verseString": "عَلَّمَ الْإِنْسَانَ مَا لَمْ يَعْلَمْ",
      "verseStringB": "Taught man what he never knew."
    },
    {
      "verseNumber": 6,
      "verseString": "كَلَّا إِنَّ الْإِنْسَانَ لَيَطْغَىٰ",
      "verseStringB": "In fact, the human being oversteps all bounds."
    },
    {
      "verseNumber": 7,
      "verseString": "أَنْ رَآهُ اسْتَغْنَىٰ",
      "verseStringB": "When he considers himself exempt."
    },
    {
      "verseNumber": 8,
      "verseString": "إِنَّ إِلَىٰ رَبِّكَ الرُّجْعَىٰ",
      "verseStringB": "But to your Lord is the return."
    },
    {
      "verseNumber": 9,
      "verseString": "أَرَأَيْتَ الَّذِي يَنْهَىٰ",
      "verseStringB": "Have you seen him who prevents?"
    },
    {
      "verseNumber": 10,
      "verseString": "عَبْدًا إِذَا صَلَّىٰ",
      "verseStringB": "A servant when he prays?"
    },
    {
      "verseNumber": 11,
      "verseString": "أَرَأَيْتَ إِنْ كَانَ عَلَى الْهُدَىٰ",
      "verseStringB": "Do you think he is upon guidance?"
    },
    {
      "verseNumber": 12,
      "verseString": "أَوْ أَمَرَ بِالتَّقْوَىٰ",
      "verseStringB": "Or advocates righteousness?"
    },
    {
      "verseNumber": 13,
      "verseString": "أَرَأَيْتَ إِنْ كَذَّبَ وَتَوَلَّىٰ",
      "verseStringB": "Did you see how he denied and turned away?"
    },
    {
      "verseNumber": 14,
      "verseString": "أَلَمْ يَعْلَمْ بِأَنَّ اللَّهَ يَرَىٰ",
      "verseStringB": "Does he not know that Allah sees?"
    },
    {
      "verseNumber": 15,
      "verseString": "كَلَّا لَئِنْ لَمْ يَنْتَهِ لَنَسْفَعًا بِالنَّاصِيَةِ",
      "verseStringB": "No. If he does not desist, We will drag him by the forelock."
    },
    {
      "verseNumber": 16,
      "verseString": "نَاصِيَةٍ كَاذِبَةٍ خَاطِئَةٍ",
      "verseStringB": "A lying, sinful forelock."
    },
    {
      "verseNumber": 17,
      "verseString": "فَلْيَدْعُ نَادِيَهُ",
      "verseStringB": "So let him call his gang."
    },
    {
      "verseNumber": 18,
      "verseString": "سَنَدْعُ الزَّبَانِيَةَ",
      "verseStringB": "We will call the Wardens."
    },
    {
      "verseNumber": 19,
      "verseString": "كَلَّا لَا تُطِعْهُ وَاسْجُدْ وَاقْتَرِبْ ۩",
      "verseStringB": "No, do not obey him, but bow down, and come near."
    }
  ],
  "nameEnglish": "Clot",
  "nameTrans": "al-'Alaq",
  "nameArabic": "الـعلق",
  "chapterNumber": 96,
  "nVerses": 19
}