{
  "verses": [
    {
      "verseNumber": 0,
      "verseString": "بِسْمِ اللَّهِ الرَّحْمَٰنِ الرَّحِيمِ",
      "verseStringB": "In the name of Allah, the Compassionate, the Merciful."
    },
    {
      "verseNumber": 1,
      "verseString": "وَالْعَصْرِ",
      "verseStringB": "By the time! —"
    },
    {
      "verseNumber": 2,
      "verseString": "إِنَّ الْإِنْسَانَ لَفِي خُسْرٍ",
      "verseStringB": "Surely man is in loss,"
    },
    {
      "verseNumber": 3,
      "verseString": "إِلَّا الَّذِينَ آمَنُوا وَعَمِلُوا الصَّالِحَاتِ وَتَوَاصَوْا بِالْحَقِّ وَتَوَاصَوْا بِالصَّبْرِ",
      "verseStringB": "Except those who believe and do good, and exhort one another to Truth, and exhort one another to patience.ᵃ"
    }
  ],
  "nameEnglish": "Time",
  "nameTrans": "al-'Asr",
  "nameArabic": "الـعصر",
  "chapterNumber": 103,
  "nVerses": 3,
  
}
