{
  "verses": [
    {
      "verseNumber": 0,
      "verseString": "بِسْمِ اللَّهِ الرَّحْمَٰنِ الرَّحِيمِ",
      "verseStringB": "In the name of Allah, the Compassionate, the Merciful."
    },
    {
      "verseNumber": 1,
      "verseString": "وَيْلٌ لِكُلِّ هُمَزَةٍ لُمَزَةٍ",
      "verseStringB": "Woe to every slanderer, defamer!ᵃ"
    },
    {
      "verseNumber": 2,
      "verseString": "الَّذِي جَمَعَ مَالًا وَعَدَّدَهُ",
      "verseStringB": "Who amasses wealth and counts it a—"
    },
    {
      "verseNumber": 3,
      "verseString": "يَحْسَبُ أَنَّ مَالَهُ أَخْلَدَهُ",
      "verseStringB": "He thinks that his wealth will make him abide.ᵃ"
    },
    {
      "verseNumber": 4,
      "verseString": "كَلَّا ۖ لَيُنْبَذَنَّ فِي الْحُطَمَةِ",
      "verseStringB": "Nay, he will certainly be hurled into the crushing disaster;ᵃ"
    },
    {
      "verseNumber": 5,
      "verseString": "وَمَا أَدْرَاكَ مَا الْحُطَمَةُ",
      "verseStringB": ""
    },
    {
      "verseNumber": 6,
      "verseString": "نَارُ اللَّهِ الْمُوقَدَةُ",
      "verseStringB": ""
    },
    {
      "verseNumber": 7,
      "verseString": "الَّتِي تَطَّلِعُ عَلَى الْأَفْئِدَةِ",
      "verseStringB": ""
    },
    {
      "verseNumber": 8,
      "verseString": "إِنَّهَا عَلَيْهِمْ مُؤْصَدَةٌ",
      "verseStringB": ""
    },
    {
      "verseNumber": 9,
      "verseString": "فِي عَمَدٍ مُمَدَّدَةٍ",
      "verseStringB": ""
    }
  ],
  "nameEnglish": "The Backbiter",
  "nameTrans": "al-Humazah",
  "nameArabic": "الـهمزة",
  "chapterNumber": 104,
  "nVerses": 9,
  "footnotes": [
    { 
	  "note": "1a. The slanderers and defamers are condemned here generally, with particular reference to the opponents, who started their persecution of the Holy Prophet by bitterlyslandering and defaming him, so that the pilgrims coming to Makkah from afar shouldnot listen to his teachings. Just as goodness and patience are combined in the previouschapter as the two qualities which are the foundations on which human character shouldbe built, the amassing of wealth and defaming are combined here as the two evils whichlead ultimately to disaster.\n\n2a. ‘Addada-h∂ signifies he considered it a provision against the casualties of fortune (LA). It also means he reckoned or counted it (LL). It is a succinct but exact pictureof the material civilization of our day.\n\n3a. By abiding is meant abiding in prosperity, or lasting forever.\n\n4a. Al-√uΔamah is derived from √aΔima, meaning it became broken into pieces (LL).The name is applied to hell, because it crushes everything that is cast into it. It includesboth hell and other disasters which, it is prophesied, would crush the wealthy defamersof the Truth, their punishment being called by this name because they wanted to crushthe Truth.\n\n7a. The Fire of hell is described as rising over the hearts, showing that it is withinthe heart of man that the origin of hell-fire lies. A man’s hell is thus within his own heartin this life.\n\n9a. It is inordinate desires extending beyond all limits that give rise to extendedcolumns of fire. Spiritually they may be witnessed in this life, but they assume a palpable shape in the next."	
	} 
  ]
}
