{
  "verses": [
    {
      "verseNumber": 0,
      "verseString": "بِسْمِ اللَّهِ الرَّحْمَٰنِ الرَّحِيمِ",
      "verseStringB": "In the name of Allah, the Compassionate, the Merciful."
    },
    {
      "verseNumber": 1,
      "verseString": "إِذَا جَاءَ نَصْرُ اللَّهِ وَالْفَتْحُ",
      "verseStringB": "When Allah’s Victory and Conquest come."
    },
    {
      "verseNumber": 2,
      "verseString": "وَرَأَيْتَ النَّاسَ يَدْخُلُونَ فِي دِينِ اللَّهِ أَفْوَاجًا",
      "verseStringB": "And you see the people entering Allah’s religion in crowds."
    },
    {
      "verseNumber": 3,
      "verseString": "فَسَبِّحْ بِحَمْدِ رَبِّكَ وَاسْتَغْفِرْهُ ۚ إِنَّهُ كَانَ تَوَّابًا",
      "verseStringB": "Then celebrate the praises of your Lord, and seek His forgiveness. He is the Acceptor of Repentance."
    }
  ],
  "nameEnglish": "Victory",
  "nameTrans": "an-Nasr",
  "nameArabic": "الـنصر",
  "chapterNumber": 110,
  "nVerses": 3
}