{
  "verses": [
    {
      "verseNumber": 0,
      "verseString": "بِسْمِ اللَّهِ الرَّحْمَٰنِ الرَّحِيمِ",
      "verseStringB": "In the name of Allah, the Compassionate, the Merciful."
    },
    {
      "verseNumber": 1,
      "verseString": "قُلْ هُوَ اللَّهُ أَحَدٌ",
      "verseStringB": "Say: He, Allāh, is One."
    },
    {
      "verseNumber": 2,
      "verseString": "اللَّهُ الصَّمَدُ",
      "verseStringB": "Allāh is He on Whom all depend."
    },
    {
      "verseNumber": 3,
      "verseString": "لَمْ يَلِدْ وَلَمْ يُولَدْ",
      "verseStringB": "He begets not, nor is He begotten;"
    },
    {
      "verseNumber": 4,
      "verseString": "وَلَمْ يَكُنْ لَهُ كُفُوًا أَحَدٌ",
      "verseStringB": "And none is like Him.ᵃ"
    }
  ],
  "nameEnglish": "Sincerity",
  "nameTrans": "al-Ikhlas",
  "nameArabic": "الإخلاص",
  "chapterNumber": 112,
  "nVerses": 4,
  
}
