{
  "verses": [
    {
      "verseNumber": 0,
      "verseString": "بِسْمِ اللَّهِ الرَّحْمَٰنِ الرَّحِيمِ",
      "verseStringB": "In the name of Allah, the Compassionate, the Merciful."
    },
    {
      "verseNumber": 1,
      "verseString": "الم",
      "verseStringB": "I, Allāh, am the Best Knower."
    },
    {
      "verseNumber": 2,
      "verseString": "تِلْكَ آيَاتُ الْكِتَابِ الْحَكِيمِ",
      "verseStringB": "These are the verses of the Book of Wisdom —"
    },
    {
      "verseNumber": 3,
      "verseString": "هُدًى وَرَحْمَةً لِلْمُحْسِنِينَ",
      "verseStringB": "A guidance and a mercy for the doers of good,"
    },
    {
      "verseNumber": 4,
      "verseString": "الَّذِينَ يُقِيمُونَ الصَّلَاةَ وَيُؤْتُونَ الزَّكَاةَ وَهُمْ بِالْآخِرَةِ هُمْ يُوقِنُونَ",
      "verseStringB": "Who keep up prayer and pay the poor-rate and who are certain of the Hereafter."
    },
    {
      "verseNumber": 5,
      "verseString": "أُولَٰئِكَ عَلَىٰ هُدًى مِنْ رَبِّهِمْ ۖ وَأُولَٰئِكَ هُمُ الْمُفْلِحُونَ",
      "verseStringB": "These are on a guidance from their Lord, and these are they who are successful."
    },
    {
      "verseNumber": 6,
      "verseString": "وَمِنَ النَّاسِ مَنْ يَشْتَرِي لَهْوَ الْحَدِيثِ لِيُضِلَّ عَنْ سَبِيلِ اللَّهِ بِغَيْرِ عِلْمٍ وَيَتَّخِذَهَا هُزُوًا ۚ أُولَٰئِكَ لَهُمْ عَذَابٌ مُهِينٌ",
      "verseStringB": "And of men is he who takes instead frivolous discourse to lead astray from Allāh’s path without knowledge, and to make it a mockery. For such is an abasing chastisement.ᵃ"
    },
    {
      "verseNumber": 7,
      "verseString": "وَإِذَا تُتْلَىٰ عَلَيْهِ آيَاتُنَا وَلَّىٰ مُسْتَكْبِرًا كَأَنْ لَمْ يَسْمَعْهَا كَأَنَّ فِي أُذُنَيْهِ وَقْرًا ۖ فَبَشِّرْهُ بِعَذَابٍ أَلِيمٍ",
      "verseStringB": "And when Our messages are recited to him, he turns back proudly, as if he had not heard them, as if there were deafness in his ears; so announce to him a painful chastisement."
    },
    {
      "verseNumber": 8,
      "verseString": "إِنَّ الَّذِينَ آمَنُوا وَعَمِلُوا الصَّالِحَاتِ لَهُمْ جَنَّاتُ النَّعِيمِ",
      "verseStringB": "Those who believe and do good, for them are Gardens of bliss,"
    },
    {
      "verseNumber": 9,
      "verseString": "خَالِدِينَ فِيهَا ۖ وَعْدَ اللَّهِ حَقًّا ۚ وَهُوَ الْعَزِيزُ الْحَكِيمُ",
      "verseStringB": "To abide therein. A promise of Allāh in truth! And He is the Mighty, the Wise."
    },
    {
      "verseNumber": 10,
      "verseString": "خَلَقَ السَّمَاوَاتِ بِغَيْرِ عَمَدٍ تَرَوْنَهَا ۖ وَأَلْقَىٰ فِي الْأَرْضِ رَوَاسِيَ أَنْ تَمِيدَ بِكُمْ وَبَثَّ فِيهَا مِنْ كُلِّ دَابَّةٍ ۚ وَأَنْزَلْنَا مِنَ السَّمَاءِ مَاءً فَأَنْبَتْنَا فِيهَا مِنْ كُلِّ زَوْجٍ كَرِيمٍ",
      "verseStringB": "He created the heavens without pillars that you see, and cast mountains on the earth lest it should be convulsed with you,ᵃ and He spread on it animals of every kind. And We send down water from the clouds, then cause to grow therein of every noble kind."
    },
    {
      "verseNumber": 11,
      "verseString": "هَٰذَا خَلْقُ اللَّهِ فَأَرُونِي مَاذَا خَلَقَ الَّذِينَ مِنْ دُونِهِ ۚ بَلِ الظَّالِمُونَ فِي ضَلَالٍ مُبِينٍ",
      "verseStringB": "This is Allāh’s creation; now show Me that which those besides Him have created. Nay, the unjust are in manifest error."
    },
    {
      "verseNumber": 12,
      "verseString": "وَلَقَدْ آتَيْنَا لُقْمَانَ الْحِكْمَةَ أَنِ اشْكُرْ لِلَّهِ ۚ وَمَنْ يَشْكُرْ فَإِنَّمَا يَشْكُرُ لِنَفْسِهِ ۖ وَمَنْ كَفَرَ فَإِنَّ اللَّهَ غَنِيٌّ حَمِيدٌ",
      "verseStringB": "And certainly We gave Luqmān wisdom,ᵃ saying: Give thanks to Allāh. And whoever is thankful, is thankful for his own soul; and whoever denies, then surely Allāh is SelfSufficient, Praised."
    },
    {
      "verseNumber": 13,
      "verseString": "وَإِذْ قَالَ لُقْمَانُ لِابْنِهِ وَهُوَ يَعِظُهُ يَا بُنَيَّ لَا تُشْرِكْ بِاللَّهِ ۖ إِنَّ الشِّرْكَ لَظُلْمٌ عَظِيمٌ",
      "verseStringB": "And when Luqmān said to his son, while he admonished him: O my son, ascribe no partner to Allāh. Surely ascribing partners (to Him) is a grievous iniquity."
    },
    {
      "verseNumber": 14,
      "verseString": "وَوَصَّيْنَا الْإِنْسَانَ بِوَالِدَيْهِ حَمَلَتْهُ أُمُّهُ وَهْنًا عَلَىٰ وَهْنٍ وَفِصَالُهُ فِي عَامَيْنِ أَنِ اشْكُرْ لِي وَلِوَالِدَيْكَ إِلَيَّ الْمَصِيرُ",
      "verseStringB": "And We have enjoined on man concerning his parents — his mother bears him with faintings upon faintings and his weaning takes two years — saying: Give thanks to Me and to thy parents. To Me is the eventual coming.ᵃ"
    },
    {
      "verseNumber": 15,
      "verseString": "وَإِنْ جَاهَدَاكَ عَلَىٰ أَنْ تُشْرِكَ بِي مَا لَيْسَ لَكَ بِهِ عِلْمٌ فَلَا تُطِعْهُمَا ۖ وَصَاحِبْهُمَا فِي الدُّنْيَا مَعْرُوفًا ۖ وَاتَّبِعْ سَبِيلَ مَنْ أَنَابَ إِلَيَّ ۚ ثُمَّ إِلَيَّ مَرْجِعُكُمْ فَأُنَبِّئُكُمْ بِمَا كُنْتُمْ تَعْمَلُونَ",
      "verseStringB": "And if they strive with thee to make thee associate with Me that of which thou hast no knowledge, obey them not, and keep kindly company with them in this world,ᵃ and follow the way of him who turns to Me; then to Me is your return, then I shall inform you of what you did."
    },
    {
      "verseNumber": 16,
      "verseString": "يَا بُنَيَّ إِنَّهَا إِنْ تَكُ مِثْقَالَ حَبَّةٍ مِنْ خَرْدَلٍ فَتَكُنْ فِي صَخْرَةٍ أَوْ فِي السَّمَاوَاتِ أَوْ فِي الْأَرْضِ يَأْتِ بِهَا اللَّهُ ۚ إِنَّ اللَّهَ لَطِيفٌ خَبِيرٌ",
      "verseStringB": "O my son, even if it be the weight of a grain of mustard-seed, even though it be in a rock, or in the heaven or in the earth, Allāh will bring it forth. Surely Allāh is Knower of subtilities, Aware."
    },
    {
      "verseNumber": 17,
      "verseString": "يَا بُنَيَّ أَقِمِ الصَّلَاةَ وَأْمُرْ بِالْمَعْرُوفِ وَانْهَ عَنِ الْمُنْكَرِ وَاصْبِرْ عَلَىٰ مَا أَصَابَكَ ۖ إِنَّ ذَٰلِكَ مِنْ عَزْمِ الْأُمُورِ",
      "verseStringB": "O my son, keep up prayer and enjoin good and forbid evil, and bear patiently that which befalls thee. Surely this is an affair of great resolution."
    },
    {
      "verseNumber": 18,
      "verseString": "وَلَا تُصَعِّرْ خَدَّكَ لِلنَّاسِ وَلَا تَمْشِ فِي الْأَرْضِ مَرَحًا ۖ إِنَّ اللَّهَ لَا يُحِبُّ كُلَّ مُخْتَالٍ فَخُورٍ",
      "verseStringB": "And turn not thy face away from people in contempt, nor go about in the land exultingly. Surely Allāh loves not any self-conceited boaster."
    },
    {
      "verseNumber": 19,
      "verseString": "وَاقْصِدْ فِي مَشْيِكَ وَاغْضُضْ مِنْ صَوْتِكَ ۚ إِنَّ أَنْكَرَ الْأَصْوَاتِ لَصَوْتُ الْحَمِيرِ",
      "verseStringB": "And pursue the right course in thy going about and lower thy voice. Surely the most hateful of voices is braying of asses.ᵃ"
    },
    {
      "verseNumber": 20,
      "verseString": "أَلَمْ تَرَوْا أَنَّ اللَّهَ سَخَّرَ لَكُمْ مَا فِي السَّمَاوَاتِ وَمَا فِي الْأَرْضِ وَأَسْبَغَ عَلَيْكُمْ نِعَمَهُ ظَاهِرَةً وَبَاطِنَةً ۗ وَمِنَ النَّاسِ مَنْ يُجَادِلُ فِي اللَّهِ بِغَيْرِ عِلْمٍ وَلَا هُدًى وَلَا كِتَابٍ مُنِيرٍ",
      "verseStringB": "See you not that Allāh has made subservient to you whatever is in the heavens and whatever is in the earth, and granted to you His favours complete outwardly and inwardly? And among men is he who disputes concerning Allāh without knowledge or guidance or a Book giving light.ᵃ"
    },
    {
      "verseNumber": 21,
      "verseString": "وَإِذَا قِيلَ لَهُمُ اتَّبِعُوا مَا أَنْزَلَ اللَّهُ قَالُوا بَلْ نَتَّبِعُ مَا وَجَدْنَا عَلَيْهِ آبَاءَنَا ۚ أَوَلَوْ كَانَ الشَّيْطَانُ يَدْعُوهُمْ إِلَىٰ عَذَابِ السَّعِيرِ",
      "verseStringB": "And when it is said to them, Follow that which Allāh has revealed, they say: Nay, we follow that wherein we found our fathers. What! Though the devil calls them to the chastisement of the burning Fire!"
    },
    {
      "verseNumber": 22,
      "verseString": "وَمَنْ يُسْلِمْ وَجْهَهُ إِلَى اللَّهِ وَهُوَ مُحْسِنٌ فَقَدِ اسْتَمْسَكَ بِالْعُرْوَةِ الْوُثْقَىٰ ۗ وَإِلَى اللَّهِ عَاقِبَةُ الْأُمُورِ",
      "verseStringB": "And whoever submits himself to Allāh and does good (to others), he indeed takes hold of the firmest handle. And Allāh’s is the end of affairs."
    },
    {
      "verseNumber": 23,
      "verseString": "وَمَنْ كَفَرَ فَلَا يَحْزُنْكَ كُفْرُهُ ۚ إِلَيْنَا مَرْجِعُهُمْ فَنُنَبِّئُهُمْ بِمَا عَمِلُوا ۚ إِنَّ اللَّهَ عَلِيمٌ بِذَاتِ الصُّدُورِ",
      "verseStringB": "And whoever disbelieves, let not his disbelief grieve thee. To Us is their return, then We shall inform them of what they did. Surely Allāh is Knower of what they did. Surely Allāh is Knower of what is in the breasts."
    },
    {
      "verseNumber": 24,
      "verseString": "نُمَتِّعُهُمْ قَلِيلًا ثُمَّ نَضْطَرُّهُمْ إِلَىٰ عَذَابٍ غَلِيظٍ",
      "verseStringB": "We give them to enjoy a little, then We shall drive them to a severe chastisement."
    },
    {
      "verseNumber": 25,
      "verseString": "وَلَئِنْ سَأَلْتَهُمْ مَنْ خَلَقَ السَّمَاوَاتِ وَالْأَرْضَ لَيَقُولُنَّ اللَّهُ ۚ قُلِ الْحَمْدُ لِلَّهِ ۚ بَلْ أَكْثَرُهُمْ لَا يَعْلَمُونَ",
      "verseStringB": "And if thou ask them who created the heavens and the earth? they will say: Allāh. Say: Praise be to Allāh! Nay, most of them know not."
    },
    {
      "verseNumber": 26,
      "verseString": "لِلَّهِ مَا فِي السَّمَاوَاتِ وَالْأَرْضِ ۚ إِنَّ اللَّهَ هُوَ الْغَنِيُّ الْحَمِيدُ",
      "verseStringB": "To Allāh belongs whatever is in the heavens and the earth. Surely Allāh is the Self-Sufficient, the Praised."
    },
    {
      "verseNumber": 27,
      "verseString": "وَلَوْ أَنَّمَا فِي الْأَرْضِ مِنْ شَجَرَةٍ أَقْلَامٌ وَالْبَحْرُ يَمُدُّهُ مِنْ بَعْدِهِ سَبْعَةُ أَبْحُرٍ مَا نَفِدَتْ كَلِمَاتُ اللَّهِ ۗ إِنَّ اللَّهَ عَزِيزٌ حَكِيمٌ",
      "verseStringB": "And if all the trees in the earth were pens, and the sea with seven more seas added to it (were ink), the words of Allāh would not be exhausted. Surely Allāh is Mighty, Wise.ᵃ"
    },
    {
      "verseNumber": 28,
      "verseString": "مَا خَلْقُكُمْ وَلَا بَعْثُكُمْ إِلَّا كَنَفْسٍ وَاحِدَةٍ ۗ إِنَّ اللَّهَ سَمِيعٌ بَصِيرٌ",
      "verseStringB": "Your creation or your raising is only like a single soul. Surely Allāh is Hearing, Seeing."
    },
    {
      "verseNumber": 29,
      "verseString": "أَلَمْ تَرَ أَنَّ اللَّهَ يُولِجُ اللَّيْلَ فِي النَّهَارِ وَيُولِجُ النَّهَارَ فِي اللَّيْلِ وَسَخَّرَ الشَّمْسَ وَالْقَمَرَ كُلٌّ يَجْرِي إِلَىٰ أَجَلٍ مُسَمًّى وَأَنَّ اللَّهَ بِمَا تَعْمَلُونَ خَبِيرٌ",
      "verseStringB": "Seest thou not that Allāh makes the night to enter into the day, and He makes the day to enter into the night, and He has made the sun and the moon subservient (to you) — each pursues its course till an appointed time — and that Allāh is Aware of what you do?"
    },
    {
      "verseNumber": 30,
      "verseString": "ذَٰلِكَ بِأَنَّ اللَّهَ هُوَ الْحَقُّ وَأَنَّ مَا يَدْعُونَ مِنْ دُونِهِ الْبَاطِلُ وَأَنَّ اللَّهَ هُوَ الْعَلِيُّ الْكَبِيرُ",
      "verseStringB": "This is because Allāh is the Truth, and that which they call upon besides Him is falsehood, and that Allāh is the High, the Great."
    },
    {
      "verseNumber": 31,
      "verseString": "أَلَمْ تَرَ أَنَّ الْفُلْكَ تَجْرِي فِي الْبَحْرِ بِنِعْمَتِ اللَّهِ لِيُرِيَكُمْ مِنْ آيَاتِهِ ۚ إِنَّ فِي ذَٰلِكَ لَآيَاتٍ لِكُلِّ صَبَّارٍ شَكُورٍ",
      "verseStringB": "Seest thou not that the ships glide on the sea by Allāh’s grace, that He may show you of His signs? Surely there are signs in this for every patient endurer, grateful one.ᵃ"
    },
    {
      "verseNumber": 32,
      "verseString": "وَإِذَا غَشِيَهُمْ مَوْجٌ كَالظُّلَلِ دَعَوُا اللَّهَ مُخْلِصِينَ لَهُ الدِّينَ فَلَمَّا نَجَّاهُمْ إِلَى الْبَرِّ فَمِنْهُمْ مُقْتَصِدٌ ۚ وَمَا يَجْحَدُ بِآيَاتِنَا إِلَّا كُلُّ خَتَّارٍ كَفُورٍ",
      "verseStringB": "And when a wave like awnings covers them, they call upon Allāh, being sincere to Him in obedience. But when He brings them safe to land, some of them follow the middle course. And none denies Our signs but every perfidious, ungrateful one."
    },
    {
      "verseNumber": 33,
      "verseString": "يَا أَيُّهَا النَّاسُ اتَّقُوا رَبَّكُمْ وَاخْشَوْا يَوْمًا لَا يَجْزِي وَالِدٌ عَنْ وَلَدِهِ وَلَا مَوْلُودٌ هُوَ جَازٍ عَنْ وَالِدِهِ شَيْئًا ۚ إِنَّ وَعْدَ اللَّهِ حَقٌّ ۖ فَلَا تَغُرَّنَّكُمُ الْحَيَاةُ الدُّنْيَا وَلَا يَغُرَّنَّكُمْ بِاللَّهِ الْغَرُورُ",
      "verseStringB": "O people, keep your duty to your Lord and dread the day when no father can avail his son in aught, nor the child will avail his father. Surely the promise of Allāh is true, so let not this world’s life deceive you, nor let the archdeceiver deceive you about Allāh.ᵃ"
    },
    {
      "verseNumber": 34,
      "verseString": "إِنَّ اللَّهَ عِنْدَهُ عِلْمُ السَّاعَةِ وَيُنَزِّلُ الْغَيْثَ وَيَعْلَمُ مَا فِي الْأَرْحَامِ ۖ وَمَا تَدْرِي نَفْسٌ مَاذَا تَكْسِبُ غَدًا ۖ وَمَا تَدْرِي نَفْسٌ بِأَيِّ أَرْضٍ تَمُوتُ ۚ إِنَّ اللَّهَ عَلِيمٌ خَبِيرٌ",
      "verseStringB": "Surely Allāh is He with Whom is the knowledge of the Hour, and He sends down the rain, and He knows what is in the wombs. And no one knows what he will earn on the morrow. And no one knows in what land he will die. Surely Allāh is Knowing, Aware"
    }
  ],
  "nameEnglish": "Luqman",
  "nameTrans": "Luqman",
  "nameArabic": "لقمان",
  "chapterNumber": 31,
  "nVerses": 34,
  "footnotes": [
    {
      "note": "6a. It is a mistake to think that a particular person is meant here. The concluding words of the verse show clearly that the statement is general and applies to all those who take the Qur’ån for a mockery.\n\n 10a. See 16:15a. \n\n 12a. From what is stated of him, Luqmån seems to have been an Ethiopian. It is very probable that the Greek “Æsop” is a corruption of “Ethiopian” and is identical with Luqmån. The Qur’ån accepts many prophets besides those mentioned in the Bible. 14a. Verses 14 and 15 are parenthetical, enjoining the duty of obedience to parents, because it is a parent who is advising his son.\n\n 15a. Notwithstanding the great stress that the Holy Qur’ån lays here and elsewhere on the duty of obedience to parents, it also warns against attaching undue importance to that duty when the same clashes with a still higher duty, viz., one’s duty to one’s Maker. \n\n In fact any duty, however great, must be sacrificed before a higher duty, and one’s duty to one’s Maker is the highest of all duties.\n\n 19a. Humility and meekness were taught by every prophet. Even an Ethiopian preached the meekness and humility which was preached by Jesus.\n\n 20a. The words are meant as well for the Muslims. So long as they adhered to the Book giving light they continued to advance in the world, and they will again lead the world when they place the Book giving light in the forefront. \n\n 27a. I‘Ab thinks this verse and the two that follow belong to Madßnan revelation, but there is no indication in the text, nor any evidence, to show that they were not revealed at Makkah. A similar statement is contained in another early Makkan revelation; see 18:109. It is noteworthy that a man who himself could not use the pen and who lived in a country where pen and ink were at any rate scarce, expresses such an idea of the abundance of pens and ink. While containing a prophetic allusion to the abundant use of pen and ink in the world, the words are expressive of the unimaginable vastness of the Creation of God, for everything created is a word of God in the sense that it is created by Divine commandment.\n\n 31a. The signs for the patient endurer and the grateful one no doubt contain a hint to the suffering but grateful Muslims, and to their being made a great nation.\n\n 33a. Ghar∂r, which literally means the great deceiver, stands for the devil. \n\n 34a. By the Hour is meant the hour of the fulfilment of prophecy and of the downfall of the opponents, as well as the Resurrection. The wonderful disclosure of knowledge relating to the future could not be made by a mere mortal, who cannot foretell the ordinary events of life happening before his eyes day and night. But there may also be a deeper reference to the transformation that was to be brought about in Arabia: the sending down of rain signifying the quickening of the spiritually dead; those that were in the wombs were ordained to be Muslims; the opponents of today would prove the supporters of tomorrow; and those who turned the Muslims out of their houses would themselves meet death, when away from their habitations, even as they did when they attacked Madßnah to crush the Muslims.\n\n"
    }
  ]
}
