{
  "verses": [
    {
      "verseNumber": 0,
      "verseString": "بِسْمِ اللَّهِ الرَّحْمَٰنِ الرَّحِيمِ",
      "verseStringB": "In the name of Allah, the Compassionate, the Merciful."
    },
    {
      "verseNumber": 1,
      "verseString": "حم",
      "verseStringB": "Beneficent God!"
    },
    {
      "verseNumber": 2,
      "verseString": "تَنْزِيلٌ مِنَ الرَّحْمَٰنِ الرَّحِيمِ",
      "verseStringB": "A revelation from the Beneficent, the Merciful."
    },
    {
      "verseNumber": 3,
      "verseString": "كِتَابٌ فُصِّلَتْ آيَاتُهُ قُرْآنًا عَرَبِيًّا لِقَوْمٍ يَعْلَمُونَ",
      "verseStringB": "A Book of which the verses are made plain, an Arabic Qur’ān for a people who know —"
    },
    {
      "verseNumber": 4,
      "verseString": "بَشِيرًا وَنَذِيرًا فَأَعْرَضَ أَكْثَرُهُمْ فَهُمْ لَا يَسْمَعُونَ",
      "verseStringB": "Good news and a warning. But most of them turn away, so they hear not."
    },
    {
      "verseNumber": 5,
      "verseString": "وَقَالُوا قُلُوبُنَا فِي أَكِنَّةٍ مِمَّا تَدْعُونَا إِلَيْهِ وَفِي آذَانِنَا وَقْرٌ وَمِنْ بَيْنِنَا وَبَيْنِكَ حِجَابٌ فَاعْمَلْ إِنَّنَا عَامِلُونَ",
      "verseStringB": "And they say: Our hearts are under coverings from that to which thou callest us, and there is a deafness in our ears, and there is a veil between us and thee,ᵃ so act, we too are acting."
    },
    {
      "verseNumber": 6,
      "verseString": "قُلْ إِنَّمَا أَنَا بَشَرٌ مِثْلُكُمْ يُوحَىٰ إِلَيَّ أَنَّمَا إِلَٰهُكُمْ إِلَٰهٌ وَاحِدٌ فَاسْتَقِيمُوا إِلَيْهِ وَاسْتَغْفِرُوهُ ۗ وَوَيْلٌ لِلْمُشْرِكِينَ",
      "verseStringB": "Say: I am only a mortal like you. It is revealed to me that your God is one God, so keep in the straight path to Him, and ask His protection. And woe to the polytheists!"
    },
    {
      "verseNumber": 7,
      "verseString": "الَّذِينَ لَا يُؤْتُونَ الزَّكَاةَ وَهُمْ بِالْآخِرَةِ هُمْ كَافِرُونَ",
      "verseStringB": "Who give not the poor-rate, and who are disbelievers in the Hereafter."
    },
    {
      "verseNumber": 8,
      "verseString": "إِنَّ الَّذِينَ آمَنُوا وَعَمِلُوا الصَّالِحَاتِ لَهُمْ أَجْرٌ غَيْرُ مَمْنُونٍ",
      "verseStringB": "Those who believe and do good, for them is surely a reward never to be cut off."
    },
    {
      "verseNumber": 9,
      "verseString": "قُلْ أَئِنَّكُمْ لَتَكْفُرُونَ بِالَّذِي خَلَقَ الْأَرْضَ فِي يَوْمَيْنِ وَتَجْعَلُونَ لَهُ أَنْدَادًا ۚ ذَٰلِكَ رَبُّ الْعَالَمِينَ",
      "verseStringB": "Say: Do you indeed disbelieve in Him Who created the earth in two days, and do you set up equals with Him? That is the Lord of the worlds."
    },
    {
      "verseNumber": 10,
      "verseString": "وَجَعَلَ فِيهَا رَوَاسِيَ مِنْ فَوْقِهَا وَبَارَكَ فِيهَا وَقَدَّرَ فِيهَا أَقْوَاتَهَا فِي أَرْبَعَةِ أَيَّامٍ سَوَاءً لِلسَّائِلِينَ",
      "verseStringB": "And He made in it mountains above its surface, and He blessed therein and ordained therein its foods, in four days;ᵃ alike for (all) seekers.ᵇ"
    },
    {
      "verseNumber": 11,
      "verseString": "ثُمَّ اسْتَوَىٰ إِلَى السَّمَاءِ وَهِيَ دُخَانٌ فَقَالَ لَهَا وَلِلْأَرْضِ ائْتِيَا طَوْعًا أَوْ كَرْهًا قَالَتَا أَتَيْنَا طَائِعِينَ",
      "verseStringB": "Then He directed Himself to the heaven and it was a vapour, so He said to it and to the earth: Come both, willingly or unwillingly. They both said: We come willingly.ᵃ"
    },
    {
      "verseNumber": 12,
      "verseString": "فَقَضَاهُنَّ سَبْعَ سَمَاوَاتٍ فِي يَوْمَيْنِ وَأَوْحَىٰ فِي كُلِّ سَمَاءٍ أَمْرَهَا ۚ وَزَيَّنَّا السَّمَاءَ الدُّنْيَا بِمَصَابِيحَ وَحِفْظًا ۚ ذَٰلِكَ تَقْدِيرُ الْعَزِيزِ الْعَلِيمِ",
      "verseStringB": "So He ordained them seven heavens in two days,ᵃ and revealed in every heaven its affair. And We adorned the lower heaven with lights, and (made it) to guard.ᵇ That is the decree of the Mighty, the Knowing."
    },
    {
      "verseNumber": 13,
      "verseString": "فَإِنْ أَعْرَضُوا فَقُلْ أَنْذَرْتُكُمْ صَاعِقَةً مِثْلَ صَاعِقَةِ عَادٍ وَثَمُودَ",
      "verseStringB": "But if they turn away, then say: I warn you of a scourge like the scourge of ‘ād and Thām∂d.ᵃ"
    },
    {
      "verseNumber": 14,
      "verseString": "إِذْ جَاءَتْهُمُ الرُّسُلُ مِنْ بَيْنِ أَيْدِيهِمْ وَمِنْ خَلْفِهِمْ أَلَّا تَعْبُدُوا إِلَّا اللَّهَ ۖ قَالُوا لَوْ شَاءَ رَبُّنَا لَأَنْزَلَ مَلَائِكَةً فَإِنَّا بِمَا أُرْسِلْتُمْ بِهِ كَافِرُونَ",
      "verseStringB": "When messengers came to them from before them and behind them,ᵃ saying, Serve nothing but Allāh, they said: If our Lord had pleased, He would have sent down angels. So we are disbelievers in that with which you are sent."
    },
    {
      "verseNumber": 15,
      "verseString": "فَأَمَّا عَادٌ فَاسْتَكْبَرُوا فِي الْأَرْضِ بِغَيْرِ الْحَقِّ وَقَالُوا مَنْ أَشَدُّ مِنَّا قُوَّةً ۖ أَوَلَمْ يَرَوْا أَنَّ اللَّهَ الَّذِي خَلَقَهُمْ هُوَ أَشَدُّ مِنْهُمْ قُوَّةً ۖ وَكَانُوا بِآيَاتِنَا يَجْحَدُونَ",
      "verseStringB": "Then as to ‘ād, they were unjustly proud in the land, and said: Who is mightier than we in power? See they not that Allāh Who created them is mightier than they in power? And they denied Our messages."
    },
    {
      "verseNumber": 16,
      "verseString": "فَأَرْسَلْنَا عَلَيْهِمْ رِيحًا صَرْصَرًا فِي أَيَّامٍ نَحِسَاتٍ لِنُذِيقَهُمْ عَذَابَ الْخِزْيِ فِي الْحَيَاةِ الدُّنْيَا ۖ وَلَعَذَابُ الْآخِرَةِ أَخْزَىٰ ۖ وَهُمْ لَا يُنْصَرُونَ",
      "verseStringB": "So We sent on them a furious wind in unlucky days that We might make them taste the chastisement of abasement in this world’s life. And the chastisement of the Hereafter is truly more abasing, and they will not be helped.ᵃ"
    },
    {
      "verseNumber": 17,
      "verseString": "وَأَمَّا ثَمُودُ فَهَدَيْنَاهُمْ فَاسْتَحَبُّوا الْعَمَىٰ عَلَى الْهُدَىٰ فَأَخَذَتْهُمْ صَاعِقَةُ الْعَذَابِ الْهُونِ بِمَا كَانُوا يَكْسِبُونَ",
      "verseStringB": "And as for Thām∂d, We showed them the right way, but they preferred blindness to guidance,ᵃ so the scourge of an abasing chastisement overtook them for what they had earned."
    },
    {
      "verseNumber": 18,
      "verseString": "وَنَجَّيْنَا الَّذِينَ آمَنُوا وَكَانُوا يَتَّقُونَ",
      "verseStringB": "And We delivered those who believed and kept their duty."
    },
    {
      "verseNumber": 19,
      "verseString": "وَيَوْمَ يُحْشَرُ أَعْدَاءُ اللَّهِ إِلَى النَّارِ فَهُمْ يُوزَعُونَ",
      "verseStringB": "And the day when the enemies of Allāh are gathered to the Fire, they will be formed into groups."
    },
    {
      "verseNumber": 20,
      "verseString": "حَتَّىٰ إِذَا مَا جَاءُوهَا شَهِدَ عَلَيْهِمْ سَمْعُهُمْ وَأَبْصَارُهُمْ وَجُلُودُهُمْ بِمَا كَانُوا يَعْمَلُونَ",
      "verseStringB": "Until, when they come to it, their ears and their eyes and their skins will bear witness against them as to what they did.ᵃ"
    },
    {
      "verseNumber": 21,
      "verseString": "وَقَالُوا لِجُلُودِهِمْ لِمَ شَهِدْتُمْ عَلَيْنَا ۖ قَالُوا أَنْطَقَنَا اللَّهُ الَّذِي أَنْطَقَ كُلَّ شَيْءٍ وَهُوَ خَلَقَكُمْ أَوَّلَ مَرَّةٍ وَإِلَيْهِ تُرْجَعُونَ",
      "verseStringB": "And they will say to their skins: Why bear ye witness against us? They will say: Allāh Who makes everything speak has made us speak, and He created you at first, and to Him you are returned."
    },
    {
      "verseNumber": 22,
      "verseString": "وَمَا كُنْتُمْ تَسْتَتِرُونَ أَنْ يَشْهَدَ عَلَيْكُمْ سَمْعُكُمْ وَلَا أَبْصَارُكُمْ وَلَا جُلُودُكُمْ وَلَٰكِنْ ظَنَنْتُمْ أَنَّ اللَّهَ لَا يَعْلَمُ كَثِيرًا مِمَّا تَعْمَلُونَ",
      "verseStringB": "And you did not cover yourselves lest your ears and your eyes and your skins should bear witness against you, but you thought that Allāh knew not much of what you did."
    },
    {
      "verseNumber": 23,
      "verseString": "وَذَٰلِكُمْ ظَنُّكُمُ الَّذِي ظَنَنْتُمْ بِرَبِّكُمْ أَرْدَاكُمْ فَأَصْبَحْتُمْ مِنَ الْخَاسِرِينَ",
      "verseStringB": "And that, your (evil) thought which you entertained about your Lord, ruined you, so have you become of the lost ones."
    },
    {
      "verseNumber": 24,
      "verseString": "فَإِنْ يَصْبِرُوا فَالنَّارُ مَثْوًى لَهُمْ ۖ وَإِنْ يَسْتَعْتِبُوا فَمَا هُمْ مِنَ الْمُعْتَبِينَ",
      "verseStringB": "Then if they are patient, the Fire is their abode. And if they ask for goodwill, they are not of those who are granted goodwill.ᵃ"
    },
    {
      "verseNumber": 25,
      "verseString": "وَقَيَّضْنَا لَهُمْ قُرَنَاءَ فَزَيَّنُوا لَهُمْ مَا بَيْنَ أَيْدِيهِمْ وَمَا خَلْفَهُمْ وَحَقَّ عَلَيْهِمُ الْقَوْلُ فِي أُمَمٍ قَدْ خَلَتْ مِنْ قَبْلِهِمْ مِنَ الْجِنِّ وَالْإِنْسِ ۖ إِنَّهُمْ كَانُوا خَاسِرِينَ",
      "verseStringB": "And We have appointed for them comrades,ᵃ so they make fair-seeming to them what is before them and what is behind them, and the word proved true against them among the nations of jinn and men that have passed away before them: they are surely losers."
    },
    {
      "verseNumber": 26,
      "verseString": "وَقَالَ الَّذِينَ كَفَرُوا لَا تَسْمَعُوا لِهَٰذَا الْقُرْآنِ وَالْغَوْا فِيهِ لَعَلَّكُمْ تَغْلِبُونَ",
      "verseStringB": "And those who disbelieve say: Listen not to this Qur’ān but make noise therein, perhaps you may overcome."
    },
    {
      "verseNumber": 27,
      "verseString": "فَلَنُذِيقَنَّ الَّذِينَ كَفَرُوا عَذَابًا شَدِيدًا وَلَنَجْزِيَنَّهُمْ أَسْوَأَ الَّذِي كَانُوا يَعْمَلُونَ",
      "verseStringB": "So We shall certainly make those who disbelieve taste a severe chastisement, and We shall certainly requite them for the worst of what they did."
    },
    {
      "verseNumber": 28,
      "verseString": "ذَٰلِكَ جَزَاءُ أَعْدَاءِ اللَّهِ النَّارُ ۖ لَهُمْ فِيهَا دَارُ الْخُلْدِ ۖ جَزَاءً بِمَا كَانُوا بِآيَاتِنَا يَجْحَدُونَ",
      "verseStringB": "That is the reward of Allāh’s enemies — the Fire. For them therein is the home to abide. A requital for their denying Our messages."
    },
    {
      "verseNumber": 29,
      "verseString": "وَقَالَ الَّذِينَ كَفَرُوا رَبَّنَا أَرِنَا اللَّذَيْنِ أَضَلَّانَا مِنَ الْجِنِّ وَالْإِنْسِ نَجْعَلْهُمَا تَحْتَ أَقْدَامِنَا لِيَكُونَا مِنَ الْأَسْفَلِينَ",
      "verseStringB": "And those who disbelieve will say: Our Lord, show us those who led us astray from among the jinn and the men that we may trample them under our feet, so that they may be of the lowest."
    },
    {
      "verseNumber": 30,
      "verseString": "إِنَّ الَّذِينَ قَالُوا رَبُّنَا اللَّهُ ثُمَّ اسْتَقَامُوا تَتَنَزَّلُ عَلَيْهِمُ الْمَلَائِكَةُ أَلَّا تَخَافُوا وَلَا تَحْزَنُوا وَأَبْشِرُوا بِالْجَنَّةِ الَّتِي كُنْتُمْ تُوعَدُونَ",
      "verseStringB": "Those who say, Our Lord is Allāh, then continue in the right way, the angels descend upon them saying: Fear not, nor be grieved, and receive good news of the Garden which you were promised."
    },
    {
      "verseNumber": 31,
      "verseString": "نَحْنُ أَوْلِيَاؤُكُمْ فِي الْحَيَاةِ الدُّنْيَا وَفِي الْآخِرَةِ ۖ وَلَكُمْ فِيهَا مَا تَشْتَهِي أَنْفُسُكُمْ وَلَكُمْ فِيهَا مَا تَدَّعُونَ",
      "verseStringB": "We are your friends in this world’s life and in the Hereafter, and you have therein what your souls desire and you have therein what you ask for.ᵃ"
    },
    {
      "verseNumber": 32,
      "verseString": "نُزُلًا مِنْ غَفُورٍ رَحِيمٍ",
      "verseStringB": "A welcome gift from the Forgiving, the Merciful."
    },
    {
      "verseNumber": 33,
      "verseString": "وَمَنْ أَحْسَنُ قَوْلًا مِمَّنْ دَعَا إِلَى اللَّهِ وَعَمِلَ صَالِحًا وَقَالَ إِنَّنِي مِنَ الْمُسْلِمِينَ",
      "verseStringB": "And who is better in speech than one who calls to Allāh and does good, and says: I am surely of those who submit?"
    },
    {
      "verseNumber": 34,
      "verseString": "وَلَا تَسْتَوِي الْحَسَنَةُ وَلَا السَّيِّئَةُ ۚ ادْفَعْ بِالَّتِي هِيَ أَحْسَنُ فَإِذَا الَّذِي بَيْنَكَ وَبَيْنَهُ عَدَاوَةٌ كَأَنَّهُ وَلِيٌّ حَمِيمٌ",
      "verseStringB": "And not alike are the good and the evil. Repel (evil) with what is best, when lo! he between whom and thee is enmity would be as if he were a warm friend."
    },
    {
      "verseNumber": 35,
      "verseString": "وَمَا يُلَقَّاهَا إِلَّا الَّذِينَ صَبَرُوا وَمَا يُلَقَّاهَا إِلَّا ذُو حَظٍّ عَظِيمٍ",
      "verseStringB": "And none is granted it but those who are patient, and none is granted it but the owner of a mighty good fortune."
    },
    {
      "verseNumber": 36,
      "verseString": "وَإِمَّا يَنْزَغَنَّكَ مِنَ الشَّيْطَانِ نَزْغٌ فَاسْتَعِذْ بِاللَّهِ ۖ إِنَّهُ هُوَ السَّمِيعُ الْعَلِيمُ",
      "verseStringB": "And if a false imputation from the devil afflict thee, seek refuge in Allāh.ᵃ Surely He is the Hearing, the Knowing."
    },
    {
      "verseNumber": 37,
      "verseString": "وَمِنْ آيَاتِهِ اللَّيْلُ وَالنَّهَارُ وَالشَّمْسُ وَالْقَمَرُ ۚ لَا تَسْجُدُوا لِلشَّمْسِ وَلَا لِلْقَمَرِ وَاسْجُدُوا لِلَّهِ الَّذِي خَلَقَهُنَّ إِنْ كُنْتُمْ إِيَّاهُ تَعْبُدُونَ",
      "verseStringB": "And of His signs are the night and the day and the sun and the moon. Adore not the sun nor the moon, but adore Allāh Who created them, if He it is that you serve."
    },
    {
      "verseNumber": 38,
      "verseString": "فَإِنِ اسْتَكْبَرُوا فَالَّذِينَ عِنْدَ رَبِّكَ يُسَبِّحُونَ لَهُ بِاللَّيْلِ وَالنَّهَارِ وَهُمْ لَا يَسْأَمُونَ ۩",
      "verseStringB": "But if they are proud, yet those with thy Lord glorify Him night and day, and they tire not.ᵃ"
    },
    {
      "verseNumber": 39,
      "verseString": "وَمِنْ آيَاتِهِ أَنَّكَ تَرَى الْأَرْضَ خَاشِعَةً فَإِذَا أَنْزَلْنَا عَلَيْهَا الْمَاءَ اهْتَزَّتْ وَرَبَتْ ۚ إِنَّ الَّذِي أَحْيَاهَا لَمُحْيِي الْمَوْتَىٰ ۚ إِنَّهُ عَلَىٰ كُلِّ شَيْءٍ قَدِيرٌ",
      "verseStringB": "And of His signs is this, that thou seest the earth still, but when We send down water thereon, it stirs and swells.ᵃ He Who gives it life is surely the Giver of life to the dead. Surely He is Possessor of power over all things."
    },
    {
      "verseNumber": 40,
      "verseString": "إِنَّ الَّذِينَ يُلْحِدُونَ فِي آيَاتِنَا لَا يَخْفَوْنَ عَلَيْنَا ۗ أَفَمَنْ يُلْقَىٰ فِي النَّارِ خَيْرٌ أَمْ مَنْ يَأْتِي آمِنًا يَوْمَ الْقِيَامَةِ ۚ اعْمَلُوا مَا شِئْتُمْ ۖ إِنَّهُ بِمَا تَعْمَلُونَ بَصِيرٌ",
      "verseStringB": "Those who distort Our messages are not hidden from Us. Is he then who is cast into the Fire better or he who comes safe on the day of Resurrection? Do what you like, surely He is Seer of what you do."
    },
    {
      "verseNumber": 41,
      "verseString": "إِنَّ الَّذِينَ كَفَرُوا بِالذِّكْرِ لَمَّا جَاءَهُمْ ۖ وَإِنَّهُ لَكِتَابٌ عَزِيزٌ",
      "verseStringB": "Those who disbelieve in the Reminder when it comes to them, and surely it is an Invincible Book:"
    },
    {
      "verseNumber": 42,
      "verseString": "لَا يَأْتِيهِ الْبَاطِلُ مِنْ بَيْنِ يَدَيْهِ وَلَا مِنْ خَلْفِهِ ۖ تَنْزِيلٌ مِنْ حَكِيمٍ حَمِيدٍ",
      "verseStringB": "Falsehood cannot come at it from before or behind it: a revelation from the Wise, the Praised One."
    },
    {
      "verseNumber": 43,
      "verseString": "مَا يُقَالُ لَكَ إِلَّا مَا قَدْ قِيلَ لِلرُّسُلِ مِنْ قَبْلِكَ ۚ إِنَّ رَبَّكَ لَذُو مَغْفِرَةٍ وَذُو عِقَابٍ أَلِيمٍ",
      "verseStringB": "Naught is said to thee but what was said to messengers before thee. Surely thy Lord is the Lord of Forgiveness and the Lord of painful Retribution."
    },
    {
      "verseNumber": 44,
      "verseString": "وَلَوْ جَعَلْنَاهُ قُرْآنًا أَعْجَمِيًّا لَقَالُوا لَوْلَا فُصِّلَتْ آيَاتُهُ ۖ أَأَعْجَمِيٌّ وَعَرَبِيٌّ ۗ قُلْ هُوَ لِلَّذِينَ آمَنُوا هُدًى وَشِفَاءٌ ۖ وَالَّذِينَ لَا يُؤْمِنُونَ فِي آذَانِهِمْ وَقْرٌ وَهُوَ عَلَيْهِمْ عَمًى ۚ أُولَٰئِكَ يُنَادَوْنَ مِنْ مَكَانٍ بَعِيدٍ",
      "verseStringB": "And if We had made it a Qur’ān in a foreign tongue, they would have said: Why have not its messages been made clear? What! a foreign (tongue) and an Arab!ᵃ Say: It is to those who believe a guidance and a healing,ᵇ and those who believe not, there is a deafness in their ears and it is obscure to them. These are called to from a place afar."
    },
    {
      "verseNumber": 45,
      "verseString": "وَلَقَدْ آتَيْنَا مُوسَى الْكِتَابَ فَاخْتُلِفَ فِيهِ ۗ وَلَوْلَا كَلِمَةٌ سَبَقَتْ مِنْ رَبِّكَ لَقُضِيَ بَيْنَهُمْ ۚ وَإِنَّهُمْ لَفِي شَكٍّ مِنْهُ مُرِيبٍ",
      "verseStringB": "And indeed We gave Moses the Book, but differences arose therein. And had not a word already gone forth from thy Lord, judgment would have been given between them. And surely they are in a disquieting doubt about it."
    },
    {
      "verseNumber": 46,
      "verseString": "مَنْ عَمِلَ صَالِحًا فَلِنَفْسِهِ ۖ وَمَنْ أَسَاءَ فَعَلَيْهَا ۗ وَمَا رَبُّكَ بِظَلَّامٍ لِلْعَبِيدِ",
      "verseStringB": "Whoever does good, it is for his own soul; and whoever does evil, it is against it. And thy Lord is not in the least unjust to the servants."
    },
    {
      "verseNumber": 47,
      "verseString": "إِلَيْهِ يُرَدُّ عِلْمُ السَّاعَةِ ۚ وَمَا تَخْرُجُ مِنْ ثَمَرَاتٍ مِنْ أَكْمَامِهَا وَمَا تَحْمِلُ مِنْ أُنْثَىٰ وَلَا تَضَعُ إِلَّا بِعِلْمِهِ ۚ وَيَوْمَ يُنَادِيهِمْ أَيْنَ شُرَكَائِي قَالُوا آذَنَّاكَ مَا مِنَّا مِنْ شَهِيدٍ",
      "verseStringB": "To Him is referred the knowledge of the Hour. And no fruit comes forth from its coverings, nor does a female bear or bring forth but with His knowledge. And on the day when He calls out to them: Where are My associates? they will say: We declare to Thee, not one of us can bear witness."
    },
    {
      "verseNumber": 48,
      "verseString": "وَضَلَّ عَنْهُمْ مَا كَانُوا يَدْعُونَ مِنْ قَبْلُ ۖ وَظَنُّوا مَا لَهُمْ مِنْ مَحِيصٍ",
      "verseStringB": "And those whom they called upon before will fail them, and they will know that they cannot escape."
    },
    {
      "verseNumber": 49,
      "verseString": "لَا يَسْأَمُ الْإِنْسَانُ مِنْ دُعَاءِ الْخَيْرِ وَإِنْ مَسَّهُ الشَّرُّ فَيَئُوسٌ قَنُوطٌ",
      "verseStringB": "Man tires not of praying for good, but, if evil touch him, he is despairing, hopeless."
    },
    {
      "verseNumber": 50,
      "verseString": "وَلَئِنْ أَذَقْنَاهُ رَحْمَةً مِنَّا مِنْ بَعْدِ ضَرَّاءَ مَسَّتْهُ لَيَقُولَنَّ هَٰذَا لِي وَمَا أَظُنُّ السَّاعَةَ قَائِمَةً وَلَئِنْ رُجِعْتُ إِلَىٰ رَبِّي إِنَّ لِي عِنْدَهُ لَلْحُسْنَىٰ ۚ فَلَنُنَبِّئَنَّ الَّذِينَ كَفَرُوا بِمَا عَمِلُوا وَلَنُذِيقَنَّهُمْ مِنْ عَذَابٍ غَلِيظٍ",
      "verseStringB": "And if We make him taste mercy from Us after distress has touched him, he says: This is due to me,ᵃ and I think not that the Hour will come to pass; and if I am sent back to my Lord, I shall have sure good with Him. So We shall certainly inform those who dis - believe of what they do, and We shall make them taste of hard chastisement."
    },
    {
      "verseNumber": 51,
      "verseString": "وَإِذَا أَنْعَمْنَا عَلَى الْإِنْسَانِ أَعْرَضَ وَنَأَىٰ بِجَانِبِهِ وَإِذَا مَسَّهُ الشَّرُّ فَذُو دُعَاءٍ عَرِيضٍ",
      "verseStringB": "And when We show favour to man, he turns away and withdraws himself; but when evil touches him, he is full of lengthy supplications."
    },
    {
      "verseNumber": 52,
      "verseString": "قُلْ أَرَأَيْتُمْ إِنْ كَانَ مِنْ عِنْدِ اللَّهِ ثُمَّ كَفَرْتُمْ بِهِ مَنْ أَضَلُّ مِمَّنْ هُوَ فِي شِقَاقٍ بَعِيدٍ",
      "verseStringB": "Say: See you, if it is from Allāh, then you disbelieve in it, who is in greater error than he who is in opposition far away?"
    },
    {
      "verseNumber": 53,
      "verseString": "سَنُرِيهِمْ آيَاتِنَا فِي الْآفَاقِ وَفِي أَنْفُسِهِمْ حَتَّىٰ يَتَبَيَّنَ لَهُمْ أَنَّهُ الْحَقُّ ۗ أَوَلَمْ يَكْفِ بِرَبِّكَ أَنَّهُ عَلَىٰ كُلِّ شَيْءٍ شَهِيدٌ",
      "verseStringB": "We will soon show them Our signs in farthest regions and among their own people,ᵃ until it is quite clear to them that it is the Truth. Is it not enough that thy Lord is a Witness over all things?"
    },
    {
      "verseNumber": 54,
      "verseString": "أَلَا إِنَّهُمْ فِي مِرْيَةٍ مِنْ لِقَاءِ رَبِّهِمْ ۗ أَلَا إِنَّهُ بِكُلِّ شَيْءٍ مُحِيطٌ",
      "verseStringB": "Now surely they are in doubt as to the meeting with their Lord. Lo! He surely encompasses all things."
    }
  ],
  "nameEnglish": "Detailed",
  "nameTrans": "Fussilat",
  "nameArabic": "فصلت",
  "chapterNumber": 41,
  "nVerses": 54,
  "footnotes": [
    {
      "note": "5a. Note that the coverings of the hearts, the deafness of the ears and the hanging ofthe veils are used simply to indicate their own determined rejection of the Truth. Theyresolved neither to open their hearts, lest the Truth should enter them, nor to lend theirears so that they might even hear the preaching of the Prophet. In fact, it was their ownact which brought about that consequence.\n\n10a. For the creation of the heavens and the earth in six days, see 7:54a; the day infact stands for a stage in growth. The making of the earth in two days and the making onit of the mountains, rivers and of plant and animal life in four days is really one continuous process, there being six days or six stages in all. The first stage is the throwing off ofthe cosmic matter called the earth; the second stage is the cooling of its surface; the thirdis the making of the mountains; the fourth is that of blessing it by waters and making init rivers; the fifth and the sixth stages are spoken of as the ordaining of foods, being, inthe first place, the growth of plant life and, in the second, the growth of animal life, culminating in the creation of man. That the creation in six days does not refer to the timeactually taken in making the heavens and the earth, which is still going on, is noted evenby the earlier commentators.\n\n10b. The meaning of this passage is that the foods which are made in the earth areequally accessible to all seekers.\n\n11a. Note that heaven is here plainly spoken of as being originally dukhån, smoke,vapour or gaseous matter. The command to creation to come willingly or unwillingly isa reference to the Divine laws working in nature. Everything created, whether in theheavens or the earth, is subject to law. The existence of one law throughout the universeis clear evidence of the existence of One God, the Maker of that law.\n\n12a. Just as, about the earth, it is stated in v. 9 that it was created in two days or intwo stages, we are told here about the heavenly bodies that they, too, were created intwo days or two stages. The creation of heavenly bodies is thus subject to the same law.For the seven heavens, see 2:29b. The words that follow — and revealed in every heaven its affair — show that everything created in nature serves a purpose.\n\n12b. See 37:7a.\n\n13a. The first 13 verses of this chapter were recited by the Holy Prophet when‘Utbah ibn Rabß‘ah came to him with a message from the Quraish. The message was tothe effect that the Prophet should discontinue speaking ill of their gods and condemningtheir ways, and then they would be willing to make him their chief, or give him the mostbeautiful woman in marriage, or collect wealth for him. When ‘Utbah had delivered hismessage, the Prophet read these verses; but when he reached v. 13, warning theMakkans of the fate of ‘Åd and Tham∂d, ‘Utbah entreated him to speak no more, andwent back to the Quraish to make known to them the Prophet’s reply (Rz).\n\n14a. The coming of the prophets from before and behind signifies their impressingthe truth of their message upon their people in every possible way. Some understand thecoming of the prophets from near and from far (JB).\n\n16a. The Quraish are warned in these words of an abasing punishment in this life,and a still more abasing punishment in the Hereafter. Their unlucky days were the daysof drought.\n\n17a. ‘Amå (blindness) is metaphorically used in relation to the mind, as meaningerring; the connection between the two meanings being the not finding or not taking theright way or the being blind in respect of the mind (LL).\n\n20a. The bearing of witness by the ears and the eyes and the skin shows the truth ofthe law that the consequences of evil deeds will become manifest.\n\n24a. God’s goodwill can be gained in this life, and for those who waste that opportunity here the only way to that goodwill is to go through the ordeal of Fire.\n\n25a. These comrades are wicked companions.\n\n31a. Vv. 30 and 31 show that it is in this life that the angels descend upon the faithful, giving them the joyful news that they should not have any fear. In fact, it is here,when the faithful are persecuted and oppressed, and when the powers of evil seem tohave the upper hand, that such assurances are most needed, and it is here that the angelsgive them comfort and strength to bear hardships, and thus they ultimately overcome theforces of evil.\n\n36a. The previous verse teaches the repelling of evil with good. This verse suggestsanother remedy for evil. The primary significance of nazagha-h∂ is he charged him withvice or spoke evil of him (T). It is in this sense that the word is used here and the contextmakes it clear. It is also used in this sense in 7:200; see 7:200a. It also means intrusionon or interference in an affair for the purpose of causing mischief in it (R), and the wordis used in this sense in 12:100. The Prophet is here told that, if his work is interfered withby evildoers or if false imputations are made against him, he should seek refuge in Allåh,and Divine help, which always comes to the righteous, will make truth triumphant.\n\n38a. The recitation of this verse is followed by an actual prostration; see 7:206a.\n\n39a. The still earth signifies land dried up and without herbage; its stirring indicatesits moving with life and its swelling the producing of herbage. This is entirely metaphorical. It indicates that, when Divine revelation comes, it gives a new life to men.Attention is called to this in the words that follow. The effect of rain upon earth islikened to the effect of the Qur’ån upon the hearts of men. Dead here are the spirituallydead.\n\n44a. There seems to be a reference here to the prophecies which spoke of the coming of an Ishmaelite or an Arab prophet. The reference to Moses in the next verseconfirms this, because Moses spoke plainly of a prophet like himself appearing fromamong the brethren of the Israelites, who are no others than the Ishmaelites. \n\n44b. The Qur’ån is here called a healing because it was a remedy for the spiritualdiseases which prevailed in the world. It is the book which proved itself to be a healing,because it found a nation affected with the worst possible spiritual and moral diseases,and within less than a quarter of a century cleansed a whole country and a whole nationof all those diseases. Its healing effect, however, has not been limited to Arabia, andtoday there is no people on the surface of the earth that does not bear witness to the greathealing power of the Qur’ån, which is so far-reaching in its effect that non-Muslimshave benefited by it equally with Muslims.\n\n50a. The words indicate man’s ungratefulness for Divine blessings. He does not recognize Divine goodness in those gifts, but says “this is due to me”, i.e., I have obtainedit by my own exertion and I deserve it. And then he denies the Judgment.\n\n53a. The word åf åq means borders or extremeties of the earth, or its remote sides, andthe great message conveyed here is that Islåm will spread to the most distant regions of theearth — anfusi-him denoting their own people, or the Arabs. What is stated here is this thatIslåm will quickly spread, not only in Arabia but in the remote regions of the earth, andthis prophecy is contained in a chapter revealed early at Makkah, when Muslims werebeing severely persecuted and the message of Islåm had apparently little hope of findingacceptance anywhere. If the prophecy is so clear, its fulfilment is clearer still. Within twenty years of its birth, Islåm spread through the whole of Arabia, and within a hundred years,it reached the farthest regions of the earth, both in the East and the West. Both the prophecy and its fulfilment are thus two of the most amazing facts of history."
    }
  ]
}
