{
  "verses": [
    {
      "verseNumber": 0,
      "verseString": "بِسْمِ اللَّهِ الرَّحْمَٰنِ الرَّحِيمِ",
      "verseStringB": "In the name of Allah, the Compassionate, the Merciful."
    },
    {
      "verseNumber": 1,
      "verseString": "حم",
      "verseStringB": "Beneficent God!"
    },
    {
      "verseNumber": 2,
      "verseString": "وَالْكِتَابِ الْمُبِينِ",
      "verseStringB": "By the Book that makes manifest!"
    },
    {
      "verseNumber": 3,
      "verseString": "إِنَّا أَنْزَلْنَاهُ فِي لَيْلَةٍ مُبَارَكَةٍ ۚ إِنَّا كُنَّا مُنْذِرِينَ",
      "verseStringB": "We revealed it on a blessed nighta— truly We are ever warning."
    },
    {
      "verseNumber": 4,
      "verseString": "فِيهَا يُفْرَقُ كُلُّ أَمْرٍ حَكِيمٍ",
      "verseStringB": "Therein is made clear every affair full of wisdoma—"
    },
    {
      "verseNumber": 5,
      "verseString": "أَمْرًا مِنْ عِنْدِنَا ۚ إِنَّا كُنَّا مُرْسِلِينَ",
      "verseStringB": "A command from Us — truly We are ever sending messengers —"
    },
    {
      "verseNumber": 6,
      "verseString": "رَحْمَةً مِنْ رَبِّكَ ۚ إِنَّهُ هُوَ السَّمِيعُ الْعَلِيمُ",
      "verseStringB": "A mercy from thy Lord — truly He is the Hearing, the Knowing,"
    },
    {
      "verseNumber": 7,
      "verseString": "رَبِّ السَّمَاوَاتِ وَالْأَرْضِ وَمَا بَيْنَهُمَا ۖ إِنْ كُنْتُمْ مُوقِنِينَ",
      "verseStringB": "The Lord of the heavens and the earth and what is between them, if you would be sure."
    },
    {
      "verseNumber": 8,
      "verseString": "لَا إِلَٰهَ إِلَّا هُوَ يُحْيِي وَيُمِيتُ ۖ رَبُّكُمْ وَرَبُّ آبَائِكُمُ الْأَوَّلِينَ",
      "verseStringB": "There is no God but He; He gives life and causes death — your Lord and the Lord of your fathers of yore."
    },
    {
      "verseNumber": 9,
      "verseString": "بَلْ هُمْ فِي شَكٍّ يَلْعَبُونَ",
      "verseStringB": "Nay, in doubt they sport."
    },
    {
      "verseNumber": 10,
      "verseString": "فَارْتَقِبْ يَوْمَ تَأْتِي السَّمَاءُ بِدُخَانٍ مُبِينٍ",
      "verseStringB": "So wait for the day when the heaven brings a clear drought,ᵃ"
    },
    {
      "verseNumber": 11,
      "verseString": "يَغْشَى النَّاسَ ۖ هَٰذَا عَذَابٌ أَلِيمٌ",
      "verseStringB": "Enveloping men. This is a painful chastisement."
    },
    {
      "verseNumber": 12,
      "verseString": "رَبَّنَا اكْشِفْ عَنَّا الْعَذَابَ إِنَّا مُؤْمِنُونَ",
      "verseStringB": "Our Lord, remove from us the chastisement — surely we are believers."
    },
    {
      "verseNumber": 13,
      "verseString": "أَنَّىٰ لَهُمُ الذِّكْرَىٰ وَقَدْ جَاءَهُمْ رَسُولٌ مُبِينٌ",
      "verseStringB": "When will they be reminded? And a Messenger has indeed come, making clear;"
    },
    {
      "verseNumber": 14,
      "verseString": "ثُمَّ تَوَلَّوْا عَنْهُ وَقَالُوا مُعَلَّمٌ مَجْنُونٌ",
      "verseStringB": "Yet they turned away from him and said: One taught (by others), a madman!"
    },
    {
      "verseNumber": 15,
      "verseString": "إِنَّا كَاشِفُو الْعَذَابِ قَلِيلًا ۚ إِنَّكُمْ عَائِدُونَ",
      "verseStringB": "We shall remove the chastisement a little, (but) you will surely return (to evil)."
    },
    {
      "verseNumber": 16,
      "verseString": "يَوْمَ نَبْطِشُ الْبَطْشَةَ الْكُبْرَىٰ إِنَّا مُنْتَقِمُونَ",
      "verseStringB": "On the day when We seize (them) with the most violent seizing; surely We shall exact retribution.ᵃ"
    },
    {
      "verseNumber": 17,
      "verseString": "وَلَقَدْ فَتَنَّا قَبْلَهُمْ قَوْمَ فِرْعَوْنَ وَجَاءَهُمْ رَسُولٌ كَرِيمٌ",
      "verseStringB": "And certainly We tried before them Pharaoh’s people and a noble messenger came to them,"
    },
    {
      "verseNumber": 18,
      "verseString": "أَنْ أَدُّوا إِلَيَّ عِبَادَ اللَّهِ ۖ إِنِّي لَكُمْ رَسُولٌ أَمِينٌ",
      "verseStringB": "Saying: Deliver to me the servants of Allāh.ᵃ Surely I am a faithful messenger to you."
    },
    {
      "verseNumber": 19,
      "verseString": "وَأَنْ لَا تَعْلُوا عَلَى اللَّهِ ۖ إِنِّي آتِيكُمْ بِسُلْطَانٍ مُبِينٍ",
      "verseStringB": "And exalt not yourselves against Allāh. Surely I bring to you a clear authority."
    },
    {
      "verseNumber": 20,
      "verseString": "وَإِنِّي عُذْتُ بِرَبِّي وَرَبِّكُمْ أَنْ تَرْجُمُونِ",
      "verseStringB": "And I take refuge with my Lord and your Lord, lest you stone me to death."
    },
    {
      "verseNumber": 21,
      "verseString": "وَإِنْ لَمْ تُؤْمِنُوا لِي فَاعْتَزِلُونِ",
      "verseStringB": "And if you believe not in me, leave me alone."
    },
    {
      "verseNumber": 22,
      "verseString": "فَدَعَا رَبَّهُ أَنَّ هَٰؤُلَاءِ قَوْمٌ مُجْرِمُونَ",
      "verseStringB": "Then he called upon his Lord: These are a guilty people."
    },
    {
      "verseNumber": 23,
      "verseString": "فَأَسْرِ بِعِبَادِي لَيْلًا إِنَّكُمْ مُتَّبَعُونَ",
      "verseStringB": "So go forth with My servants by night; surely you will be pursued,"
    },
    {
      "verseNumber": 24,
      "verseString": "وَاتْرُكِ الْبَحْرَ رَهْوًا ۖ إِنَّهُمْ جُنْدٌ مُغْرَقُونَ",
      "verseStringB": "And leave the sea behind calm.ᵃ Surely they are a host to be drowned."
    },
    {
      "verseNumber": 25,
      "verseString": "كَمْ تَرَكُوا مِنْ جَنَّاتٍ وَعُيُونٍ",
      "verseStringB": "How many of the gardens and springs they left behind!"
    },
    {
      "verseNumber": 26,
      "verseString": "وَزُرُوعٍ وَمَقَامٍ كَرِيمٍ",
      "verseStringB": "And cornfields and noble places!"
    },
    {
      "verseNumber": 27,
      "verseString": "وَنَعْمَةٍ كَانُوا فِيهَا فَاكِهِينَ",
      "verseStringB": "And goodly things wherein they rejoiced!"
    },
    {
      "verseNumber": 28,
      "verseString": "كَذَٰلِكَ ۖ وَأَوْرَثْنَاهَا قَوْمًا آخَرِينَ",
      "verseStringB": "Thus (it was). And We made other people inherit them."
    },
    {
      "verseNumber": 29,
      "verseString": "فَمَا بَكَتْ عَلَيْهِمُ السَّمَاءُ وَالْأَرْضُ وَمَا كَانُوا مُنْظَرِينَ",
      "verseStringB": "So the heaven and the earth wept not for them, nor were they respited.ᵃ"
    },
    {
      "verseNumber": 30,
      "verseString": "وَلَقَدْ نَجَّيْنَا بَنِي إِسْرَائِيلَ مِنَ الْعَذَابِ الْمُهِينِ",
      "verseStringB": "And We indeed delivered the Children of Israel from the abasing chastisement,"
    },
    {
      "verseNumber": 31,
      "verseString": "مِنْ فِرْعَوْنَ ۚ إِنَّهُ كَانَ عَالِيًا مِنَ الْمُسْرِفِينَ",
      "verseStringB": "From Pharaoh. Surely he was haughty, prodigal."
    },
    {
      "verseNumber": 32,
      "verseString": "وَلَقَدِ اخْتَرْنَاهُمْ عَلَىٰ عِلْمٍ عَلَى الْعَالَمِينَ",
      "verseStringB": "And certainly We chose them above the nations, having knowledge."
    },
    {
      "verseNumber": 33,
      "verseString": "وَآتَيْنَاهُمْ مِنَ الْآيَاتِ مَا فِيهِ بَلَاءٌ مُبِينٌ",
      "verseStringB": "And We gave them signs wherein was clear blessing."
    },
    {
      "verseNumber": 34,
      "verseString": "إِنَّ هَٰؤُلَاءِ لَيَقُولُونَ",
      "verseStringB": "These do indeed say:"
    },
    {
      "verseNumber": 35,
      "verseString": "إِنْ هِيَ إِلَّا مَوْتَتُنَا الْأُولَىٰ وَمَا نَحْنُ بِمُنْشَرِينَ",
      "verseStringB": "There is naught but our first death and we shall not be raised again."
    },
    {
      "verseNumber": 36,
      "verseString": "فَأْتُوا بِآبَائِنَا إِنْ كُنْتُمْ صَادِقِينَ",
      "verseStringB": "So bring our fathers (back), if you are truthful."
    },
    {
      "verseNumber": 37,
      "verseString": "أَهُمْ خَيْرٌ أَمْ قَوْمُ تُبَّعٍ وَالَّذِينَ مِنْ قَبْلِهِمْ ۚ أَهْلَكْنَاهُمْ ۖ إِنَّهُمْ كَانُوا مُجْرِمِينَ",
      "verseStringB": "Are they better or the people of Tubba‘,ᵃ and those before them? We destroyed them, for surely they were guilty."
    },
    {
      "verseNumber": 38,
      "verseString": "وَمَا خَلَقْنَا السَّمَاوَاتِ وَالْأَرْضَ وَمَا بَيْنَهُمَا لَاعِبِينَ",
      "verseStringB": "And We did not create the heavens and the earth and that which is between them in sport."
    },
    {
      "verseNumber": 39,
      "verseString": "مَا خَلَقْنَاهُمَا إِلَّا بِالْحَقِّ وَلَٰكِنَّ أَكْثَرَهُمْ لَا يَعْلَمُونَ",
      "verseStringB": "We created them not but with truth, but most of them know not."
    },
    {
      "verseNumber": 40,
      "verseString": "إِنَّ يَوْمَ الْفَصْلِ مِيقَاتُهُمْ أَجْمَعِينَ",
      "verseStringB": "Surely the day of Decision is the term for them all,"
    },
    {
      "verseNumber": 41,
      "verseString": "يَوْمَ لَا يُغْنِي مَوْلًى عَنْ مَوْلًى شَيْئًا وَلَا هُمْ يُنْصَرُونَ",
      "verseStringB": "The day when friend will avail friend in naught, nor will they be helped —"
    },
    {
      "verseNumber": 42,
      "verseString": "إِلَّا مَنْ رَحِمَ اللَّهُ ۚ إِنَّهُ هُوَ الْعَزِيزُ الرَّحِيمُ",
      "verseStringB": "Save those on whom Allāh has mercy. Surely He is the Mighty, the Merciful."
    },
    {
      "verseNumber": 43,
      "verseString": "إِنَّ شَجَرَتَ الزَّقُّومِ",
      "verseStringB": "Surely the tree of Zaqq∂ma"
    },
    {
      "verseNumber": 44,
      "verseString": "طَعَامُ الْأَثِيمِ",
      "verseStringB": "Is the food of the sinful,"
    },
    {
      "verseNumber": 45,
      "verseString": "كَالْمُهْلِ يَغْلِي فِي الْبُطُونِ",
      "verseStringB": "Like molten brass; it seethes in (their) bellies"
    },
    {
      "verseNumber": 46,
      "verseString": "كَغَلْيِ الْحَمِيمِ",
      "verseStringB": "Like boiling water."
    },
    {
      "verseNumber": 47,
      "verseString": "خُذُوهُ فَاعْتِلُوهُ إِلَىٰ سَوَاءِ الْجَحِيمِ",
      "verseStringB": "Seize him, then drag him into the midst of hell;"
    },
    {
      "verseNumber": 48,
      "verseString": "ثُمَّ صُبُّوا فَوْقَ رَأْسِهِ مِنْ عَذَابِ الْحَمِيمِ",
      "verseStringB": "Then pour on his head of the torment of boiling water —"
    },
    {
      "verseNumber": 49,
      "verseString": "ذُقْ إِنَّكَ أَنْتَ الْعَزِيزُ الْكَرِيمُ",
      "verseStringB": "Taste — thou art forsooth the mighty, the honourable!ᵃ"
    },
    {
      "verseNumber": 50,
      "verseString": "إِنَّ هَٰذَا مَا كُنْتُمْ بِهِ تَمْتَرُونَ",
      "verseStringB": "Surely this is what you doubted."
    },
    {
      "verseNumber": 51,
      "verseString": "إِنَّ الْمُتَّقِينَ فِي مَقَامٍ أَمِينٍ",
      "verseStringB": "Those who keep their duty are indeed in a secure place —"
    },
    {
      "verseNumber": 52,
      "verseString": "فِي جَنَّاتٍ وَعُيُونٍ",
      "verseStringB": "In gardens and springs,"
    },
    {
      "verseNumber": 53,
      "verseString": "يَلْبَسُونَ مِنْ سُنْدُسٍ وَإِسْتَبْرَقٍ مُتَقَابِلِينَ",
      "verseStringB": "Wearing fine and thick silk, facing one another —"
    },
    {
      "verseNumber": 54,
      "verseString": "كَذَٰلِكَ وَزَوَّجْنَاهُمْ بِحُورٍ عِينٍ",
      "verseStringB": "Thus (shall it be). And We shall join them to pure, beautiful ones.ᵃ"
    },
    {
      "verseNumber": 55,
      "verseString": "يَدْعُونَ فِيهَا بِكُلِّ فَاكِهَةٍ آمِنِينَ",
      "verseStringB": "They call therein for every fruit in security —"
    },
    {
      "verseNumber": 56,
      "verseString": "لَا يَذُوقُونَ فِيهَا الْمَوْتَ إِلَّا الْمَوْتَةَ الْأُولَىٰ ۖ وَوَقَاهُمْ عَذَابَ الْجَحِيمِ",
      "verseStringB": "They taste not therein death, except the first death; and He will save them from the chastisement of hell —"
    },
    {
      "verseNumber": 57,
      "verseString": "فَضْلًا مِنْ رَبِّكَ ۚ ذَٰلِكَ هُوَ الْفَوْزُ الْعَظِيمُ",
      "verseStringB": "A grace from thy Lord. This is the great achievement."
    },
    {
      "verseNumber": 58,
      "verseString": "فَإِنَّمَا يَسَّرْنَاهُ بِلِسَانِكَ لَعَلَّهُمْ يَتَذَكَّرُونَ",
      "verseStringB": "So We have made it easy in thy tongue that they may mind."
    },
    {
      "verseNumber": 59,
      "verseString": "فَارْتَقِبْ إِنَّهُمْ مُرْتَقِبُونَ",
      "verseStringB": "Wait then; surely they (too) are waiting."
    }
  ],
  "nameEnglish": "Smoke",
  "nameTrans": "ad-Dukhan",
  "nameArabic": "الدخان",
  "chapterNumber": 44,
  "nVerses": 59,
  "footnotes": [
    {
      "note": "3a. The revelation of the Holy Qur’ån on a blessed night has a deeper meaningbeneath it than the mere fact that the revelation began on the blessed night which is elsewhere called lailat al-Qadr (97:1), one of the last ten nights in the month of Rama˙ån.The night stands for a time of darkness, and hence a time of ignorance, when trueknowledge had disappeared from the world. A prophet’s advent is always preceded bysuch darkness, and when the Holy Prophet made his appearance, such darkness prevailed in all countries of the world. This night is called a blessed night because in it theworld received the greatest manifestation of Divine light.\n\n4a. Divine revelation distinguishes truth from falsehood and reveals the treasures ofwisdom to men.\n\n10a. Dukhån means smoke, or mischief, or dearth, or drought, or hunger (LL). Thecommentators agree on the basis of highly trustworthy reports that its meaning here isdrought. According to T, dukhån means jadab, i.e., dearth or drought, and j∂‘ or famine,for (the drought brought on such misery that) the hungry man beheld smoke between himand the sky. Others, however, say the real reason why hunger is called dukhån is thatbecause of the dry earth in a drought dust rises, creating a dusty atmosphere, which islikened to smoke (LL). The chapter, as the whole tenor of it shows, belongs to the earlyMakkan period. The suggestion that this verse and those that follow, up to the 16th, oraccording to some only vv. 15 and 16, belong to Madßnah, is entirely without foundation.The statements made in these verses are all prophetical, and such is also the statement ofv. 15, We shall remove the chastisement a little, because the removal of the drought wasfollowed by the “violent seizing”, which brought on the conquest of Makkah. The Ïadßthhas the following reference to it: “When the Prophet invited the Quraish to Islåm, theyrejected him and opposed him; so he prayed, O Allåh, help me against them with sevenyears like the seven years of Joseph. So famine and distress overtook them and all theirresources were exhausted, until they ate dead bodies, and a man used to look to heaven,and he saw between him and it something like smoke on account of hard affliction” (B. 65:xliv, 4).\n\n16a. The prophecy here seems to refer to the constant defeats in battle that were to besuffered by the Quraish, beginning with the battle of Badr, and resulting in the final overthrow of their power by the seizure of Makkah. Ibn Mas‘∂d says that by violent seizing ismeant the day of Badr (B. 65: xliv, 4). The discomfiture of the power of the Quraish beganwith Badr, and that power was utterly broken with the conquest of Makkah.\n\n18a. Moses wanted the Israelites to be allowed to leave Egypt.\n\n24a. Rahw has several significances. It means an intervening space between twothings (T), the sea or the river in this case being an intervening space between theIsraelites and the Egyptians. It also means calm (T), it being implied that there was nostorm in the sea when it was left by the Israelites, so that the Egyptians, finding it calmand motionless, followed the Israelites. Or rahw may signify moving along easily, referring to the Israelites going along without fear of being overtaken.\n\n29a. The weeping for a dead man signifies the remembering of his good qualities oractions, which often bring tears to the eyes. The heaven and the earth wept not for thembecause they had neither the love of God in their hearts, nor had they done anything forthe good of men, so that their good qualities should have been remembered either inheaven or on earth.\n\n37a. Tubba‘ is the surname of the kings of Yaman, but the name Tubba‘ was givenonly to those kings of Yaman who were rulers of Saba’ and Ïa˙ramaut and the Ïimyar(LA). Generally Tubba‘ is taken to be the title of the kings of the Ïimyar. RM quotesI‘Ab as saying that the particular Tubba‘ spoken of here was a prophet. It is generallybelieved that he was a believer in God, while his people were disbelievers.\n\n43a. See 37:62a.\n\n49a. Those who considered themselves mighty and honourable in the land and triedtheir utmost to exterminate the Truth were ultimately brought low in the land in thisvery life and thus tasted the consequences of their arrogance.\n\n54a. See 52:20a."
    }
  ]
}
