{
  "verses": [
    {
      "verseNumber": 0,
      "verseString": "بِسْمِ اللَّهِ الرَّحْمَٰنِ الرَّحِيمِ",
      "verseStringB": "In the name of Allah, the Compassionate, the Merciful."
    },
    {
      "verseNumber": 1,
      "verseString": "يَا أَيُّهَا الَّذِينَ آمَنُوا لَا تَتَّخِذُوا عَدُوِّي وَعَدُوَّكُمْ أَوْلِيَاءَ تُلْقُونَ إِلَيْهِمْ بِالْمَوَدَّةِ وَقَدْ كَفَرُوا بِمَا جَاءَكُمْ مِنَ الْحَقِّ يُخْرِجُونَ الرَّسُولَ وَإِيَّاكُمْ ۙ أَنْ تُؤْمِنُوا بِاللَّهِ رَبِّكُمْ إِنْ كُنْتُمْ خَرَجْتُمْ جِهَادًا فِي سَبِيلِي وَابْتِغَاءَ مَرْضَاتِي ۚ تُسِرُّونَ إِلَيْهِمْ بِالْمَوَدَّةِ وَأَنَا أَعْلَمُ بِمَا أَخْفَيْتُمْ وَمَا أَعْلَنْتُمْ ۚ وَمَنْ يَفْعَلْهُ مِنْكُمْ فَقَدْ ضَلَّ سَوَاءَ السَّبِيلِ",
      "verseStringB": "O you who believe, take not My enemy and your enemy for friends. Would you offer them love, while they deny the Truth that has come to you, driving out the Messenger and yourselves because you believe in Allāh, your Lord?ᵃ If you have come forth to strive in My way and to seek My pleasure, would you love them in secret? And I know what you conceal and what you manifest. And whoever of you does this, he indeed strays from the straight path."
    },
    {
      "verseNumber": 2,
      "verseString": "إِنْ يَثْقَفُوكُمْ يَكُونُوا لَكُمْ أَعْدَاءً وَيَبْسُطُوا إِلَيْكُمْ أَيْدِيَهُمْ وَأَلْسِنَتَهُمْ بِالسُّوءِ وَوَدُّوا لَوْ تَكْفُرُونَ",
      "verseStringB": "If they overcome you, they will be your enemies, and will stretch forth their hands and their tongues towards you with evil,ᵃ and they desire that you may disbelieve."
    },
    {
      "verseNumber": 3,
      "verseString": "لَنْ تَنْفَعَكُمْ أَرْحَامُكُمْ وَلَا أَوْلَادُكُمْ ۚ يَوْمَ الْقِيَامَةِ يَفْصِلُ بَيْنَكُمْ ۚ وَاللَّهُ بِمَا تَعْمَلُونَ بَصِيرٌ",
      "verseStringB": "Your relationships and your children would not profit you, on the day of Resurrection — He will decide between you. And Allāh is Seer of what you do."
    },
    {
      "verseNumber": 4,
      "verseString": "قَدْ كَانَتْ لَكُمْ أُسْوَةٌ حَسَنَةٌ فِي إِبْرَاهِيمَ وَالَّذِينَ مَعَهُ إِذْ قَالُوا لِقَوْمِهِمْ إِنَّا بُرَآءُ مِنْكُمْ وَمِمَّا تَعْبُدُونَ مِنْ دُونِ اللَّهِ كَفَرْنَا بِكُمْ وَبَدَا بَيْنَنَا وَبَيْنَكُمُ الْعَدَاوَةُ وَالْبَغْضَاءُ أَبَدًا حَتَّىٰ تُؤْمِنُوا بِاللَّهِ وَحْدَهُ إِلَّا قَوْلَ إِبْرَاهِيمَ لِأَبِيهِ لَأَسْتَغْفِرَنَّ لَكَ وَمَا أَمْلِكُ لَكَ مِنَ اللَّهِ مِنْ شَيْءٍ ۖ رَبَّنَا عَلَيْكَ تَوَكَّلْنَا وَإِلَيْكَ أَنَبْنَا وَإِلَيْكَ الْمَصِيرُ",
      "verseStringB": "Indeed, there is for you a good example in Abraham and those with him, when they said to their people: We are clear of you and of that which you serve besides Allāh. We disbelieve in you and there has arisen enmity and hatred between us and you forever until you believe in Allāh alon — except Abraham’s saying to his sire: I would ask forgiveness for thee, and I control naught for thee from Allāh.ᵃ Our Lord, on Thee do we rely, and to Thee do we turn, and to Thee is the eventual coming."
    },
    {
      "verseNumber": 5,
      "verseString": "رَبَّنَا لَا تَجْعَلْنَا فِتْنَةً لِلَّذِينَ كَفَرُوا وَاغْفِرْ لَنَا رَبَّنَا ۖ إِنَّكَ أَنْتَ الْعَزِيزُ الْحَكِيمُ",
      "verseStringB": "Our Lord, make us not a trial for those who disbelieve, and forgive us, our Lord. Surely Thou art the Mighty, the Wise."
    },
    {
      "verseNumber": 6,
      "verseString": "لَقَدْ كَانَ لَكُمْ فِيهِمْ أُسْوَةٌ حَسَنَةٌ لِمَنْ كَانَ يَرْجُو اللَّهَ وَالْيَوْمَ الْآخِرَ ۚ وَمَنْ يَتَوَلَّ فَإِنَّ اللَّهَ هُوَ الْغَنِيُّ الْحَمِيدُ",
      "verseStringB": "Certainly there is for you in them a good example, for him who hopes for Allāh and the Last Day. And whoever turns away, surely Allāh is the SelfSufficient, the Praised."
    },
    {
      "verseNumber": 7,
      "verseString": "عَسَى اللَّهُ أَنْ يَجْعَلَ بَيْنَكُمْ وَبَيْنَ الَّذِينَ عَادَيْتُمْ مِنْهُمْ مَوَدَّةً ۚ وَاللَّهُ قَدِيرٌ ۚ وَاللَّهُ غَفُورٌ رَحِيمٌ",
      "verseStringB": "It may be that Allāh will bring about friendship between you and those of them whom you hold as enemies. And Allāh is Powerful; and Allāh is Forgiving, Merciful.ᵃ"
    },
    {
      "verseNumber": 8,
      "verseString": "لَا يَنْهَاكُمُ اللَّهُ عَنِ الَّذِينَ لَمْ يُقَاتِلُوكُمْ فِي الدِّينِ وَلَمْ يُخْرِجُوكُمْ مِنْ دِيَارِكُمْ أَنْ تَبَرُّوهُمْ وَتُقْسِطُوا إِلَيْهِمْ ۚ إِنَّ اللَّهَ يُحِبُّ الْمُقْسِطِينَ",
      "verseStringB": "Allāh forbids you not respecting those who fight you not for religion, nor drive you forth from your homes, that you show them kindness and deal with them justly. Surely Allāh loves the doers of justice.ᵃ"
    },
    {
      "verseNumber": 9,
      "verseString": "إِنَّمَا يَنْهَاكُمُ اللَّهُ عَنِ الَّذِينَ قَاتَلُوكُمْ فِي الدِّينِ وَأَخْرَجُوكُمْ مِنْ دِيَارِكُمْ وَظَاهَرُوا عَلَىٰ إِخْرَاجِكُمْ أَنْ تَوَلَّوْهُمْ ۚ وَمَنْ يَتَوَلَّهُمْ فَأُولَٰئِكَ هُمُ الظَّالِمُونَ",
      "verseStringB": "Allāh forbids you only respecting those who fight you for religion, and drive you forth from your homes and help (others) in your expulsion, that you make friends of them; and whoever makes friends of them, these are the wrongdoers."
    },
    {
      "verseNumber": 10,
      "verseString": "يَا أَيُّهَا الَّذِينَ آمَنُوا إِذَا جَاءَكُمُ الْمُؤْمِنَاتُ مُهَاجِرَاتٍ فَامْتَحِنُوهُنَّ ۖ اللَّهُ أَعْلَمُ بِإِيمَانِهِنَّ ۖ فَإِنْ عَلِمْتُمُوهُنَّ مُؤْمِنَاتٍ فَلَا تَرْجِعُوهُنَّ إِلَى الْكُفَّارِ ۖ لَا هُنَّ حِلٌّ لَهُمْ وَلَا هُمْ يَحِلُّونَ لَهُنَّ ۖ وَآتُوهُمْ مَا أَنْفَقُوا ۚ وَلَا جُنَاحَ عَلَيْكُمْ أَنْ تَنْكِحُوهُنَّ إِذَا آتَيْتُمُوهُنَّ أُجُورَهُنَّ ۚ وَلَا تُمْسِكُوا بِعِصَمِ الْكَوَافِرِ وَاسْأَلُوا مَا أَنْفَقْتُمْ وَلْيَسْأَلُوا مَا أَنْفَقُوا ۚ ذَٰلِكُمْ حُكْمُ اللَّهِ ۖ يَحْكُمُ بَيْنَكُمْ ۚ وَاللَّهُ عَلِيمٌ حَكِيمٌ",
      "verseStringB": "O you who believe, when believing women come to you fleeing, examine them. Allāh knows best their faith. Then if you know them to be believers send them not back to the disbelievers.ᵃ Neither are these (women) lawful for them, nor are those (men) lawful for them. And give them what they have spent; and there is no blame on you in marrying them, when you give them their dowries. And hold not to the ties of marriage of disbelieving women, and ask for what you have spent, and let them ask for what they have spent. That is Allāh’s judgment; He judges between you. And Allāh is Knowing, Wise.ᵇ"
    },
    {
      "verseNumber": 11,
      "verseString": "وَإِنْ فَاتَكُمْ شَيْءٌ مِنْ أَزْوَاجِكُمْ إِلَى الْكُفَّارِ فَعَاقَبْتُمْ فَآتُوا الَّذِينَ ذَهَبَتْ أَزْوَاجُهُمْ مِثْلَ مَا أَنْفَقُوا ۚ وَاتَّقُوا اللَّهَ الَّذِي أَنْتُمْ بِهِ مُؤْمِنُونَ",
      "verseStringB": "And if any part (of the dowries) of your wives has passed away from you to the disbelievers, then your turn comes, give to those whose wives have gone away the like of what they have spent, and keep your duty to Allāh in Whom you believe.ᵃ"
    },
    {
      "verseNumber": 12,
      "verseString": "يَا أَيُّهَا النَّبِيُّ إِذَا جَاءَكَ الْمُؤْمِنَاتُ يُبَايِعْنَكَ عَلَىٰ أَنْ لَا يُشْرِكْنَ بِاللَّهِ شَيْئًا وَلَا يَسْرِقْنَ وَلَا يَزْنِينَ وَلَا يَقْتُلْنَ أَوْلَادَهُنَّ وَلَا يَأْتِينَ بِبُهْتَانٍ يَفْتَرِينَهُ بَيْنَ أَيْدِيهِنَّ وَأَرْجُلِهِنَّ وَلَا يَعْصِينَكَ فِي مَعْرُوفٍ ۙ فَبَايِعْهُنَّ وَاسْتَغْفِرْ لَهُنَّ اللَّهَ ۖ إِنَّ اللَّهَ غَفُورٌ رَحِيمٌ",
      "verseStringB": "O Prophet, when believing women come to thee giving thee a pledge that they will not associate aught with Allāh, and will not steal, nor commit adultery; nor kill their children, nor bring a calumny which they have forged of themselves, nor disobey thee in what is good, accept their pledge, and ask forgiveness for them from Allāh. Surely Allāh is Forgiving, Merciful.ᵃ"
    },
    {
      "verseNumber": 13,
      "verseString": "يَا أَيُّهَا الَّذِينَ آمَنُوا لَا تَتَوَلَّوْا قَوْمًا غَضِبَ اللَّهُ عَلَيْهِمْ قَدْ يَئِسُوا مِنَ الْآخِرَةِ كَمَا يَئِسَ الْكُفَّارُ مِنْ أَصْحَابِ الْقُبُورِ",
      "verseStringB": "O you who believe, take not for friends a people with whom Allāh is wroth — they indeed despair of the Hereafter, as the disbelievers despair of those in the graves.ᵃ"
    }
  ],
  "nameEnglish": "She who is Tested",
  "nameTrans": "al-Mumtahina",
  "nameArabic": "الـمـمـتـحنة",
  "chapterNumber": 60,
  "nVerses": 13,
  "footnotes": [
    {
      "note": "1a. It should be noted that the reason given for not taking the disbelievers as friendsis that they are the enemies of Allåh and His Messenger, who drove out the Prophet andthe Muslims from their homes. Vv. 8 and 9 afford a full explanation.\n\n2a. That is, they would slay you with their hands and revile you with their tongues.\n\n4a. As shown in 6:74a, it was not Abraham’s father for whom he thus prayed, forultimately this sire of Abraham proved to be a deadly enemy. Abraham’s example isquoted to show how loving and tender he was towards his people, yet, when it becameclear to him that they were bent upon uprooting the Truth, even Abraham could notmaintain relations of friendship with them. The Holy Prophet and his companions werein like manner now obliged to renounce all relationships of friendship with a people whowere not only the avowed enemies of the Muslims but also in a state of continual warwith them. For Abraham’s promise to ask forgiveness for his sire, see 19:47.\n\n7a. This verse makes it clear that the prohibition against friendly relations with thedisbelievers was only temporary, to be operative only so long as the war continued. Thefriendship prophetically referred to here was brought about after the conquest of Makkah.\n\n8a. This verse and the one that follows, revealed as they were at a time when therelations between the Muslims and the disbelievers were most strained on account of theexistence of a continual state of war between the two parties, settle conclusively thatfriendly relations between Muslims and non-Muslims, as such, are not prohibited. It is inthe light of these verses that all the verses forbidding friendly relations with the disbelievers should be read, because here the true principle is revealed in unmistakable language, allowing friendly relations with one class of disbelievers and prohibiting suchrelations with those of another class.\n\n10a. People continued to embrace Islåm at Makkah, although there was now nopreacher of the faith there. This gradual conversion to Islåm continued notwithstandingthe bitter persecution of the new converts, which compelled them to flee from theirhomes. It is an unparalleled example of the deep impression which the Holy Prophet’struth had made upon the Makkans. The example cited here relates to believing womenwho fled to Madßnah under these circumstances. These women were not taken unconditionally; it was necessary that they should be examined. In accordance with this injunction we find it related that the Holy Prophet obtained the assurance of such women underoath that they had not left their homes except on account of Islåm, and that it was not thedesertion of their husbands or the love of anyone that had prompted them to flee (JB, Kf ).\n\n10b. The state of permanent warfare maintained between the Muslims and thedisbelievers did not allow of any social relationship to be established between the two parties. Hence marriage relationship, between Muslim men and disbelieving women, aswell as those between Muslim women and the disbelieving men, could no longer bemaintained; each party having returned the dowry, divorce automatically resulted.\n\n11a. It is a case in which a Muslim husband is allowed to recoup the loss sustainedof the dowry of a disbelieving wife who has deserted him, from the sum due for the payment of dowry for a Muslim woman who has fled from the disbelievers and joined theMuslims, or from acquisitions gained in war (Kf). This was necessary because the disbelievers refused to return the dowries of women who had gone over to them.\n\n12a. Most of the commentators think that the pledge spoken of in this verse wasonly taken by the Holy Prophet after the conquest of Makkah, when large numbers ofwomen as well as men embraced Islåm.\n\n13a. The reference is to the Jews. One sect of the Jews denied the Resurrection, towhich reference is contained in the concluding words of the verse."
    }
  ]
}
