{
  "verses": [
    {
      "verseNumber": 0,
      "verseString": "بِسْمِ اللَّهِ الرَّحْمَٰنِ الرَّحِيمِ",
      "verseStringB": "In the name of Allah, the Compassionate, the Merciful."
    },
    {
      "verseNumber": 1,
      "verseString": "يُسَبِّحُ لِلَّهِ مَا فِي السَّمَاوَاتِ وَمَا فِي الْأَرْضِ ۖ لَهُ الْمُلْكُ وَلَهُ الْحَمْدُ ۖ وَهُوَ عَلَىٰ كُلِّ شَيْءٍ قَدِيرٌ",
      "verseStringB": "Whatever is in the heavens and whatever is in the earth glorifies Allāh. His is the kingdom, and His the praise; and He is Possessor of power over all things."
    },
    {
      "verseNumber": 2,
      "verseString": "هُوَ الَّذِي خَلَقَكُمْ فَمِنْكُمْ كَافِرٌ وَمِنْكُمْ مُؤْمِنٌ ۚ وَاللَّهُ بِمَا تَعْمَلُونَ بَصِيرٌ",
      "verseStringB": "He it is Who created you, but one of you is a disbeliever and one of you is a believer. And Allāh is Seer of what you do."
    },
    {
      "verseNumber": 3,
      "verseString": "خَلَقَ السَّمَاوَاتِ وَالْأَرْضَ بِالْحَقِّ وَصَوَّرَكُمْ فَأَحْسَنَ صُوَرَكُمْ ۖ وَإِلَيْهِ الْمَصِيرُ",
      "verseStringB": "He created the heavens and the earth with truth, and He shaped you, then made goodly your shapes; and to Him is the resort."
    },
    {
      "verseNumber": 4,
      "verseString": "يَعْلَمُ مَا فِي السَّمَاوَاتِ وَالْأَرْضِ وَيَعْلَمُ مَا تُسِرُّونَ وَمَا تُعْلِنُونَ ۚ وَاللَّهُ عَلِيمٌ بِذَاتِ الصُّدُورِ",
      "verseStringB": "He knows what is in the heavens and the earth, and He knows what you hide and what you manifest. And Allāh is Knower of what is in the hearts."
    },
    {
      "verseNumber": 5,
      "verseString": "أَلَمْ يَأْتِكُمْ نَبَأُ الَّذِينَ كَفَرُوا مِنْ قَبْلُ فَذَاقُوا وَبَالَ أَمْرِهِمْ وَلَهُمْ عَذَابٌ أَلِيمٌ",
      "verseStringB": "Has there not come to you the story of those who disbelieved before, then tasted the evil consequences of their conduct, and they had a painful chastisement?"
    },
    {
      "verseNumber": 6,
      "verseString": "ذَٰلِكَ بِأَنَّهُ كَانَتْ تَأْتِيهِمْ رُسُلُهُمْ بِالْبَيِّنَاتِ فَقَالُوا أَبَشَرٌ يَهْدُونَنَا فَكَفَرُوا وَتَوَلَّوْا ۚ وَاسْتَغْنَى اللَّهُ ۚ وَاللَّهُ غَنِيٌّ حَمِيدٌ",
      "verseStringB": "That is because there came to them their messengers with clear arguments, but they said: Shall mortals guide us? So they disbelieved and turned away, and Allāh is above all need. And Allāh is Self-Sufficient, Praised."
    },
    {
      "verseNumber": 7,
      "verseString": "زَعَمَ الَّذِينَ كَفَرُوا أَنْ لَنْ يُبْعَثُوا ۚ قُلْ بَلَىٰ وَرَبِّي لَتُبْعَثُنَّ ثُمَّ لَتُنَبَّؤُنَّ بِمَا عَمِلْتُمْ ۚ وَذَٰلِكَ عَلَى اللَّهِ يَسِيرٌ",
      "verseStringB": "Those who disbelieve think that they will not be raised. Say: Aye, by my Lord! you will certainly be raised; then you will certainly be informed of what you did. And that is easy to Allāh."
    },
    {
      "verseNumber": 8,
      "verseString": "فَآمِنُوا بِاللَّهِ وَرَسُولِهِ وَالنُّورِ الَّذِي أَنْزَلْنَا ۚ وَاللَّهُ بِمَا تَعْمَلُونَ خَبِيرٌ",
      "verseStringB": "So believe in Allāh and His Messenger and the Light which We have revealed. And Allāh is Aware of what you do."
    },
    {
      "verseNumber": 9,
      "verseString": "يَوْمَ يَجْمَعُكُمْ لِيَوْمِ الْجَمْعِ ۖ ذَٰلِكَ يَوْمُ التَّغَابُنِ ۗ وَمَنْ يُؤْمِنْ بِاللَّهِ وَيَعْمَلْ صَالِحًا يُكَفِّرْ عَنْهُ سَيِّئَاتِهِ وَيُدْخِلْهُ جَنَّاتٍ تَجْرِي مِنْ تَحْتِهَا الْأَنْهَارُ خَالِدِينَ فِيهَا أَبَدًا ۚ ذَٰلِكَ الْفَوْزُ الْعَظِيمُ",
      "verseStringB": "The day when He will gather you for the day of Gathering, that is the day of the Manifestation of losses.ᵃ And whoever believes in Allāh and does good, He will remove from him his evil and cause him to enter Gardens wherein rivers flow, to abide therein forever. That is the great achievement.ᵇ"
    },
    {
      "verseNumber": 10,
      "verseString": "وَالَّذِينَ كَفَرُوا وَكَذَّبُوا بِآيَاتِنَا أُولَٰئِكَ أَصْحَابُ النَّارِ خَالِدِينَ فِيهَا ۖ وَبِئْسَ الْمَصِيرُ",
      "verseStringB": "And those who disbelieve and reject Our messages, they are the companions of the Fire, abiding therein; and evil is the resort."
    },
    {
      "verseNumber": 11,
      "verseString": "مَا أَصَابَ مِنْ مُصِيبَةٍ إِلَّا بِإِذْنِ اللَّهِ ۗ وَمَنْ يُؤْمِنْ بِاللَّهِ يَهْدِ قَلْبَهُ ۚ وَاللَّهُ بِكُلِّ شَيْءٍ عَلِيمٌ",
      "verseStringB": "No calamity befalls but by Allāh’s permission. And whoever believes in Allāh, He guides his heart. And Allāh is Knower of all things."
    },
    {
      "verseNumber": 12,
      "verseString": "وَأَطِيعُوا اللَّهَ وَأَطِيعُوا الرَّسُولَ ۚ فَإِنْ تَوَلَّيْتُمْ فَإِنَّمَا عَلَىٰ رَسُولِنَا الْبَلَاغُ الْمُبِينُ",
      "verseStringB": "And obey Allāh and obey the Messenger; but if you turn away, the duty of Our Messenger is only to deliver (the message) clearly."
    },
    {
      "verseNumber": 13,
      "verseString": "اللَّهُ لَا إِلَٰهَ إِلَّا هُوَ ۚ وَعَلَى اللَّهِ فَلْيَتَوَكَّلِ الْمُؤْمِنُونَ",
      "verseStringB": "Allāh, there is no God but He. And on Allāh let the believers rely."
    },
    {
      "verseNumber": 14,
      "verseString": "يَا أَيُّهَا الَّذِينَ آمَنُوا إِنَّ مِنْ أَزْوَاجِكُمْ وَأَوْلَادِكُمْ عَدُوًّا لَكُمْ فَاحْذَرُوهُمْ ۚ وَإِنْ تَعْفُوا وَتَصْفَحُوا وَتَغْفِرُوا فَإِنَّ اللَّهَ غَفُورٌ رَحِيمٌ",
      "verseStringB": "O you who believe, surely of your wives and your children there are enemies to you,ᵃ so beware of them. And if you pardon and forbear and forgive, surely Allāh is Forgiving, Merciful."
    },
    {
      "verseNumber": 15,
      "verseString": "إِنَّمَا أَمْوَالُكُمْ وَأَوْلَادُكُمْ فِتْنَةٌ ۚ وَاللَّهُ عِنْدَهُ أَجْرٌ عَظِيمٌ",
      "verseStringB": "Your wealth and your children are only a trial, and Allāh — with Him is a great reward."
    },
    {
      "verseNumber": 16,
      "verseString": "فَاتَّقُوا اللَّهَ مَا اسْتَطَعْتُمْ وَاسْمَعُوا وَأَطِيعُوا وَأَنْفِقُوا خَيْرًا لِأَنْفُسِكُمْ ۗ وَمَنْ يُوقَ شُحَّ نَفْسِهِ فَأُولَٰئِكَ هُمُ الْمُفْلِحُونَ",
      "verseStringB": "So keep your duty to Allāh as much as you can, and hear and obey and spend; it is better for your souls. And whoever is saved from the greediness of his soul, these it is that are the successful."
    },
    {
      "verseNumber": 17,
      "verseString": "إِنْ تُقْرِضُوا اللَّهَ قَرْضًا حَسَنًا يُضَاعِفْهُ لَكُمْ وَيَغْفِرْ لَكُمْ ۚ وَاللَّهُ شَكُورٌ حَلِيمٌ",
      "verseStringB": "If you set apart for Allāh a goodly portion, He will double it for you and forgive you. And Allāh is the Multiplier (of rewards), Forbearing,"
    },
    {
      "verseNumber": 18,
      "verseString": "عَالِمُ الْغَيْبِ وَالشَّهَادَةِ الْعَزِيزُ الْحَكِيمُ",
      "verseStringB": "The Knower of the unseen and the seen, the Mighty, the Wise."
    }
  ],
  "nameEnglish": "Gathering",
  "nameTrans": "at-Taghabun",
  "nameArabic": "الـتغابن",
  "chapterNumber": 64,
  "nVerses": 18,
  "footnotes": [
    {
      "note": "9a. Taghåbun is derived from ghabn, which means the causing of loss to another. Itmay be either in property or in judgment, and ghabintu kadhå means I neglected thething. Yaum al-taghåbun is the day of Resurrection, on account of the manifestation onthat day of the ghabn or the loss (R).The day of Resurrection is called the day of Taghåbun because the loss that a mansuffers is generally hidden from his eyes in this life, and it will be manifest on theJudgment day.\n\n9b. Note that he who acts righteously will have his evil removed, because a changecomes over his life. There is no doubt that, when a complete transformation takes placein the life of a man, the consequences of the evil which he might have previouslywrought are wiped out.\n\n14a. Because it is most often for the sake of one’s wife and children that one actswrongfully towards others. Thus, in some cases the wife or the children become anenemy to man. Note the use of the word min (“of ”), which shows that it is only occasionally that a man is led to an evil course."
    }
  ]
}
