{
  "verses": [
    {
      "verseNumber": 0,
      "verseString": "بِسْمِ اللَّهِ الرَّحْمَٰنِ الرَّحِيمِ",
      "verseStringB": "In the name of Allah, the Compassionate, the Merciful."
    },
    {
      "verseNumber": 1,
      "verseString": "تَبَارَكَ الَّذِي بِيَدِهِ الْمُلْكُ وَهُوَ عَلَىٰ كُلِّ شَيْءٍ قَدِيرٌ",
      "verseStringB": "Blessed is He in Whose hand is the Kingdom, and He is Possessor of power over all things,ᵃ"
    },
    {
      "verseNumber": 2,
      "verseString": "الَّذِي خَلَقَ الْمَوْتَ وَالْحَيَاةَ لِيَبْلُوَكُمْ أَيُّكُمْ أَحْسَنُ عَمَلًا ۚ وَهُوَ الْعَزِيزُ الْغَفُورُ",
      "verseStringB": "Who created death and life that He might try you — which of you is best in deeds. And He is the Mighty, the Forgiving,ᵃ"
    },
    {
      "verseNumber": 3,
      "verseString": "الَّذِي خَلَقَ سَبْعَ سَمَاوَاتٍ طِبَاقًا ۖ مَا تَرَىٰ فِي خَلْقِ الرَّحْمَٰنِ مِنْ تَفَاوُتٍ ۖ فَارْجِعِ الْبَصَرَ هَلْ تَرَىٰ مِنْ فُطُورٍ",
      "verseStringB": "Who created the seven heavens alike.ᵃ Thou seest no incongruity in the creation of the Beneficent. Then look again: Canst thou see any disorder?ᵇ"
    },
    {
      "verseNumber": 4,
      "verseString": "ثُمَّ ارْجِعِ الْبَصَرَ كَرَّتَيْنِ يَنْقَلِبْ إِلَيْكَ الْبَصَرُ خَاسِئًا وَهُوَ حَسِيرٌ",
      "verseStringB": "Then turn the eye again and again — thy look will return to thee confused, while it is fatigued."
    },
    {
      "verseNumber": 5,
      "verseString": "وَلَقَدْ زَيَّنَّا السَّمَاءَ الدُّنْيَا بِمَصَابِيحَ وَجَعَلْنَاهَا رُجُومًا لِلشَّيَاطِينِ ۖ وَأَعْتَدْنَا لَهُمْ عَذَابَ السَّعِيرِ",
      "verseStringB": "And certainly We have adorned this lower heaven with lamps and We make them means of conjectures for the devils,ᵃ and We have prepared for them the chastisement of burning."
    },
    {
      "verseNumber": 6,
      "verseString": "وَلِلَّذِينَ كَفَرُوا بِرَبِّهِمْ عَذَابُ جَهَنَّمَ ۖ وَبِئْسَ الْمَصِيرُ",
      "verseStringB": "And for those who disbelieve in their Lord is the chastisement of hell, and evil is the resort."
    },
    {
      "verseNumber": 7,
      "verseString": "إِذَا أُلْقُوا فِيهَا سَمِعُوا لَهَا شَهِيقًا وَهِيَ تَفُورُ",
      "verseStringB": "When they are cast therein, they will hear a loud moaning of it as it heaves,"
    },
    {
      "verseNumber": 8,
      "verseString": "تَكَادُ تَمَيَّزُ مِنَ الْغَيْظِ ۖ كُلَّمَا أُلْقِيَ فِيهَا فَوْجٌ سَأَلَهُمْ خَزَنَتُهَا أَلَمْ يَأْتِكُمْ نَذِيرٌ",
      "verseStringB": "Almost bursting for fury. Whenever a group is cast into it, its keepers ask them: Did not a warner come to you?"
    },
    {
      "verseNumber": 9,
      "verseString": "قَالُوا بَلَىٰ قَدْ جَاءَنَا نَذِيرٌ فَكَذَّبْنَا وَقُلْنَا مَا نَزَّلَ اللَّهُ مِنْ شَيْءٍ إِنْ أَنْتُمْ إِلَّا فِي ضَلَالٍ كَبِيرٍ",
      "verseStringB": "They say: Yea, indeed a warner came to us, but we denied and said: Allāh has revealed nothing; you are only in great error."
    },
    {
      "verseNumber": 10,
      "verseString": "وَقَالُوا لَوْ كُنَّا نَسْمَعُ أَوْ نَعْقِلُ مَا كُنَّا فِي أَصْحَابِ السَّعِيرِ",
      "verseStringB": "And they say: Had we but listened or pondered, we should not have been among the inmates of the burning Fire."
    },
    {
      "verseNumber": 11,
      "verseString": "فَاعْتَرَفُوا بِذَنْبِهِمْ فَسُحْقًا لِأَصْحَابِ السَّعِيرِ",
      "verseStringB": "Thus they will confess their sins; so far (from good) are the inmates of the burning Fire."
    },
    {
      "verseNumber": 12,
      "verseString": "إِنَّ الَّذِينَ يَخْشَوْنَ رَبَّهُمْ بِالْغَيْبِ لَهُمْ مَغْفِرَةٌ وَأَجْرٌ كَبِيرٌ",
      "verseStringB": "Those who fear their Lord in secret, for them is surely forgiveness and a great reward."
    },
    {
      "verseNumber": 13,
      "verseString": "وَأَسِرُّوا قَوْلَكُمْ أَوِ اجْهَرُوا بِهِ ۖ إِنَّهُ عَلِيمٌ بِذَاتِ الصُّدُورِ",
      "verseStringB": "And conceal your word or manifest it, truly He is Knower of that which is in the hearts."
    },
    {
      "verseNumber": 14,
      "verseString": "أَلَا يَعْلَمُ مَنْ خَلَقَ وَهُوَ اللَّطِيفُ الْخَبِيرُ",
      "verseStringB": "Does He not know Who created? And He is the Knower of subtleties, the Aware."
    },
    {
      "verseNumber": 15,
      "verseString": "هُوَ الَّذِي جَعَلَ لَكُمُ الْأَرْضَ ذَلُولًا فَامْشُوا فِي مَنَاكِبِهَا وَكُلُوا مِنْ رِزْقِهِ ۖ وَإِلَيْهِ النُّشُورُ",
      "verseStringB": "He it is Who made the earth subservient to you, so go about in the spacious sides thereof, and eat of His sustenance. And to Him is the rising (after death)."
    },
    {
      "verseNumber": 16,
      "verseString": "أَأَمِنْتُمْ مَنْ فِي السَّمَاءِ أَنْ يَخْسِفَ بِكُمُ الْأَرْضَ فَإِذَا هِيَ تَمُورُ",
      "verseStringB": "Do you feel secure that He Who is in the heaven will not make the earth to swallow you up? Then lo! it will shake.ᵃ"
    },
    {
      "verseNumber": 17,
      "verseString": "أَمْ أَمِنْتُمْ مَنْ فِي السَّمَاءِ أَنْ يُرْسِلَ عَلَيْكُمْ حَاصِبًا ۖ فَسَتَعْلَمُونَ كَيْفَ نَذِيرِ",
      "verseStringB": "Or do you feel secure that He Who is in the heaven will not send on you a violent wind?ᵃ Then shall you know how (truthful) was My warning!"
    },
    {
      "verseNumber": 18,
      "verseString": "وَلَقَدْ كَذَّبَ الَّذِينَ مِنْ قَبْلِهِمْ فَكَيْفَ كَانَ نَكِيرِ",
      "verseStringB": "And certainly those before them denied, then how (terrible) was My disapproval!"
    },
    {
      "verseNumber": 19,
      "verseString": "أَوَلَمْ يَرَوْا إِلَى الطَّيْرِ فَوْقَهُمْ صَافَّاتٍ وَيَقْبِضْنَ ۚ مَا يُمْسِكُهُنَّ إِلَّا الرَّحْمَٰنُ ۚ إِنَّهُ بِكُلِّ شَيْءٍ بَصِيرٌ",
      "verseStringB": "Do they not see the birds above them spreading and contracting (their wings)? Naught upholds them save the Beneficent. Surely He is Seer of all things.ᵃ"
    },
    {
      "verseNumber": 20,
      "verseString": "أَمَّنْ هَٰذَا الَّذِي هُوَ جُنْدٌ لَكُمْ يَنْصُرُكُمْ مِنْ دُونِ الرَّحْمَٰنِ ۚ إِنِ الْكَافِرُونَ إِلَّا فِي غُرُورٍ",
      "verseStringB": "Or who is it that will be a host for you to help you against the Beneficent? The disbelievers are in naught but delusion."
    },
    {
      "verseNumber": 21,
      "verseString": "أَمَّنْ هَٰذَا الَّذِي يَرْزُقُكُمْ إِنْ أَمْسَكَ رِزْقَهُ ۚ بَلْ لَجُّوا فِي عُتُوٍّ وَنُفُورٍ",
      "verseStringB": "Or who is it that will give you sustenance, if He should withhold His sustenance? Nay, they persist in disdain and aversion.ᵃ"
    },
    {
      "verseNumber": 22,
      "verseString": "أَفَمَنْ يَمْشِي مُكِبًّا عَلَىٰ وَجْهِهِ أَهْدَىٰ أَمَّنْ يَمْشِي سَوِيًّا عَلَىٰ صِرَاطٍ مُسْتَقِيمٍ",
      "verseStringB": "Is, then, he who goes prone upon his face better guided or he who walks upright on a straight path?ᵃ"
    },
    {
      "verseNumber": 23,
      "verseString": "قُلْ هُوَ الَّذِي أَنْشَأَكُمْ وَجَعَلَ لَكُمُ السَّمْعَ وَالْأَبْصَارَ وَالْأَفْئِدَةَ ۖ قَلِيلًا مَا تَشْكُرُونَ",
      "verseStringB": "Say: He it is Who brought you into being and made for you ears and eyes and hearts. Little thanks it is you give!"
    },
    {
      "verseNumber": 24,
      "verseString": "قُلْ هُوَ الَّذِي ذَرَأَكُمْ فِي الْأَرْضِ وَإِلَيْهِ تُحْشَرُونَ",
      "verseStringB": "Say: He it is Who multiplies you in the earth and to Him you will be gathered."
    },
    {
      "verseNumber": 25,
      "verseString": "وَيَقُولُونَ مَتَىٰ هَٰذَا الْوَعْدُ إِنْ كُنْتُمْ صَادِقِينَ",
      "verseStringB": "And they say: When will this threat be (executed), if you are truthful?"
    },
    {
      "verseNumber": 26,
      "verseString": "قُلْ إِنَّمَا الْعِلْمُ عِنْدَ اللَّهِ وَإِنَّمَا أَنَا نَذِيرٌ مُبِينٌ",
      "verseStringB": "Say: The knowledge is with Allāh only, and I am only a plain warner."
    },
    {
      "verseNumber": 27,
      "verseString": "فَلَمَّا رَأَوْهُ زُلْفَةً سِيئَتْ وُجُوهُ الَّذِينَ كَفَرُوا وَقِيلَ هَٰذَا الَّذِي كُنْتُمْ بِهِ تَدَّعُونَ",
      "verseStringB": "But when they see it nigh, the faces of those who disbelieve will be grieved, and it will be said: This is that which you used to call for."
    },
    {
      "verseNumber": 28,
      "verseString": "قُلْ أَرَأَيْتُمْ إِنْ أَهْلَكَنِيَ اللَّهُ وَمَنْ مَعِيَ أَوْ رَحِمَنَا فَمَنْ يُجِيرُ الْكَافِرِينَ مِنْ عَذَابٍ أَلِيمٍ",
      "verseStringB": "Say: Have you considered if Allāh should destroy me and those with me — rather He will have mercy on us — yet who will protect the disbelievers from a painful chastisement?ᵃ"
    },
    {
      "verseNumber": 29,
      "verseString": "قُلْ هُوَ الرَّحْمَٰنُ آمَنَّا بِهِ وَعَلَيْهِ تَوَكَّلْنَا ۖ فَسَتَعْلَمُونَ مَنْ هُوَ فِي ضَلَالٍ مُبِينٍ",
      "verseStringB": "Say: He is the Beneficent — we believe in Him and on Him do we rely. So you will come to know who it is that is in clear error."
    },
    {
      "verseNumber": 30,
      "verseString": "قُلْ أَرَأَيْتُمْ إِنْ أَصْبَحَ مَاؤُكُمْ غَوْرًا فَمَنْ يَأْتِيكُمْ بِمَاءٍ مَعِينٍ",
      "verseStringB": "Say: Have you considered if your water should subside, who is it then that will bring you flowing water?"
    }
  ],
  "nameEnglish": "Sovereignty",
  "nameTrans": "al-Mulk",
  "nameArabic": "الـملك",
  "chapterNumber": 67,
  "nVerses": 30,
  "footnotes": [
    {
      "note": "1a. The short Makkan chapters, which are no doubt generally among the earliestrevelations of the Holy Prophet, often speak most forcibly of the greatness and glory ofAllåh. The statement here that the Kingdom is in Allåh’s hand and that He has powerover all things is like a prophetical statement as to the establishment of the kingdom ofIslåm, which was really the kingdom of God. This is made clear by what Jesus Christsaid: “The kingdom of God shall be taken from you, and given to a nation bringing forththe fruits thereof” (Matt. 21:43).\n\n2a. The law of life and death or growth and decay works throughout nature, but ithas a special meaning in reference to man, because death does not end his life, but isreally the starting-point for a new life of spiritual progress. Life to him below is, therefore, a trial, i.e., a means of bringing to light his hidden qualifications for the performance of good. But life and death have another and a deeper significance for man in thelife and death of nations. Nations that work evil are swept away, and others are raised intheir place that they may do good.\n\n3a. You say, such a thing is Δabq or Δibåq of that, meaning that this thing is thematch of that or conforms or corresponds with that or is the like of that (LL). This significance, moreover, suits the context, for the verse goes on to describe the uniformityprevailing in nature.\n\n3b. Attention is here called to the regularity and uniformity of the laws working innature. There is no incongruity, so that things belonging to the same class should be subject to different laws, nor is there a disorder (fuΔ∂r, which R translates as meaning ikhtilål,i.e., disorder and laxity), so that a law should not work uniformly. The verse, while calling attention to the existence of a Supreme Being, as witnessed in the regularity and uniformity of the laws working in creation, draws special attention to spiritual laws, whichalso work uniformly, and thus evil and good must each bring its special reward.\n\n5a. The lamps with which the lower heaven is lighted, i.e., the stars, are made themeans of conjectures regarding the future by the astrologers. Ruj∂m is the plural of rajm,and explaining it IAth says: “Rajm means conjectures about what Allåh has not stated ”(N). And classing the munajjim, i.e., the astrologer, and the kåhin, i.e., the diviner, andthe så√ir, i.e., the magician, as one, he goes on to say: “Thus he (i.e., the Prophet, whosesaying is explained) considered the astrologer, who learns about stars so that he mayjudge thereby, and attributes to them the effect of good and evil, to be a disbeliever” (N).Explaining these very words, Råghib says: “And rajm is used metaphorically to signifyconjectures and surmises” (R). LL also gives this significance of the verse on the authority of Bd and TA: “We have made them to be means of conjectures to the devils ofmankind, i.e., to the astrologers”. Thus the astrologers, who deceived people by tellingthem many things which they posed as having learned from the stars, are referredto here.\n\n16a. God is spoken of here as being in heaven; elsewhere He is spoken of as beingin heaven and earth alike (43:84); and again He is spoken of as being “with you wherever you are” (57:4). The one thing certain is that God is not in one particular place to theexclusion of other places. Punishment sent by God is often spoken of as coming fromheaven, and it is in reference to the punishment of the deniers of truth that He is spokenof here as being in heaven, or above all, so that none can avert the punishment sent byHim.\n\n17a. The word √å©ib has already been explained in 17:68a. It is derived from √å©abmeaning stones or pebbles that are thrown and means a violent wind that raises dust andpebbles (LL). In the well-known Battle of the Allies, when an army of twenty thousandwas besieging Madßnah and the Muslims were almost helpless against this mighty force,it was a violent wind which put all the hosts to flight; see 33:9b.\n\n19a. Yumsiku-hunna may mean uphold them or withhold them. The withholding ofthe birds signifies the delay of the punishment, for the birds are spoken of as following avictorious army; see 16:79a. The question in the next verse as to who will help themcorroborates this significance.\n\n21a. This is also a prophecy. Their sustenance was withheld in the great faminewhich prevailed at Makkah, prophecies regarding which are met with in the HolyQur’ån in early as well as later revelation; see 44:10a.\n\n22a. One going “prone upon his face” is one who stumbles and falls at every step.Such a one is he who is not guided by truth.\n\n28a. The meaning is that the guilty will by all means be called to account and sufferthe evil consequences of what they have done, whether the Prophet and his companionslive or die, but the uncertainty as to the reward of the righteous is at once removed bythe words rather He will have mercy on us. For au, meaning rather, see LL."
    }
  ]
}
