{
  "verses": [
    {
      "verseNumber": 0,
      "verseString": "بِسْمِ اللَّهِ الرَّحْمَٰنِ الرَّحِيمِ",
      "verseStringB": "In the name of Allah, the Compassionate, the Merciful."
    },
    {
      "verseNumber": 1,
      "verseString": "هَلْ أَتَاكَ حَدِيثُ الْغَاشِيَةِ",
      "verseStringB": "Has there come to thee the news of the Overwhelming Event?ᵃ"
    },
    {
      "verseNumber": 2,
      "verseString": "وُجُوهٌ يَوْمَئِذٍ خَاشِعَةٌ",
      "verseStringB": "Faces on that day will be downcast,"
    },
    {
      "verseNumber": 3,
      "verseString": "عَامِلَةٌ نَاصِبَةٌ",
      "verseStringB": "Labouring, toiling,"
    },
    {
      "verseNumber": 4,
      "verseString": "تَصْلَىٰ نَارًا حَامِيَةً",
      "verseStringB": "Entering burning Fire,"
    },
    {
      "verseNumber": 5,
      "verseString": "تُسْقَىٰ مِنْ عَيْنٍ آنِيَةٍ",
      "verseStringB": "Made to drink from a boiling spring."
    },
    {
      "verseNumber": 6,
      "verseString": "لَيْسَ لَهُمْ طَعَامٌ إِلَّا مِنْ ضَرِيعٍ",
      "verseStringB": "They will have no food but of thorns,"
    },
    {
      "verseNumber": 7,
      "verseString": "لَا يُسْمِنُ وَلَا يُغْنِي مِنْ جُوعٍ",
      "verseStringB": "Neither nourishing nor satisfying hunger."
    },
    {
      "verseNumber": 8,
      "verseString": "وُجُوهٌ يَوْمَئِذٍ نَاعِمَةٌ",
      "verseStringB": "Faces on that day will be happy,"
    },
    {
      "verseNumber": 9,
      "verseString": "لِسَعْيِهَا رَاضِيَةٌ",
      "verseStringB": "Glad for their striving,"
    },
    {
      "verseNumber": 10,
      "verseString": "فِي جَنَّةٍ عَالِيَةٍ",
      "verseStringB": "In a lofty Garden,"
    },
    {
      "verseNumber": 11,
      "verseString": "لَا تَسْمَعُ فِيهَا لَاغِيَةً",
      "verseStringB": "Wherein thou wilt hear no vain talk."
    },
    {
      "verseNumber": 12,
      "verseString": "فِيهَا عَيْنٌ جَارِيَةٌ",
      "verseStringB": "Therein is a fountain flowing."
    },
    {
      "verseNumber": 13,
      "verseString": "فِيهَا سُرُرٌ مَرْفُوعَةٌ",
      "verseStringB": "Therein are thrones raised high,"
    },
    {
      "verseNumber": 14,
      "verseString": "وَأَكْوَابٌ مَوْضُوعَةٌ",
      "verseStringB": "And drinking-cups ready placed,"
    },
    {
      "verseNumber": 15,
      "verseString": "وَنَمَارِقُ مَصْفُوفَةٌ",
      "verseStringB": "And cushions set in rows,"
    },
    {
      "verseNumber": 16,
      "verseString": "وَزَرَابِيُّ مَبْثُوثَةٌ",
      "verseStringB": "And carpets spread out."
    },
    {
      "verseNumber": 17,
      "verseString": "أَفَلَا يَنْظُرُونَ إِلَى الْإِبِلِ كَيْفَ خُلِقَتْ",
      "verseStringB": "See they not the clouds,ᵃ how they are created?"
    },
    {
      "verseNumber": 18,
      "verseString": "وَإِلَى السَّمَاءِ كَيْفَ رُفِعَتْ",
      "verseStringB": "And the heaven, how it is raised high?"
    },
    {
      "verseNumber": 19,
      "verseString": "وَإِلَى الْجِبَالِ كَيْفَ نُصِبَتْ",
      "verseStringB": "And the mountains, how they are fixed?"
    },
    {
      "verseNumber": 20,
      "verseString": "وَإِلَى الْأَرْضِ كَيْفَ سُطِحَتْ",
      "verseStringB": "And the earth, how it is spread out?"
    },
    {
      "verseNumber": 21,
      "verseString": "فَذَكِّرْ إِنَّمَا أَنْتَ مُذَكِّرٌ",
      "verseStringB": "So remind. Thou art only one to remind."
    },
    {
      "verseNumber": 22,
      "verseString": "لَسْتَ عَلَيْهِمْ بِمُصَيْطِرٍ",
      "verseStringB": "Thou art not a warder over them —"
    },
    {
      "verseNumber": 23,
      "verseString": "إِلَّا مَنْ تَوَلَّىٰ وَكَفَرَ",
      "verseStringB": "But whoever turns back and disbelieves,"
    },
    {
      "verseNumber": 24,
      "verseString": "فَيُعَذِّبُهُ اللَّهُ الْعَذَابَ الْأَكْبَرَ",
      "verseStringB": "Allāh will chastise him with the greatest chastisement."
    },
    {
      "verseNumber": 25,
      "verseString": "إِنَّ إِلَيْنَا إِيَابَهُمْ",
      "verseStringB": "Surely to Us is their return."
    },
    {
      "verseNumber": 26,
      "verseString": "ثُمَّ إِنَّ عَلَيْنَا حِسَابَهُمْ",
      "verseStringB": "Then it is for Us to call them to account."
    }
  ],
  "nameEnglish": "The Overwhelming",
  "nameTrans": "al-Ghashiyah",
  "nameArabic": "الغاشـيـة",
  "chapterNumber": 88,
  "nVerses": 26,
  "footnotes": [
    {
      "note": "1a. The Overwhelming Event is no doubt the Resurrection, but the overwhelmingevent of this life is the doom of the opponents of Truth. The description of the twoparties that follows applies to an utterly discomfited and disappointed enemy and to thefaithful in the hour of their triumph.\n\n17a. Ibil means clouds that bear the water for rain (T, LL). As this significancesuits the context better, I adopt this instead of the usual rendering, the camels, the mention of the clouds along with the heavens, where they exist, and with mountains, whichcool the vapours so that they pour down water, and the earth, which benefits by thatwater, being in accordance with what is said in many other places."
    }
  ]
}
